t,M
0,0.0014
1,-0.0126
2,-0.018
3,-0.0184
4,-0.0316
5,-0.0426
6,-0.0386
7,-0.022
8,-0.0264
9,-0.0412
10,-0.0376
11,-0.0264
12,-0.0248
13,-0.0394
14,-0.0524
15,-0.0494
16,-0.0638
17,-0.0704
18,-0.0766
19,-0.0774
20,-0.0744
21,-0.089
22,-0.0912
23,-0.083
24,-0.089
25,-0.0798
26,-0.0844
27,-0.0866
28,-0.0828
29,-0.075
30,-0.0564
31,-0.0578
32,-0.0426
33,-0.0464
34,-0.05
35,-0.0308
36,-0.0414
37,-0.0538
38,-0.065
39,-0.0652
40,-0.0712
41,-0.0856
42,-0.091
43,-0.0848
44,-0.09
45,-0.0782
46,-0.0808
47,-0.077
48,-0.0732
49,-0.0778
50,-0.081
51,-0.081
52,-0.0698
53,-0.0738
54,-0.064
55,-0.0588
56,-0.0528
57,-0.053
58,-0.0572
59,-0.0698
60,-0.0634
61,-0.0704
62,-0.076
63,-0.0804
64,-0.0774
65,-0.0684
66,-0.075
67,-0.0576
68,-0.0538
69,-0.0518
70,-0.067
71,-0.0754
72,-0.0738
73,-0.0674
74,-0.0636
75,-0.0638
76,-0.0516
77,-0.0444
78,-0.043
79,-0.05
80,-0.0464
81,-0.0388
82,-0.0424
83,-0.051
84,-0.0538
85,-0.044
86,-0.072
87,-0.0692
88,-0.0654
89,-0.0554
90,-0.0448
91,-0.0362
92,-0.0304
93,-0.0228
94,-0.025
95,-0.0162
96,-0.0112
97,-0.0196
98,-0.0228
99,-0.0246
100,-0.0374
101,-0.0454
102,-0.0364
103,-0.0446
104,-0.0586
105,-0.0468
106,-0.048
107,-0.0432
108,-0.0334
109,-0.05
110,-0.0384
111,-0.0448
112,-0.0368
113,-0.0332
114,-0.0374
115,-0.0324
116,-0.0344
117,-0.0426
118,-0.0552
119,-0.0664
120,-0.0798
121,-0.0834
122,-0.0794
123,-0.0816
124,-0.091
125,-0.0936
126,-0.0868
127,-0.0908
128,-0.0974
129,-0.107
130,-0.1148
131,-0.104
132,-0.1016
133,-0.1052
134,-0.1124
135,-0.1042
136,-0.0974
137,-0.0946
138,-0.0916
139,-0.0896
140,-0.0898
141,-0.0896
142,-0.0916
143,-0.1014
144,-0.0948
145,-0.094
146,-0.0978
147,-0.113
148,-0.1004
149,-0.1014
150,-0.1196
151,-0.113
152,-0.124
153,-0.1192
154,-0.1138
155,-0.1148
156,-0.1162
157,-0.118
158,-0.1082
159,-0.1188
160,-0.1184
161,-0.1244
162,-0.13
163,-0.1224
164,-0.1176
165,-0.1144
166,-0.1024
167,-0.1072
168,-0.1068
169,-0.104
170,-0.1078
171,-0.116
172,-0.1116
173,-0.1148
174,-0.1118
175,-0.1148
176,-0.1248
177,-0.104
178,-0.1212
179,-0.1102
180,-0.1162
181,-0.112
182,-0.1198
183,-0.1236
184,-0.1198
185,-0.1246
186,-0.1266
187,-0.1328
188,-0.1462
189,-0.1242
190,-0.1378
191,-0.1224
192,-0.127
193,-0.1142
194,-0.0986
195,-0.1046
196,-0.116
197,-0.1198
198,-0.1144
199,-0.1096
200,-0.1092
201,-0.1008
202,-0.099
203,-0.1064
204,-0.1084
205,-0.0972
206,-0.1114
207,-0.1048
208,-0.1058
209,-0.1174
210,-0.1314
211,-0.1234
212,-0.1282
213,-0.1438
214,-0.1398
215,-0.1512
216,-0.1584
217,-0.1662
218,-0.162
219,-0.1674
220,-0.1736
221,-0.1808
222,-0.1768
223,-0.1824
224,-0.1918
225,-0.1914
226,-0.189
227,-0.2008
228,-0.194
229,-0.2016
230,-0.201
231,-0.195
232,-0.1998
233,-0.1872
234,-0.1874
235,-0.1918
236,-0.1868
237,-0.1782
238,-0.1796
239,-0.1974
240,-0.2014
241,-0.2128
242,-0.2166
243,-0.2256
244,-0.2278
245,-0.2218
246,-0.2142
247,-0.2128
248,-0.2274
249,-0.2258
250,-0.2248
251,-0.2278
252,-0.2414
253,-0.2394
254,-0.2388
255,-0.2424
256,-0.2402
257,-0.24
258,-0.2446
259,-0.2574
260,-0.2612
261,-0.2696
262,-0.251
263,-0.273
264,-0.2694
265,-0.2648
266,-0.262
267,-0.277
268,-0.2812
269,-0.2848
270,-0.2796
271,-0.2838
272,-0.2818
273,-0.2822
274,-0.2778
275,-0.2788
276,-0.2658
277,-0.2582
278,-0.2686
279,-0.268
280,-0.2636
281,-0.262
282,-0.2516
283,-0.2502
284,-0.2466
285,-0.2312
286,-0.236
287,-0.2586
288,-0.2528
289,-0.2546
290,-0.2504
291,-0.2438
292,-0.2408
293,-0.2524
294,-0.2574
295,-0.2486
296,-0.255
297,-0.2698
298,-0.2656
299,-0.2708
300,-0.2694
301,-0.2666
302,-0.2488
303,-0.2462
304,-0.239
305,-0.23
306,-0.2368
307,-0.2394
308,-0.2438
309,-0.2424
310,-0.245
311,-0.2502
312,-0.2676
313,-0.269
314,-0.2834
315,-0.2812
316,-0.29
317,-0.293
318,-0.2956
319,-0.2964
320,-0.282
321,-0.2742
322,-0.2878
323,-0.2842
324,-0.2972
325,-0.294
326,-0.2942
327,-0.2804
328,-0.2798
329,-0.2816
330,-0.2756
331,-0.2698
332,-0.2808
333,-0.2864
334,-0.2886
335,-0.2856
336,-0.2796
337,-0.28
338,-0.2724
339,-0.2808
340,-0.3004
341,-0.2964
342,-0.2974
343,-0.2932
344,-0.2936
345,-0.301
346,-0.3086
347,-0.291
348,-0.2916
349,-0.2912
350,-0.2984
351,-0.3024
352,-0.3078
353,-0.3106
354,-0.3094
355,-0.314
356,-0.325
357,-0.3204
358,-0.32
359,-0.3234
360,-0.3148
361,-0.3218
362,-0.3168
363,-0.313
364,-0.3242
365,-0.3284
366,-0.326
367,-0.3212
368,-0.3254
369,-0.3246
370,-0.3108
371,-0.3144
372,-0.3152
373,-0.3186
374,-0.3146
375,-0.3084
376,-0.3084
377,-0.3042
378,-0.3072
379,-0.3048
380,-0.3066
381,-0.3016
382,-0.3088
383,-0.31
384,-0.3156
385,-0.3254
386,-0.3256
387,-0.3214
388,-0.3208
389,-0.3284
390,-0.3228
391,-0.3196
392,-0.329
393,-0.332
394,-0.3414
395,-0.3316
396,-0.3378
397,-0.34
398,-0.3342
399,-0.3432
400,-0.346
401,-0.3368
402,-0.3376
403,-0.3424
404,-0.342
405,-0.3514
406,-0.35
407,-0.3714
408,-0.373
409,-0.3784
410,-0.3748
411,-0.3702
412,-0.37
413,-0.3628
414,-0.3676
415,-0.3748
416,-0.3732
417,-0.3644
418,-0.3784
419,-0.3886
420,-0.368
421,-0.374
422,-0.3714
423,-0.3744
424,-0.37
425,-0.3688
426,-0.3656
427,-0.3658
428,-0.3678
429,-0.3688
430,-0.3708
431,-0.3652
432,-0.3636
433,-0.3678
434,-0.3698
435,-0.369
436,-0.366
437,-0.359
438,-0.3636
439,-0.3694
440,-0.3696
441,-0.372
442,-0.3798
443,-0.3828
444,-0.382
445,-0.382
446,-0.3798
447,-0.3764
448,-0.3804
449,-0.3806
450,-0.379
451,-0.3786
452,-0.3792
453,-0.3714
454,-0.3722
455,-0.3784
456,-0.3754
457,-0.3782
458,-0.3774
459,-0.3844
460,-0.3862
461,-0.3926
462,-0.3892
463,-0.3864
464,-0.3868
465,-0.3728
466,-0.3682
467,-0.3536
468,-0.3366
469,-0.3438
470,-0.3428
471,-0.339
472,-0.3494
473,-0.3544
474,-0.3664
475,-0.374
476,-0.3774
477,-0.3816
478,-0.3768
479,-0.3722
480,-0.3756
481,-0.3728
482,-0.3726
483,-0.3706
484,-0.3728
485,-0.3752
486,-0.3904
487,-0.3978
488,-0.385
489,-0.3902
490,-0.382
491,-0.392
492,-0.3902
493,-0.3976
494,-0.3992
495,-0.4034
496,-0.3986
497,-0.406
498,-0.407
499,-0.3936
500,-0.386
501,-0.399
502,-0.3908
503,-0.3826
504,-0.3924
505,-0.3802
506,-0.3806
507,-0.3732
508,-0.3772
509,-0.3814
510,-0.3828
511,-0.3912
512,-0.3876
513,-0.3908
514,-0.3928
515,-0.3856
516,-0.3912
517,-0.386
518,-0.389
519,-0.387
520,-0.4006
521,-0.3948
522,-0.3942
523,-0.3898
524,-0.3916
525,-0.3834
526,-0.3768
527,-0.3764
528,-0.384
529,-0.3776
530,-0.378
531,-0.3764
532,-0.3886
533,-0.3914
534,-0.4016
535,-0.4018
536,-0.4036
537,-0.4144
538,-0.4034
539,-0.3962
540,-0.3978
541,-0.4048
542,-0.4028
543,-0.4044
544,-0.3978
545,-0.4022
546,-0.4042
547,-0.4176
548,-0.4316
549,-0.4258
550,-0.4208
551,-0.4212
552,-0.4154
553,-0.416
554,-0.4072
555,-0.412
556,-0.3966
557,-0.4004
558,-0.411
559,-0.4158
560,-0.4206
561,-0.4232
562,-0.4046
563,-0.4132
564,-0.4118
565,-0.4112
566,-0.413
567,-0.4102
568,-0.4196
569,-0.4182
570,-0.4166
571,-0.4008
572,-0.3908
573,-0.3852
574,-0.393
575,-0.3808
576,-0.3884
577,-0.3898
578,-0.3972
579,-0.3902
580,-0.3824
581,-0.3792
582,-0.3968
583,-0.398
584,-0.4
585,-0.4034
586,-0.4144
587,-0.4212
588,-0.4298
589,-0.4286
590,-0.4272
591,-0.4266
592,-0.426
593,-0.4226
594,-0.4196
595,-0.4234
596,-0.4304
597,-0.4386
598,-0.4402
599,-0.4356
600,-0.4366
601,-0.4344
602,-0.4294
603,-0.435
604,-0.4364
605,-0.426
606,-0.4132
607,-0.4202
608,-0.4098
609,-0.4108
610,-0.4362
611,-0.4258
612,-0.4212
613,-0.4162
614,-0.4166
615,-0.4138
616,-0.423
617,-0.4306
618,-0.428
619,-0.4362
620,-0.4334
621,-0.4292
622,-0.4304
623,-0.4264
624,-0.427
625,-0.431
626,-0.435
627,-0.433
628,-0.4318
629,-0.4324
630,-0.442
631,-0.428
632,-0.4286
633,-0.4292
634,-0.4204
635,-0.4228
636,-0.4218
637,-0.4456
638,-0.4522
639,-0.455
640,-0.4584
641,-0.4498
642,-0.4496
643,-0.4414
644,-0.4362
645,-0.4338
646,-0.4394
647,-0.4398
648,-0.4448
649,-0.4438
650,-0.446
651,-0.4512
652,-0.4462
653,-0.4396
654,-0.4446
655,-0.4474
656,-0.441
657,-0.4478
658,-0.4602
659,-0.4734
660,-0.4764
661,-0.4816
662,-0.4664
663,-0.4732
664,-0.4696
665,-0.466
666,-0.4566
667,-0.4492
668,-0.4506
669,-0.4598
670,-0.4566
671,-0.452
672,-0.4722
673,-0.4828
674,-0.488
675,-0.4948
676,-0.499
677,-0.4982
678,-0.5012
679,-0.4866
680,-0.4902
681,-0.4864
682,-0.505
683,-0.4968
684,-0.5016
685,-0.5006
686,-0.5006
687,-0.5062
688,-0.5072
689,-0.5164
690,-0.523
691,-0.5206
692,-0.5206
693,-0.5228
694,-0.5102
695,-0.5162
696,-0.5112
697,-0.5114
698,-0.5154
699,-0.5164
700,-0.5168
701,-0.523
702,-0.5308
703,-0.5394
704,-0.54
705,-0.5518
706,-0.5416
707,-0.5428
708,-0.5454
709,-0.5432
710,-0.5448
711,-0.5468
712,-0.5586
713,-0.5574
714,-0.5608
715,-0.558
716,-0.5734
717,-0.5656
718,-0.5586
719,-0.5506
720,-0.5482
721,-0.5486
722,-0.5408
723,-0.5504
724,-0.5508
725,-0.5504
726,-0.5488
727,-0.5528
728,-0.5464
729,-0.5452
730,-0.5554
731,-0.558
732,-0.5492
733,-0.5496
734,-0.5378
735,-0.5488
736,-0.5456
737,-0.541
738,-0.55
739,-0.5428
740,-0.5464
741,-0.5506
742,-0.5554
743,-0.5502
744,-0.5606
745,-0.563
746,-0.5594
747,-0.547
748,-0.5494
749,-0.544
750,-0.5454
751,-0.5396
752,-0.544
753,-0.5396
754,-0.5286
755,-0.522
756,-0.5096
757,-0.5118
758,-0.5218
759,-0.535
760,-0.5368
761,-0.5382
762,-0.5304
763,-0.53
764,-0.5266
765,-0.5176
766,-0.5188
767,-0.5198
768,-0.521
769,-0.5218
770,-0.5436
771,-0.5418
772,-0.541
773,-0.5426
774,-0.5356
775,-0.5412
776,-0.5458
777,-0.543
778,-0.5446
779,-0.5278
780,-0.5258
781,-0.5234
782,-0.5314
783,-0.5286
784,-0.5242
785,-0.5276
786,-0.5314
787,-0.5302
788,-0.5342
789,-0.53
790,-0.5286
791,-0.5276
792,-0.5368
793,-0.5352
794,-0.535
795,-0.5336
796,-0.5294
797,-0.518
798,-0.517
799,-0.5334
800,-0.5232
801,-0.5252
802,-0.5346
803,-0.5274
804,-0.534
805,-0.5318
806,-0.5472
807,-0.5404
808,-0.5404
809,-0.5318
810,-0.5316
811,-0.5336
812,-0.5444
813,-0.5402
814,-0.5488
815,-0.533
816,-0.5412
817,-0.55
818,-0.5526
819,-0.5544
820,-0.5654
821,-0.5698
822,-0.57
823,-0.5718
824,-0.5746
825,-0.5776
826,-0.59
827,-0.5864
828,-0.5814
829,-0.5724
830,-0.5892
831,-0.5882
832,-0.5918
833,-0.5848
834,-0.5858
835,-0.5834
836,-0.5924
837,-0.5866
838,-0.6046
839,-0.6094
840,-0.6124
841,-0.6114
842,-0.6036
843,-0.604
844,-0.6066
845,-0.6048
846,-0.6002
847,-0.5778
848,-0.5676
849,-0.5698
850,-0.5694
851,-0.5716
852,-0.5632
853,-0.5706
854,-0.5706
855,-0.574
856,-0.5796
857,-0.5804
858,-0.5796
859,-0.5756
860,-0.5712
861,-0.5864
862,-0.5838
863,-0.5748
864,-0.5814
865,-0.574
866,-0.5674
867,-0.5702
868,-0.5754
869,-0.5782
870,-0.5666
871,-0.5692
872,-0.5724
873,-0.5754
874,-0.5772
875,-0.5934
876,-0.6112
877,-0.61
878,-0.6106
879,-0.599
880,-0.5982
881,-0.6098
882,-0.5964
883,-0.5864
884,-0.5876
885,-0.5866
886,-0.5918
887,-0.5932
888,-0.5866
889,-0.5914
890,-0.5892
891,-0.5788
892,-0.5862
893,-0.5692
894,-0.5696
895,-0.5704
896,-0.5762
897,-0.586
898,-0.5974
899,-0.593
900,-0.5986
901,-0.589
902,-0.591
903,-0.5914
904,-0.5904
905,-0.5754
906,-0.5736
907,-0.5644
908,-0.5808
909,-0.574
910,-0.5748
911,-0.5834
912,-0.5762
913,-0.5744
914,-0.5712
915,-0.5786
916,-0.5772
917,-0.563
918,-0.5718
919,-0.581
920,-0.577
921,-0.5846
922,-0.5812
923,-0.5978
924,-0.59
925,-0.5808
926,-0.5954
927,-0.5962
928,-0.5916
929,-0.6004
930,-0.6028
931,-0.5984
932,-0.6038
933,-0.6046
934,-0.5976
935,-0.5934
936,-0.59
937,-0.6012
938,-0.597
939,-0.5936
940,-0.6024
941,-0.602
942,-0.6108
943,-0.5984
944,-0.5994
945,-0.587
946,-0.5966
947,-0.5932
948,-0.588
949,-0.589
950,-0.5822
951,-0.5908
952,-0.5762
953,-0.5778
954,-0.581
955,-0.5716
956,-0.5714
957,-0.5724
958,-0.5654
959,-0.5678
960,-0.5718
961,-0.5744
962,-0.575
963,-0.5756
964,-0.5792
965,-0.585
966,-0.59
967,-0.5804
968,-0.5758
969,-0.5728
970,-0.5644
971,-0.5666
972,-0.5696
973,-0.5584
974,-0.5634
975,-0.5528
976,-0.5396
977,-0.5408
978,-0.5546
979,-0.555
980,-0.5574
981,-0.5632
982,-0.563
983,-0.5758
984,-0.5824
985,-0.5764
986,-0.5806
987,-0.5916
988,-0.5802
989,-0.5796
990,-0.5806
991,-0.5902
992,-0.5996
993,-0.5844
994,-0.5876
995,-0.5776
996,-0.573
997,-0.5708
998,-0.5758
999,-0.5714
1000,-0.5744
1001,-0.5784
1002,-0.5868
1003,-0.5854
1004,-0.5828
1005,-0.5832
1006,-0.5844
1007,-0.582
1008,-0.5828
1009,-0.5808
1010,-0.5784
1011,-0.5628
1012,-0.5558
1013,-0.5542
1014,-0.5736
1015,-0.5796
1016,-0.578
1017,-0.5858
1018,-0.5872
1019,-0.5886
1020,-0.6088
1021,-0.6078
1022,-0.6208
1023,-0.615
1024,-0.6276
1025,-0.6238
1026,-0.6292
1027,-0.6254
1028,-0.6284
1029,-0.6362
1030,-0.6292
1031,-0.6306
1032,-0.632
1033,-0.6292
1034,-0.6342
1035,-0.6332
1036,-0.6284
1037,-0.6276
1038,-0.6234
1039,-0.6368
1040,-0.6422
1041,-0.6256
1042,-0.6282
1043,-0.6314
1044,-0.6266
1045,-0.616
1046,-0.6292
1047,-0.6378
1048,-0.6264
1049,-0.641
1050,-0.6368
1051,-0.62
1052,-0.6176
1053,-0.6196
1054,-0.615
1055,-0.612
1056,-0.6064
1057,-0.6064
1058,-0.6118
1059,-0.6118
1060,-0.6048
1061,-0.598
1062,-0.608
1063,-0.6202
1064,-0.626
1065,-0.6186
1066,-0.6202
1067,-0.6196
1068,-0.6174
1069,-0.6282
1070,-0.6218
1071,-0.612
1072,-0.628
1073,-0.6186
1074,-0.627
1075,-0.63
1076,-0.631
1077,-0.6328
1078,-0.6368
1079,-0.6422
1080,-0.641
1081,-0.6396
1082,-0.6462
1083,-0.6488
1084,-0.6488
1085,-0.6554
1086,-0.6416
1087,-0.6422
1088,-0.6358
1089,-0.6394
1090,-0.6304
1091,-0.6198
1092,-0.6176
1093,-0.6284
1094,-0.615
1095,-0.6252
1096,-0.6324
1097,-0.6422
1098,-0.647
1099,-0.6458
1100,-0.657
1101,-0.6498
1102,-0.6498
1103,-0.6492
1104,-0.6584
1105,-0.6528
1106,-0.65
1107,-0.6584
1108,-0.6572
1109,-0.6582
1110,-0.6536
1111,-0.6442
1112,-0.6534
1113,-0.6538
1114,-0.6626
1115,-0.6672
1116,-0.6758
1117,-0.6766
1118,-0.6552
1119,-0.6554
1120,-0.653
1121,-0.6534
1122,-0.661
1123,-0.6596
1124,-0.6604
1125,-0.6544
1126,-0.6492
1127,-0.6582
1128,-0.6548
1129,-0.6498
1130,-0.6432
1131,-0.657
1132,-0.6662
1133,-0.6668
1134,-0.6718
1135,-0.6824
1136,-0.6792
1137,-0.6638
1138,-0.6554
1139,-0.6602
1140,-0.664
1141,-0.661
1142,-0.6632
1143,-0.6716
1144,-0.6736
1145,-0.6754
1146,-0.6686
1147,-0.6754
1148,-0.6606
1149,-0.6538
1150,-0.6486
1151,-0.6486
1152,-0.6428
1153,-0.6512
1154,-0.6602
1155,-0.6612
1156,-0.658
1157,-0.659
1158,-0.6608
1159,-0.642
1160,-0.6464
1161,-0.6558
1162,-0.654
1163,-0.658
1164,-0.6444
1165,-0.6382
1166,-0.648
1167,-0.6614
1168,-0.6666
1169,-0.6566
1170,-0.6554
1171,-0.6626
1172,-0.6612
1173,-0.658
1174,-0.6652
1175,-0.6608
1176,-0.6642
1177,-0.6652
1178,-0.6658
1179,-0.6716
1180,-0.6614
1181,-0.6602
1182,-0.6602
1183,-0.6594
1184,-0.6628
1185,-0.6604
1186,-0.6652
1187,-0.669
1188,-0.6754
1189,-0.6818
1190,-0.6802
1191,-0.6806
1192,-0.6772
1193,-0.6678
1194,-0.663
1195,-0.6614
1196,-0.6642
1197,-0.6616
1198,-0.6596
1199,-0.6542
1200,-0.65
1201,-0.6428
1202,-0.6444
1203,-0.6406
1204,-0.6456
1205,-0.6512
1206,-0.6472
1207,-0.6386
1208,-0.6388
1209,-0.6454
1210,-0.6366
1211,-0.6258
1212,-0.6298
1213,-0.6296
1214,-0.6376
1215,-0.6436
1216,-0.6466
1217,-0.6466
1218,-0.6468
1219,-0.6594
1220,-0.669
1221,-0.6784
1222,-0.67
1223,-0.6748
1224,-0.6766
1225,-0.679
1226,-0.6776
1227,-0.6814
1228,-0.6764
1229,-0.6786
1230,-0.6816
1231,-0.689
1232,-0.6882
1233,-0.6934
1234,-0.6972
1235,-0.6924
1236,-0.6912
1237,-0.693
1238,-0.6892
1239,-0.7046
1240,-0.6958
1241,-0.6918
1242,-0.6896
1243,-0.6828
1244,-0.6768
1245,-0.6784
1246,-0.6814
1247,-0.6758
1248,-0.673
1249,-0.6714
1250,-0.6758
1251,-0.678
1252,-0.6826
1253,-0.6872
1254,-0.69
1255,-0.6806
1256,-0.6698
1257,-0.664
1258,-0.6558
1259,-0.6564
1260,-0.6696
1261,-0.654
1262,-0.6592
1263,-0.6656
1264,-0.6588
1265,-0.6628
1266,-0.647
1267,-0.6454
1268,-0.6478
1269,-0.638
1270,-0.6348
1271,-0.638
1272,-0.643
1273,-0.6374
1274,-0.636
1275,-0.6444
1276,-0.654
1277,-0.6614
1278,-0.6652
1279,-0.6624
1280,-0.6682
1281,-0.6718
1282,-0.6672
1283,-0.6626
1284,-0.664
1285,-0.6556
1286,-0.657
1287,-0.6558
1288,-0.6648
1289,-0.672
1290,-0.671
1291,-0.6794
1292,-0.6788
1293,-0.6744
1294,-0.6666
1295,-0.6692
1296,-0.6588
1297,-0.6514
1298,-0.653
1299,-0.6388
1300,-0.6584
1301,-0.6782
1302,-0.6776
1303,-0.6788
1304,-0.6714
1305,-0.6536
1306,-0.6508
1307,-0.6624
1308,-0.6614
1309,-0.6662
1310,-0.6738
1311,-0.671
1312,-0.6684
1313,-0.6726
1314,-0.6592
1315,-0.6512
1316,-0.664
1317,-0.6604
1318,-0.6632
1319,-0.654
1320,-0.6516
1321,-0.6588
1322,-0.6712
1323,-0.6552
1324,-0.659
1325,-0.6592
1326,-0.6522
1327,-0.6578
1328,-0.663
1329,-0.6704
1330,-0.6762
1331,-0.6648
1332,-0.6736
1333,-0.6736
1334,-0.6804
1335,-0.6726
1336,-0.6734
1337,-0.6772
1338,-0.673
1339,-0.6788
1340,-0.689
1341,-0.6906
1342,-0.706
1343,-0.7042
1344,-0.6944
1345,-0.702
1346,-0.7088
1347,-0.7054
1348,-0.715
1349,-0.7142
1350,-0.6984
1351,-0.7018
1352,-0.7078
1353,-0.6956
1354,-0.6842
1355,-0.6856
1356,-0.6888
1357,-0.6944
1358,-0.6964
1359,-0.6942
1360,-0.691
1361,-0.6954
1362,-0.6978
1363,-0.7036
1364,-0.7046
1365,-0.6954
1366,-0.6872
1367,-0.6852
1368,-0.6806
1369,-0.6862
1370,-0.693
1371,-0.6964
1372,-0.6978
1373,-0.6772
1374,-0.6932
1375,-0.6942
1376,-0.698
1377,-0.689
1378,-0.69
1379,-0.684
1380,-0.6758
1381,-0.6828
1382,-0.6782
1383,-0.6616
1384,-0.6614
1385,-0.668
1386,-0.6628
1387,-0.6618
1388,-0.6498
1389,-0.6578
1390,-0.656
1391,-0.6562
1392,-0.6518
1393,-0.654
1394,-0.6666
1395,-0.6678
1396,-0.6768
1397,-0.6768
1398,-0.6764
1399,-0.6676
1400,-0.6676
1401,-0.6778
1402,-0.6834
1403,-0.6944
1404,-0.68
1405,-0.668
1406,-0.6468
1407,-0.6382
1408,-0.6434
1409,-0.648
1410,-0.653
1411,-0.658
1412,-0.6618
1413,-0.6654
1414,-0.6634
1415,-0.6574
1416,-0.665
1417,-0.6766
1418,-0.6836
1419,-0.6884
1420,-0.684
1421,-0.6788
1422,-0.6678
1423,-0.6612
1424,-0.6578
1425,-0.6592
1426,-0.662
1427,-0.6618
1428,-0.6676
1429,-0.6696
1430,-0.665
1431,-0.6638
1432,-0.6772
1433,-0.6746
1434,-0.6864
1435,-0.6828
1436,-0.675
1437,-0.6664
1438,-0.6606
1439,-0.6576
1440,-0.6556
1441,-0.6518
1442,-0.6508
1443,-0.6536
1444,-0.657
1445,-0.648
1446,-0.648
1447,-0.6514
1448,-0.6328
1449,-0.6252
1450,-0.6306
1451,-0.635
1452,-0.6296
1453,-0.6224
1454,-0.6156
1455,-0.6174
1456,-0.6156
1457,-0.6172
1458,-0.6002
1459,-0.5916
1460,-0.6024
1461,-0.5896
1462,-0.5976
1463,-0.5978
1464,-0.6062
1465,-0.595
1466,-0.5872
1467,-0.5828
1468,-0.5898
1469,-0.576
1470,-0.5874
1471,-0.5894
1472,-0.5822
1473,-0.573
1474,-0.5868
1475,-0.5978
1476,-0.5968
1477,-0.602
1478,-0.603
1479,-0.6062
1480,-0.6064
1481,-0.612
1482,-0.6006
1483,-0.597
1484,-0.5844
1485,-0.5772
1486,-0.5664
1487,-0.5634
1488,-0.572
1489,-0.58
1490,-0.5668
1491,-0.5688
1492,-0.5828
1493,-0.5824
1494,-0.5768
1495,-0.5776
1496,-0.576
1497,-0.5734
1498,-0.5718
1499,-0.5612
1500,-0.5688
1501,-0.574
1502,-0.5742
1503,-0.561
1504,-0.5642
1505,-0.5668
1506,-0.5632
1507,-0.5708
1508,-0.5658
1509,-0.5634
1510,-0.568
1511,-0.5672
1512,-0.5596
1513,-0.5478
1514,-0.5414
1515,-0.539
1516,-0.5604
1517,-0.5542
1518,-0.5618
1519,-0.5658
1520,-0.5638
1521,-0.567
1522,-0.5776
1523,-0.5756
1524,-0.5702
1525,-0.574
1526,-0.5738
1527,-0.5732
1528,-0.5832
1529,-0.5768
1530,-0.5688
1531,-0.5484
1532,-0.5404
1533,-0.5384
1534,-0.5348
1535,-0.5412
1536,-0.5478
1537,-0.5458
1538,-0.5528
1539,-0.5578
1540,-0.5676
1541,-0.5678
1542,-0.5608
1543,-0.5638
1544,-0.5622
1545,-0.5622
1546,-0.5684
1547,-0.575
1548,-0.5702
1549,-0.5802
1550,-0.5718
1551,-0.5714
1552,-0.5704
1553,-0.5568
1554,-0.568
1555,-0.571
1556,-0.5626
1557,-0.5684
1558,-0.5678
1559,-0.5602
1560,-0.5566
1561,-0.5562
1562,-0.5538
1563,-0.5584
1564,-0.5552
1565,-0.5478
1566,-0.5438
1567,-0.5394
1568,-0.5542
1569,-0.5692
1570,-0.5642
1571,-0.568
1572,-0.5658
1573,-0.564
1574,-0.5692
1575,-0.5674
1576,-0.5636
1577,-0.5718
1578,-0.5774
1579,-0.5722
1580,-0.569
1581,-0.5826
1582,-0.5818
1583,-0.5854
1584,-0.594
1585,-0.5862
1586,-0.5844
1587,-0.586
1588,-0.5902
1589,-0.5928
1590,-0.6002
1591,-0.608
1592,-0.6056
1593,-0.6092
1594,-0.597
1595,-0.6024
1596,-0.6022
1597,-0.604
1598,-0.6072
1599,-0.606
1600,-0.6096
1601,-0.6008
1602,-0.6004
1603,-0.6054
1604,-0.6028
1605,-0.5982
1606,-0.5948
1607,-0.582
1608,-0.5814
1609,-0.5918
1610,-0.5956
1611,-0.587
1612,-0.5788
1613,-0.5812
1614,-0.5792
1615,-0.5896
1616,-0.5956
1617,-0.5946
1618,-0.5966
1619,-0.5868
1620,-0.5866
1621,-0.5936
1622,-0.5924
1623,-0.5954
1624,-0.6072
1625,-0.6134
1626,-0.6178
1627,-0.6136
1628,-0.618
1629,-0.6286
1630,-0.6244
1631,-0.6256
1632,-0.6284
1633,-0.6258
1634,-0.6212
1635,-0.6194
1636,-0.6226
1637,-0.6086
1638,-0.6082
1639,-0.6002
1640,-0.6014
1641,-0.5862
1642,-0.5796
1643,-0.5754
1644,-0.5806
1645,-0.5886
1646,-0.5902
1647,-0.5858
1648,-0.591
1649,-0.5836
1650,-0.5808
1651,-0.5862
1652,-0.5844
1653,-0.582
1654,-0.5782
1655,-0.5828
1656,-0.5806
1657,-0.5854
1658,-0.5912
1659,-0.5806
1660,-0.5856
1661,-0.5918
1662,-0.5952
1663,-0.588
1664,-0.5946
1665,-0.5934
1666,-0.6036
1667,-0.6166
1668,-0.6258
1669,-0.6134
1670,-0.6026
1671,-0.5876
1672,-0.5882
1673,-0.5926
1674,-0.5876
1675,-0.5894
1676,-0.5894
1677,-0.5658
1678,-0.5762
1679,-0.5724
1680,-0.565
1681,-0.5588
1682,-0.5666
1683,-0.5602
1684,-0.566
1685,-0.5602
1686,-0.5588
1687,-0.5618
1688,-0.569
1689,-0.563
1690,-0.5646
1691,-0.5632
1692,-0.5488
1693,-0.55
1694,-0.5462
1695,-0.55
1696,-0.5428
1697,-0.5458
1698,-0.5404
1699,-0.5316
1700,-0.5332
1701,-0.529
1702,-0.528
1703,-0.5336
1704,-0.5426
1705,-0.535
1706,-0.5336
1707,-0.536
1708,-0.5294
1709,-0.5418
1710,-0.5438
1711,-0.532
1712,-0.5374
1713,-0.5494
1714,-0.56
1715,-0.557
1716,-0.5546
1717,-0.5552
1718,-0.541
1719,-0.5324
1720,-0.5316
1721,-0.5386
1722,-0.5344
1723,-0.5326
1724,-0.5386
1725,-0.5464
1726,-0.5472
1727,-0.5538
1728,-0.5512
1729,-0.5498
1730,-0.5506
1731,-0.5548
1732,-0.564
1733,-0.5612
1734,-0.5582
1735,-0.5638
1736,-0.5814
1737,-0.5838
1738,-0.586
1739,-0.5772
1740,-0.5838
1741,-0.5702
1742,-0.5668
1743,-0.5708
1744,-0.5706
1745,-0.5804
1746,-0.5808
1747,-0.579
1748,-0.5716
1749,-0.5828
1750,-0.5736
1751,-0.5592
1752,-0.5532
1753,-0.5518
1754,-0.5452
1755,-0.5478
1756,-0.5444
1757,-0.5492
1758,-0.5502
1759,-0.5648
1760,-0.5664
1761,-0.566
1762,-0.5592
1763,-0.5628
1764,-0.5696
1765,-0.5622
1766,-0.5594
1767,-0.5564
1768,-0.5646
1769,-0.5834
1770,-0.5894
1771,-0.5998
1772,-0.5994
1773,-0.5974
1774,-0.599
1775,-0.6128
1776,-0.6028
1777,-0.602
1778,-0.5952
1779,-0.5986
1780,-0.5988
1781,-0.5918
1782,-0.5988
1783,-0.6038
1784,-0.6162
1785,-0.6266
1786,-0.6274
1787,-0.6334
1788,-0.6306
1789,-0.6436
1790,-0.6442
1791,-0.6482
1792,-0.6448
1793,-0.6442
1794,-0.6494
1795,-0.646
1796,-0.6396
1797,-0.6378
1798,-0.645
1799,-0.6252
1800,-0.637
1801,-0.6094
1802,-0.6042
1803,-0.6244
1804,-0.6246
1805,-0.631
1806,-0.6218
1807,-0.621
1808,-0.6208
1809,-0.608
1810,-0.6148
1811,-0.6078
1812,-0.602
1813,-0.6064
1814,-0.6092
1815,-0.5932
1816,-0.5952
1817,-0.61
1818,-0.6044
1819,-0.6032
1820,-0.5998
1821,-0.6106
1822,-0.6106
1823,-0.624
1824,-0.6132
1825,-0.6184
1826,-0.6148
1827,-0.6198
1828,-0.6204
1829,-0.6176
1830,-0.622
1831,-0.6046
1832,-0.5904
1833,-0.5964
1834,-0.6038
1835,-0.613
1836,-0.6044
1837,-0.6004
1838,-0.6014
1839,-0.5988
1840,-0.5948
1841,-0.5952
1842,-0.6022
1843,-0.6022
1844,-0.6088
1845,-0.6176
1846,-0.6062
1847,-0.6172
1848,-0.6194
1849,-0.6106
1850,-0.6076
1851,-0.609
1852,-0.606
1853,-0.6066
1854,-0.6032
1855,-0.5942
1856,-0.5916
1857,-0.6072
1858,-0.6034
1859,-0.6056
1860,-0.6134
1861,-0.6254
1862,-0.6262
1863,-0.6216
1864,-0.616
1865,-0.614
1866,-0.6018
1867,-0.6022
1868,-0.5998
1869,-0.6034
1870,-0.586
1871,-0.5798
1872,-0.589
1873,-0.5888
1874,-0.5876
1875,-0.5928
1876,-0.5926
1877,-0.5994
1878,-0.6068
1879,-0.6106
1880,-0.6098
1881,-0.604
1882,-0.609
1883,-0.609
1884,-0.628
1885,-0.6256
1886,-0.6174
1887,-0.6288
1888,-0.6212
1889,-0.6214
1890,-0.6224
1891,-0.6342
1892,-0.6334
1893,-0.6278
1894,-0.6318
1895,-0.6276
1896,-0.632
1897,-0.6466
1898,-0.6466
1899,-0.6304
1900,-0.6248
1901,-0.627
1902,-0.6222
1903,-0.6252
1904,-0.6196
1905,-0.6148
1906,-0.6084
1907,-0.6162
1908,-0.612
1909,-0.6174
1910,-0.6156
1911,-0.6192
1912,-0.6294
1913,-0.6216
1914,-0.6326
1915,-0.6318
1916,-0.6234
1917,-0.6374
1918,-0.6536
1919,-0.6402
1920,-0.6308
1921,-0.614
1922,-0.61
1923,-0.6
1924,-0.604
1925,-0.6046
1926,-0.5984
1927,-0.6026
1928,-0.6016
1929,-0.5912
1930,-0.6022
1931,-0.5954
1932,-0.5952
1933,-0.5846
1934,-0.5868
1935,-0.6088
1936,-0.6076
1937,-0.611
1938,-0.607
1939,-0.6036
1940,-0.5968
1941,-0.5882
1942,-0.6048
1943,-0.6022
1944,-0.6168
1945,-0.6176
1946,-0.6072
1947,-0.6086
1948,-0.5966
1949,-0.5936
1950,-0.5964
1951,-0.5958
1952,-0.5936
1953,-0.5992
1954,-0.605
1955,-0.61
1956,-0.6016
1957,-0.593
1958,-0.6008
1959,-0.5988
1960,-0.59
1961,-0.5802
1962,-0.5792
1963,-0.568
1964,-0.5844
1965,-0.5804
1966,-0.577
1967,-0.569
1968,-0.5688
1969,-0.572
1970,-0.568
1971,-0.5556
1972,-0.56
1973,-0.5548
1974,-0.558
1975,-0.5582
1976,-0.5622
1977,-0.5714
1978,-0.5646
1979,-0.5682
1980,-0.5576
1981,-0.5572
1982,-0.55
1983,-0.5528
1984,-0.5544
1985,-0.5546
1986,-0.563
1987,-0.5568
1988,-0.5488
1989,-0.557
1990,-0.557
1991,-0.5632
1992,-0.5586
1993,-0.5592
1994,-0.5562
1995,-0.5612
1996,-0.5734
1997,-0.5802
1998,-0.5742
1999,-0.5868
2000,-0.5834
2001,-0.5866
2002,-0.5824
2003,-0.5686
2004,-0.5694
2005,-0.5728
2006,-0.5842
2007,-0.5826
2008,-0.5812
2009,-0.582
2010,-0.5896
2011,-0.5822
2012,-0.5698
2013,-0.5762
2014,-0.5716
2015,-0.5762
2016,-0.576
2017,-0.5702
2018,-0.5668
2019,-0.568
2020,-0.563
2021,-0.5724
2022,-0.573
2023,-0.5876
2024,-0.5774
2025,-0.5754
2026,-0.5816
2027,-0.5736
2028,-0.5784
2029,-0.579
2030,-0.5718
2031,-0.571
2032,-0.569
2033,-0.5668
2034,-0.5624
2035,-0.5714
2036,-0.5716
2037,-0.5592
2038,-0.5596
2039,-0.549
2040,-0.5488
2041,-0.5552
2042,-0.5638
2043,-0.5692
2044,-0.5666
2045,-0.5704
2046,-0.572
2047,-0.5776
2048,-0.575
2049,-0.5782
2050,-0.5798
2051,-0.5824
2052,-0.588
2053,-0.5828
2054,-0.5768
2055,-0.5806
2056,-0.5804
2057,-0.604
2058,-0.6026
2059,-0.616
2060,-0.614
2061,-0.6134
2062,-0.6084
2063,-0.6106
2064,-0.6096
2065,-0.6226
2066,-0.6182
2067,-0.6108
2068,-0.6162
2069,-0.614
2070,-0.623
2071,-0.6182
2072,-0.628
2073,-0.6216
2074,-0.617
2075,-0.614
2076,-0.6064
2077,-0.598
2078,-0.6026
2079,-0.6042
2080,-0.601
2081,-0.605
2082,-0.6168
2083,-0.61
2084,-0.6106
2085,-0.6066
2086,-0.5868
2087,-0.589
2088,-0.5848
2089,-0.5784
2090,-0.5808
2091,-0.5898
2092,-0.5904
2093,-0.5944
2094,-0.5876
2095,-0.5818
2096,-0.582
2097,-0.5804
2098,-0.579
2099,-0.5664
2100,-0.5578
2101,-0.5604
2102,-0.5604
2103,-0.5614
2104,-0.5552
2105,-0.5496
2106,-0.5468
2107,-0.541
2108,-0.5348
2109,-0.5342
2110,-0.5418
2111,-0.5432
2112,-0.542
2113,-0.5408
2114,-0.5426
2115,-0.539
2116,-0.5448
2117,-0.549
2118,-0.5438
2119,-0.5428
2120,-0.5452
2121,-0.5354
2122,-0.5306
2123,-0.5304
2124,-0.5324
2125,-0.5444
2126,-0.5496
2127,-0.555
2128,-0.5626
2129,-0.5588
2130,-0.5644
2131,-0.5556
2132,-0.563
2133,-0.5648
2134,-0.5576
2135,-0.562
2136,-0.5534
2137,-0.5572
2138,-0.5562
2139,-0.5502
2140,-0.5516
2141,-0.5458
2142,-0.5498
2143,-0.5528
2144,-0.5594
2145,-0.5596
2146,-0.5776
2147,-0.5868
2148,-0.5942
2149,-0.591
2150,-0.5872
2151,-0.5928
2152,-0.5896
2153,-0.5932
2154,-0.5946
2155,-0.5928
2156,-0.5992
2157,-0.5956
2158,-0.6012
2159,-0.6008
2160,-0.5956
2161,-0.5896
2162,-0.5912
2163,-0.5886
2164,-0.5886
2165,-0.5886
2166,-0.5812
2167,-0.5732
2168,-0.5738
2169,-0.588
2170,-0.5948
2171,-0.594
2172,-0.6016
2173,-0.6042
2174,-0.6116
2175,-0.6046
2176,-0.5974
2177,-0.6066
2178,-0.616
2179,-0.6144
2180,-0.6178
2181,-0.6204
2182,-0.6014
2183,-0.6008
2184,-0.5976
2185,-0.6034
2186,-0.6168
2187,-0.6244
2188,-0.6058
2189,-0.6096
2190,-0.6062
2191,-0.595
2192,-0.581
2193,-0.5742
2194,-0.5622
2195,-0.5668
2196,-0.5772
2197,-0.5656
2198,-0.5698
2199,-0.5794
2200,-0.5894
2201,-0.5852
2202,-0.577
2203,-0.5676
2204,-0.564
2205,-0.5742
2206,-0.568
2207,-0.5798
2208,-0.571
2209,-0.5754
2210,-0.5768
2211,-0.5768
2212,-0.5796
2213,-0.589
2214,-0.5844
2215,-0.592
2216,-0.5824
2217,-0.5892
2218,-0.5926
2219,-0.5906
2220,-0.5874
2221,-0.5792
2222,-0.5956
2223,-0.5958
2224,-0.586
2225,-0.5946
2226,-0.6052
2227,-0.6034
2228,-0.5998
2229,-0.6048
2230,-0.6024
2231,-0.5944
2232,-0.5968
2233,-0.6098
2234,-0.5984
2235,-0.6034
2236,-0.6136
2237,-0.608
2238,-0.5892
2239,-0.594
2240,-0.5976
2241,-0.5976
2242,-0.5962
2243,-0.5906
2244,-0.5912
2245,-0.5864
2246,-0.585
2247,-0.5928
2248,-0.6002
2249,-0.5998
2250,-0.5988
2251,-0.596
2252,-0.5974
2253,-0.6082
2254,-0.6084
2255,-0.613
2256,-0.5958
2257,-0.585
2258,-0.5858
2259,-0.5818
2260,-0.5766
2261,-0.5766
2262,-0.5672
2263,-0.5728
2264,-0.574
2265,-0.5846
2266,-0.5826
2267,-0.5828
2268,-0.5686
2269,-0.5728
2270,-0.5706
2271,-0.58
2272,-0.5776
2273,-0.5832
2274,-0.5888
2275,-0.59
2276,-0.587
2277,-0.5846
2278,-0.5822
2279,-0.5856
2280,-0.5784
2281,-0.578
2282,-0.577
2283,-0.574
2284,-0.5804
2285,-0.5668
2286,-0.5808
2287,-0.5856
2288,-0.6002
2289,-0.5942
2290,-0.6056
2291,-0.5872
2292,-0.5818
2293,-0.5758
2294,-0.5734
2295,-0.5838
2296,-0.5898
2297,-0.5876
2298,-0.5812
2299,-0.5872
2300,-0.5856
2301,-0.5922
2302,-0.6024
2303,-0.6076
2304,-0.5952
2305,-0.5926
2306,-0.5966
2307,-0.5938
2308,-0.5828
2309,-0.593
2310,-0.59
2311,-0.5894
2312,-0.5916
2313,-0.5964
2314,-0.5942
2315,-0.5954
2316,-0.5898
2317,-0.5994
2318,-0.6118
2319,-0.6224
2320,-0.6228
2321,-0.6228
2322,-0.6222
2323,-0.6272
2324,-0.6254
2325,-0.6264
2326,-0.6328
2327,-0.6466
2328,-0.638
2329,-0.6474
2330,-0.641
2331,-0.6446
2332,-0.6538
2333,-0.6532
2334,-0.6608
2335,-0.6692
2336,-0.6714
2337,-0.6696
2338,-0.6642
2339,-0.6658
2340,-0.6574
2341,-0.6536
2342,-0.6556
2343,-0.6526
2344,-0.6624
2345,-0.6586
2346,-0.6548
2347,-0.6646
2348,-0.664
2349,-0.67
2350,-0.6662
2351,-0.6716
2352,-0.6746
2353,-0.655
2354,-0.6662
2355,-0.677
2356,-0.6802
2357,-0.6808
2358,-0.6782
2359,-0.6818
2360,-0.677
2361,-0.6848
2362,-0.6872
2363,-0.6954
2364,-0.6938
2365,-0.6946
2366,-0.6986
2367,-0.6986
2368,-0.6948
2369,-0.6908
2370,-0.696
2371,-0.693
2372,-0.7024
2373,-0.6984
2374,-0.7062
2375,-0.7018
2376,-0.6986
2377,-0.6958
2378,-0.6854
2379,-0.6944
2380,-0.692
2381,-0.6884
2382,-0.6888
2383,-0.6878
2384,-0.6938
2385,-0.7008
2386,-0.6894
2387,-0.6882
2388,-0.679
2389,-0.6744
2390,-0.684
2391,-0.6848
2392,-0.6892
2393,-0.6904
2394,-0.6908
2395,-0.6942
2396,-0.6872
2397,-0.688
2398,-0.6816
2399,-0.6806
2400,-0.6808
2401,-0.6768
2402,-0.668
2403,-0.6574
2404,-0.652
2405,-0.6508
2406,-0.6534
2407,-0.6468
2408,-0.642
2409,-0.6298
2410,-0.6316
2411,-0.6266
2412,-0.631
2413,-0.6324
2414,-0.6214
2415,-0.6258
2416,-0.6346
2417,-0.6312
2418,-0.6312
2419,-0.6374
2420,-0.641
2421,-0.6378
2422,-0.636
2423,-0.6292
2424,-0.635
2425,-0.6338
2426,-0.6438
2427,-0.6334
2428,-0.6278
2429,-0.6338
2430,-0.6322
2431,-0.6262
2432,-0.637
2433,-0.6466
2434,-0.6542
2435,-0.6598
2436,-0.6532
2437,-0.6542
2438,-0.6508
2439,-0.6516
2440,-0.6514
2441,-0.6506
2442,-0.6642
2443,-0.6732
2444,-0.6666
2445,-0.6692
2446,-0.6682
2447,-0.6714
2448,-0.6724
2449,-0.6876
2450,-0.6838
2451,-0.6824
2452,-0.6916
2453,-0.6916
2454,-0.7118
2455,-0.708
2456,-0.7146
2457,-0.7188
2458,-0.7174
2459,-0.7036
2460,-0.704
2461,-0.715
2462,-0.7138
2463,-0.7136
2464,-0.712
2465,-0.7108
2466,-0.7052
2467,-0.7008
2468,-0.7008
2469,-0.6988
2470,-0.69
2471,-0.68
2472,-0.6938
2473,-0.7024
2474,-0.6986
2475,-0.7068
2476,-0.707
2477,-0.7216
2478,-0.7222
2479,-0.7258
2480,-0.7194
2481,-0.7226
2482,-0.7242
2483,-0.7194
2484,-0.7228
2485,-0.7218
2486,-0.7206
2487,-0.7188
2488,-0.7038
2489,-0.6992
2490,-0.699
2491,-0.7042
2492,-0.703
2493,-0.7076
2494,-0.707
2495,-0.7004
2496,-0.7114
2497,-0.7168
2498,-0.717
2499,-0.7034
2500,-0.7024
2501,-0.7134
2502,-0.72
2503,-0.727
2504,-0.7374
2505,-0.7336
2506,-0.72
2507,-0.718
2508,-0.7188
2509,-0.7134
2510,-0.705
2511,-0.7104
2512,-0.6994
2513,-0.6978
2514,-0.6956
2515,-0.7034
2516,-0.7098
2517,-0.7192
2518,-0.7098
2519,-0.7042
2520,-0.7028
2521,-0.7106
2522,-0.7016
2523,-0.6966
2524,-0.6868
2525,-0.6706
2526,-0.662
2527,-0.651
2528,-0.659
2529,-0.6614
2530,-0.6558
2531,-0.6556
2532,-0.6542
2533,-0.6776
2534,-0.6852
2535,-0.6846
2536,-0.6742
2537,-0.6716
2538,-0.674
2539,-0.683
2540,-0.6904
2541,-0.683
2542,-0.6728
2543,-0.6624
2544,-0.6678
2545,-0.6664
2546,-0.6716
2547,-0.6718
2548,-0.6792
2549,-0.6844
2550,-0.6874
2551,-0.6816
2552,-0.6882
2553,-0.6928
2554,-0.7014
2555,-0.7088
2556,-0.6902
2557,-0.687
2558,-0.6866
2559,-0.6874
2560,-0.6848
2561,-0.6828
2562,-0.686
2563,-0.6906
2564,-0.6996
2565,-0.6942
2566,-0.691
2567,-0.6892
2568,-0.6904
2569,-0.6854
2570,-0.6672
2571,-0.6638
2572,-0.6596
2573,-0.6658
2574,-0.6712
2575,-0.6778
2576,-0.6792
2577,-0.686
2578,-0.696
2579,-0.697
2580,-0.6904
2581,-0.6956
2582,-0.6948
2583,-0.7018
2584,-0.7152
2585,-0.7264
2586,-0.7254
2587,-0.7278
2588,-0.7284
2589,-0.7386
2590,-0.7316
2591,-0.7446
2592,-0.7492
2593,-0.727
2594,-0.7308
2595,-0.7416
2596,-0.7406
2597,-0.7418
2598,-0.7416
2599,-0.7242
2600,-0.7294
2601,-0.7302
2602,-0.7322
2603,-0.7292
2604,-0.7188
2605,-0.722
2606,-0.7154
2607,-0.7202
2608,-0.7186
2609,-0.715
2610,-0.7066
2611,-0.6916
2612,-0.6872
2613,-0.6916
2614,-0.697
2615,-0.7058
2616,-0.7002
2617,-0.6974
2618,-0.6796
2619,-0.676
2620,-0.6796
2621,-0.667
2622,-0.676
2623,-0.678
2624,-0.6856
2625,-0.6974
2626,-0.699
2627,-0.6938
2628,-0.7018
2629,-0.7042
2630,-0.714
2631,-0.7178
2632,-0.7248
2633,-0.7236
2634,-0.7294
2635,-0.7364
2636,-0.7354
2637,-0.735
2638,-0.7364
2639,-0.7416
2640,-0.7362
2641,-0.7352
2642,-0.7452
2643,-0.7484
2644,-0.7354
2645,-0.7276
2646,-0.7198
2647,-0.71
2648,-0.7114
2649,-0.7246
2650,-0.7122
2651,-0.7106
2652,-0.7142
2653,-0.708
2654,-0.7034
2655,-0.695
2656,-0.6994
2657,-0.7098
2658,-0.707
2659,-0.7234
2660,-0.7262
2661,-0.7366
2662,-0.7382
2663,-0.7478
2664,-0.7552
2665,-0.7574
2666,-0.7624
2667,-0.7698
2668,-0.7556
2669,-0.766
2670,-0.7752
2671,-0.7614
2672,-0.7536
2673,-0.7532
2674,-0.7482
2675,-0.7542
2676,-0.7478
2677,-0.7476
2678,-0.7416
2679,-0.7432
2680,-0.7458
2681,-0.7388
2682,-0.745
2683,-0.7346
2684,-0.7388
2685,-0.7374
2686,-0.7386
2687,-0.7462
2688,-0.7422
2689,-0.7482
2690,-0.7436
2691,-0.7426
2692,-0.7404
2693,-0.741
2694,-0.7392
2695,-0.7482
2696,-0.7358
2697,-0.7334
2698,-0.7308
2699,-0.725
2700,-0.7236
2701,-0.7032
2702,-0.7036
2703,-0.7108
2704,-0.7148
2705,-0.7156
2706,-0.708
2707,-0.6906
2708,-0.6962
2709,-0.697
2710,-0.6868
2711,-0.686
2712,-0.6932
2713,-0.6972
2714,-0.6994
2715,-0.689
2716,-0.6788
2717,-0.6708
2718,-0.6756
2719,-0.684
2720,-0.6958
2721,-0.701
2722,-0.7114
2723,-0.708
2724,-0.7064
2725,-0.698
2726,-0.7036
2727,-0.6938
2728,-0.6868
2729,-0.676
2730,-0.683
2731,-0.6926
2732,-0.6932
2733,-0.6938
2734,-0.6832
2735,-0.6616
2736,-0.6628
2737,-0.6668
2738,-0.6618
2739,-0.6608
2740,-0.671
2741,-0.6678
2742,-0.6632
2743,-0.6578
2744,-0.662
2745,-0.6612
2746,-0.6592
2747,-0.6568
2748,-0.652
2749,-0.6614
2750,-0.6776
2751,-0.6846
2752,-0.6836
2753,-0.674
2754,-0.6812
2755,-0.6866
2756,-0.675
2757,-0.6734
2758,-0.6764
2759,-0.6806
2760,-0.6622
2761,-0.6752
2762,-0.67
2763,-0.6754
2764,-0.68
2765,-0.6818
2766,-0.6822
2767,-0.6882
2768,-0.6846
2769,-0.6954
2770,-0.6856
2771,-0.6952
2772,-0.6906
2773,-0.6908
2774,-0.6862
2775,-0.6838
2776,-0.6832
2777,-0.6732
2778,-0.6666
2779,-0.6732
2780,-0.6874
2781,-0.687
2782,-0.6798
2783,-0.6868
2784,-0.6864
2785,-0.6934
2786,-0.6964
2787,-0.694
2788,-0.6932
2789,-0.6886
2790,-0.6878
2791,-0.6882
2792,-0.6988
2793,-0.688
2794,-0.6924
2795,-0.6928
2796,-0.6978
2797,-0.6964
2798,-0.6938
2799,-0.7016
2800,-0.7038
2801,-0.7014
2802,-0.704
2803,-0.6962
2804,-0.684
2805,-0.6972
2806,-0.699
2807,-0.6976
2808,-0.693
2809,-0.6928
2810,-0.7016
2811,-0.6982
2812,-0.7014
2813,-0.708
2814,-0.7124
2815,-0.7086
2816,-0.7094
2817,-0.7112
2818,-0.7072
2819,-0.7068
2820,-0.7012
2821,-0.6948
2822,-0.6888
2823,-0.688
2824,-0.69
2825,-0.6838
2826,-0.6778
2827,-0.6774
2828,-0.6714
2829,-0.6774
2830,-0.6698
2831,-0.6622
2832,-0.654
2833,-0.6586
2834,-0.6602
2835,-0.6538
2836,-0.6688
2837,-0.6754
2838,-0.6842
2839,-0.6776
2840,-0.6768
2841,-0.6796
2842,-0.6812
2843,-0.6884
2844,-0.6968
2845,-0.6888
2846,-0.704
2847,-0.6954
2848,-0.6964
2849,-0.6794
2850,-0.6778
2851,-0.6812
2852,-0.679
2853,-0.6762
2854,-0.6766
2855,-0.6716
2856,-0.6684
2857,-0.6636
2858,-0.6638
2859,-0.6742
2860,-0.6698
2861,-0.6712
2862,-0.6786
2863,-0.6616
2864,-0.6602
2865,-0.6454
2866,-0.6468
2867,-0.6592
2868,-0.6518
2869,-0.6586
2870,-0.6554
2871,-0.6534
2872,-0.6558
2873,-0.663
2874,-0.6564
2875,-0.6474
2876,-0.64
2877,-0.6536
2878,-0.6618
2879,-0.6588
2880,-0.6562
2881,-0.6442
2882,-0.6438
2883,-0.6462
2884,-0.6504
2885,-0.6454
2886,-0.6476
2887,-0.6508
2888,-0.6488
2889,-0.6474
2890,-0.6448
2891,-0.6452
2892,-0.65
2893,-0.6584
2894,-0.655
2895,-0.663
2896,-0.6588
2897,-0.6578
2898,-0.6634
2899,-0.6608
2900,-0.6638
2901,-0.6576
2902,-0.6562
2903,-0.6636
2904,-0.669
2905,-0.6662
2906,-0.6782
2907,-0.6788
2908,-0.677
2909,-0.6768
2910,-0.668
2911,-0.6654
2912,-0.6784
2913,-0.682
2914,-0.6712
2915,-0.6742
2916,-0.6648
2917,-0.6704
2918,-0.6552
2919,-0.6606
2920,-0.669
2921,-0.6654
2922,-0.669
2923,-0.6806
2924,-0.6794
2925,-0.6868
2926,-0.6854
2927,-0.689
2928,-0.6942
2929,-0.6814
2930,-0.6932
2931,-0.707
2932,-0.7026
2933,-0.7162
2934,-0.714
2935,-0.7134
2936,-0.713
2937,-0.7122
2938,-0.6944
2939,-0.7038
2940,-0.705
2941,-0.699
2942,-0.6936
2943,-0.7008
2944,-0.7014
2945,-0.6944
2946,-0.6964
2947,-0.6962
2948,-0.684
2949,-0.6752
2950,-0.6896
2951,-0.6954
2952,-0.6798
2953,-0.6836
2954,-0.6828
2955,-0.684
2956,-0.6892
2957,-0.6892
2958,-0.6914
2959,-0.6966
2960,-0.7018
2961,-0.7092
2962,-0.7122
2963,-0.7134
2964,-0.7226
2965,-0.721
2966,-0.7302
2967,-0.7336
2968,-0.725
2969,-0.7182
2970,-0.7208
2971,-0.7188
2972,-0.7234
2973,-0.7218
2974,-0.721
2975,-0.7208
2976,-0.7192
2977,-0.7172
2978,-0.7138
2979,-0.7136
2980,-0.7168
2981,-0.7192
2982,-0.7234
2983,-0.7302
2984,-0.7218
2985,-0.7096
2986,-0.7138
2987,-0.7076
2988,-0.6978
2989,-0.6874
2990,-0.6894
2991,-0.6924
2992,-0.6892
2993,-0.6832
2994,-0.6796
2995,-0.6836
2996,-0.6706
2997,-0.6628
2998,-0.6614
2999,-0.6608
3000,-0.65
3001,-0.6552
3002,-0.6444
3003,-0.6394
3004,-0.6256
3005,-0.633
3006,-0.6182
3007,-0.6162
3008,-0.6174
3009,-0.6216
3010,-0.629
3011,-0.628
3012,-0.6306
3013,-0.6168
3014,-0.6022
3015,-0.612
3016,-0.6174
3017,-0.6274
3018,-0.6192
3019,-0.6234
3020,-0.6336
3021,-0.6362
3022,-0.6356
3023,-0.6436
3024,-0.6518
3025,-0.6648
3026,-0.6558
3027,-0.6554
3028,-0.6558
3029,-0.6632
3030,-0.6604
3031,-0.659
3032,-0.6616
3033,-0.6568
3034,-0.679
3035,-0.6792
3036,-0.6838
3037,-0.6736
3038,-0.6752
3039,-0.6912
3040,-0.6934
3041,-0.6864
3042,-0.6824
3043,-0.6794
3044,-0.6922
3045,-0.7018
3046,-0.699
3047,-0.6976
3048,-0.6874
3049,-0.686
3050,-0.6838
3051,-0.6692
3052,-0.6804
3053,-0.6826
3054,-0.6814
3055,-0.6776
3056,-0.6782
3057,-0.6674
3058,-0.6714
3059,-0.6724
3060,-0.6752
3061,-0.6774
3062,-0.6738
3063,-0.6786
3064,-0.6798
3065,-0.6848
3066,-0.6828
3067,-0.689
3068,-0.691
3069,-0.69
3070,-0.701
3071,-0.6974
3072,-0.6926
3073,-0.6922
3074,-0.6936
3075,-0.6932
3076,-0.6898
3077,-0.6802
3078,-0.696
3079,-0.6864
3080,-0.6974
3081,-0.6998
3082,-0.6964
3083,-0.6812
3084,-0.685
3085,-0.6818
3086,-0.6848
3087,-0.6772
3088,-0.6636
3089,-0.6578
3090,-0.6686
3091,-0.6748
3092,-0.6632
3093,-0.6566
3094,-0.6618
3095,-0.6658
3096,-0.6718
3097,-0.6824
3098,-0.6706
3099,-0.6758
3100,-0.6746
3101,-0.6874
3102,-0.6822
3103,-0.6826
3104,-0.6892
3105,-0.7006
3106,-0.7016
3107,-0.7136
3108,-0.7056
3109,-0.7018
3110,-0.7044
3111,-0.7064
3112,-0.7034
3113,-0.6928
3114,-0.6934
3115,-0.6966
3116,-0.6986
3117,-0.707
3118,-0.7088
3119,-0.7074
3120,-0.7126
3121,-0.7194
3122,-0.7096
3123,-0.7152
3124,-0.7192
3125,-0.705
3126,-0.7104
3127,-0.6972
3128,-0.6982
3129,-0.6974
3130,-0.7056
3131,-0.7086
3132,-0.7094
3133,-0.709
3134,-0.7
3135,-0.7024
3136,-0.7066
3137,-0.7082
3138,-0.7104
3139,-0.7132
3140,-0.7124
3141,-0.713
3142,-0.71
3143,-0.7032
3144,-0.7032
3145,-0.701
3146,-0.7014
3147,-0.6972
3148,-0.6928
3149,-0.6842
3150,-0.6912
3151,-0.6842
3152,-0.6836
3153,-0.6864
3154,-0.6998
3155,-0.6924
3156,-0.683
3157,-0.6922
3158,-0.6952
3159,-0.7054
3160,-0.7132
3161,-0.7084
3162,-0.698
3163,-0.6868
3164,-0.6912
3165,-0.6992
3166,-0.7022
3167,-0.7006
3168,-0.695
3169,-0.6914
3170,-0.6796
3171,-0.6894
3172,-0.6822
3173,-0.6822
3174,-0.6844
3175,-0.6824
3176,-0.6634
3177,-0.6566
3178,-0.6568
3179,-0.6516
3180,-0.6604
3181,-0.6664
3182,-0.654
3183,-0.6374
3184,-0.6308
3185,-0.6362
3186,-0.6528
3187,-0.6528
3188,-0.6496
3189,-0.653
3190,-0.6538
3191,-0.6548
3192,-0.6428
3193,-0.6516
3194,-0.658
3195,-0.6564
3196,-0.6548
3197,-0.6548
3198,-0.6692
3199,-0.6706
3200,-0.6782
3201,-0.6792
3202,-0.6906
3203,-0.6946
3204,-0.6864
3205,-0.6854
3206,-0.675
3207,-0.681
3208,-0.6862
3209,-0.677
3210,-0.6818
3211,-0.6834
3212,-0.683
3213,-0.6906
3214,-0.695
3215,-0.702
3216,-0.7046
3217,-0.706
3218,-0.6968
3219,-0.6908
3220,-0.6928
3221,-0.695
3222,-0.7
3223,-0.6992
3224,-0.6914
3225,-0.6878
3226,-0.6852
3227,-0.681
3228,-0.6696
3229,-0.66
3230,-0.6504
3231,-0.6562
3232,-0.653
3233,-0.647
3234,-0.6566
3235,-0.6462
3236,-0.6586
3237,-0.6594
3238,-0.6564
3239,-0.654
3240,-0.6638
3241,-0.6492
3242,-0.6396
3243,-0.6262
3244,-0.615
3245,-0.6144
3246,-0.6264
3247,-0.6196
3248,-0.616
3249,-0.62
3250,-0.6176
3251,-0.6196
3252,-0.6184
3253,-0.6394
3254,-0.6284
3255,-0.6326
3256,-0.6282
3257,-0.6284
3258,-0.6288
3259,-0.6242
3260,-0.6148
3261,-0.617
3262,-0.6132
3263,-0.6144
3264,-0.63
3265,-0.6414
3266,-0.6416
3267,-0.6494
3268,-0.6382
3269,-0.6376
3270,-0.6504
3271,-0.6558
3272,-0.6478
3273,-0.653
3274,-0.6388
3275,-0.6398
3276,-0.6284
3277,-0.626
3278,-0.631
3279,-0.6276
3280,-0.6286
3281,-0.6328
3282,-0.6392
3283,-0.644
3284,-0.6414
3285,-0.6348
3286,-0.6324
3287,-0.637
3288,-0.6406
3289,-0.6446
3290,-0.647
3291,-0.6466
3292,-0.6366
3293,-0.6332
3294,-0.6416
3295,-0.6488
3296,-0.633
3297,-0.641
3298,-0.6352
3299,-0.6444
3300,-0.6438
3301,-0.6522
3302,-0.6612
3303,-0.6698
3304,-0.6714
3305,-0.6782
3306,-0.678
3307,-0.6722
3308,-0.6734
3309,-0.6656
3310,-0.6672
3311,-0.6696
3312,-0.6642
3313,-0.6586
3314,-0.6648
3315,-0.6708
3316,-0.6812
3317,-0.6748
3318,-0.6704
3319,-0.6766
3320,-0.6918
3321,-0.6926
3322,-0.6944
3323,-0.7004
3324,-0.6844
3325,-0.6898
3326,-0.699
3327,-0.6826
3328,-0.6788
3329,-0.6862
3330,-0.6886
3331,-0.695
3332,-0.6896
3333,-0.6898
3334,-0.6748
3335,-0.678
3336,-0.6796
3337,-0.6854
3338,-0.6956
3339,-0.6948
3340,-0.7016
3341,-0.6946
3342,-0.6918
3343,-0.6864
3344,-0.6824
3345,-0.6822
3346,-0.6826
3347,-0.674
3348,-0.6794
3349,-0.6754
3350,-0.6774
3351,-0.6738
3352,-0.6674
3353,-0.6668
3354,-0.6786
3355,-0.6796
3356,-0.6826
3357,-0.674
3358,-0.672
3359,-0.6628
3360,-0.6556
3361,-0.6528
3362,-0.6526
3363,-0.6446
3364,-0.653
3365,-0.642
3366,-0.6374
3367,-0.6288
3368,-0.639
3369,-0.6388
3370,-0.6336
3371,-0.636
3372,-0.6414
3373,-0.6356
3374,-0.6282
3375,-0.6344
3376,-0.6374
3377,-0.6336
3378,-0.626
3379,-0.63
3380,-0.6256
3381,-0.6186
3382,-0.6168
3383,-0.6272
3384,-0.614
3385,-0.609
3386,-0.6118
3387,-0.618
3388,-0.6296
3389,-0.6212
3390,-0.6192
3391,-0.637
3392,-0.6308
3393,-0.624
3394,-0.6244
3395,-0.6364
3396,-0.636
3397,-0.632
3398,-0.6368
3399,-0.6488
3400,-0.6576
3401,-0.6538
3402,-0.6596
3403,-0.6648
3404,-0.6616
3405,-0.6614
3406,-0.663
3407,-0.6648
3408,-0.6618
3409,-0.6548
3410,-0.648
3411,-0.6464
3412,-0.6514
3413,-0.6552
3414,-0.6692
3415,-0.6732
3416,-0.6682
3417,-0.6788
3418,-0.6794
3419,-0.6692
3420,-0.6724
3421,-0.677
3422,-0.6836
3423,-0.6644
3424,-0.679
3425,-0.6788
3426,-0.6786
3427,-0.6802
3428,-0.6838
3429,-0.6732
3430,-0.6738
3431,-0.668
3432,-0.6562
3433,-0.6558
3434,-0.6626
3435,-0.661
3436,-0.649
3437,-0.643
3438,-0.642
3439,-0.6442
3440,-0.6632
3441,-0.681
3442,-0.6788
3443,-0.6854
3444,-0.6814
3445,-0.6898
3446,-0.7104
3447,-0.7044
3448,-0.7048
3449,-0.7106
3450,-0.7058
3451,-0.6946
3452,-0.6984
3453,-0.698
3454,-0.6922
3455,-0.6928
3456,-0.6854
3457,-0.6912
3458,-0.6828
3459,-0.6794
3460,-0.6864
3461,-0.678
3462,-0.6774
3463,-0.684
3464,-0.687
3465,-0.679
3466,-0.6778
3467,-0.674
3468,-0.6664
3469,-0.6766
3470,-0.6694
3471,-0.67
3472,-0.6728
3473,-0.6878
3474,-0.7028
3475,-0.7028
3476,-0.7032
3477,-0.7148
3478,-0.708
3479,-0.71
3480,-0.7094
3481,-0.7124
3482,-0.718
3483,-0.7124
3484,-0.7142
3485,-0.714
3486,-0.704
3487,-0.7022
3488,-0.7132
3489,-0.7204
3490,-0.7192
3491,-0.721
3492,-0.7162
3493,-0.7264
3494,-0.727
3495,-0.7264
3496,-0.7298
3497,-0.7206
3498,-0.7142
3499,-0.717
3500,-0.7242
3501,-0.7262
3502,-0.7244
3503,-0.7152
3504,-0.7104
3505,-0.7138
3506,-0.719
3507,-0.7182
3508,-0.7256
3509,-0.726
3510,-0.7186
3511,-0.7122
3512,-0.7154
3513,-0.7154
3514,-0.7164
3515,-0.7166
3516,-0.7048
3517,-0.708
3518,-0.7034
3519,-0.6934
3520,-0.6892
3521,-0.6794
3522,-0.6838
3523,-0.6796
3524,-0.6834
3525,-0.6948
3526,-0.6898
3527,-0.6822
3528,-0.6818
3529,-0.6896
3530,-0.6912
3531,-0.697
3532,-0.693
3533,-0.701
3534,-0.7018
3535,-0.7048
3536,-0.6924
3537,-0.6796
3538,-0.6996
3539,-0.7038
3540,-0.696
3541,-0.6916
3542,-0.69
3543,-0.6828
3544,-0.6916
3545,-0.6938
3546,-0.6856
3547,-0.6842
3548,-0.6826
3549,-0.6786
3550,-0.6714
3551,-0.6646
3552,-0.6798
3553,-0.6826
3554,-0.6816
3555,-0.6774
3556,-0.6644
3557,-0.6652
3558,-0.6698
3559,-0.6724
3560,-0.6694
3561,-0.6596
3562,-0.66
3563,-0.6644
3564,-0.6664
3565,-0.6774
3566,-0.6794
3567,-0.6692
3568,-0.6594
3569,-0.6692
3570,-0.676
3571,-0.6668
3572,-0.6528
3573,-0.647
3574,-0.6424
3575,-0.6426
3576,-0.6392
3577,-0.6378
3578,-0.6396
3579,-0.6394
3580,-0.648
3581,-0.659
3582,-0.644
3583,-0.6504
3584,-0.6632
3585,-0.6718
3586,-0.6702
3587,-0.6782
3588,-0.686
3589,-0.6858
3590,-0.6964
3591,-0.6886
3592,-0.6876
3593,-0.695
3594,-0.694
3595,-0.6876
3596,-0.687
3597,-0.6898
3598,-0.6956
3599,-0.6898
3600,-0.6788
3601,-0.6858
3602,-0.6918
3603,-0.6838
3604,-0.68
3605,-0.6798
3606,-0.6708
3607,-0.6676
3608,-0.665
3609,-0.6668
3610,-0.6836
3611,-0.6802
3612,-0.6878
3613,-0.6726
3614,-0.6676
3615,-0.6658
3616,-0.6638
3617,-0.6634
3618,-0.6582
3619,-0.6632
3620,-0.6632
3621,-0.657
3622,-0.651
3623,-0.6632
3624,-0.6746
3625,-0.6736
3626,-0.668
3627,-0.6684
3628,-0.6584
3629,-0.6574
3630,-0.6554
3631,-0.6516
3632,-0.6634
3633,-0.6606
3634,-0.662
3635,-0.6566
3636,-0.6564
3637,-0.6608
3638,-0.6516
3639,-0.6638
3640,-0.6746
3641,-0.6672
3642,-0.661
3643,-0.656
3644,-0.6632
3645,-0.6648
3646,-0.6582
3647,-0.6466
3648,-0.647
3649,-0.6378
3650,-0.6558
3651,-0.6562
3652,-0.6562
3653,-0.6506
3654,-0.652
3655,-0.6442
3656,-0.6424
3657,-0.638
3658,-0.6506
3659,-0.6532
3660,-0.654
3661,-0.6558
3662,-0.652
3663,-0.6486
3664,-0.6512
3665,-0.6524
3666,-0.647
3667,-0.643
3668,-0.6342
3669,-0.6286
3670,-0.6354
3671,-0.6338
3672,-0.6312
3673,-0.6222
3674,-0.6214
3675,-0.6288
3676,-0.6154
3677,-0.6126
3678,-0.6166
3679,-0.6198
3680,-0.619
3681,-0.635
3682,-0.643
3683,-0.632
3684,-0.6264
3685,-0.6384
3686,-0.6458
3687,-0.6478
3688,-0.655
3689,-0.653
3690,-0.6394
3691,-0.6422
3692,-0.6504
3693,-0.6476
3694,-0.6516
3695,-0.6474
3696,-0.6416
3697,-0.6396
3698,-0.6386
3699,-0.6346
3700,-0.6306
3701,-0.6492
3702,-0.6508
3703,-0.6472
3704,-0.657
3705,-0.6712
3706,-0.6724
3707,-0.6664
3708,-0.6566
3709,-0.6538
3710,-0.653
3711,-0.6442
3712,-0.6372
3713,-0.6486
3714,-0.6436
3715,-0.6548
3716,-0.6578
3717,-0.6556
3718,-0.6508
3719,-0.6484
3720,-0.659
3721,-0.6532
3722,-0.644
3723,-0.6408
3724,-0.6424
3725,-0.6326
3726,-0.6274
3727,-0.6184
3728,-0.6064
3729,-0.6086
3730,-0.6108
3731,-0.618
3732,-0.624
3733,-0.6158
3734,-0.6162
3735,-0.6176
3736,-0.6092
3737,-0.6126
3738,-0.616
3739,-0.6278
3740,-0.6314
3741,-0.6364
3742,-0.639
3743,-0.639
3744,-0.6422
3745,-0.6512
3746,-0.6574
3747,-0.6464
3748,-0.65
3749,-0.6432
3750,-0.6278
3751,-0.6304
3752,-0.638
3753,-0.6414
3754,-0.6446
3755,-0.6624
3756,-0.6598
3757,-0.6562
3758,-0.6578
3759,-0.656
3760,-0.6606
3761,-0.6478
3762,-0.6466
3763,-0.6532
3764,-0.642
3765,-0.6352
3766,-0.6392
3767,-0.6388
3768,-0.6406
3769,-0.6326
3770,-0.622
3771,-0.6218
3772,-0.6256
3773,-0.637
3774,-0.6272
3775,-0.6336
3776,-0.6354
3777,-0.6308
3778,-0.625
3779,-0.6262
3780,-0.6292
3781,-0.6264
3782,-0.6184
3783,-0.6138
3784,-0.6274
3785,-0.645
3786,-0.6414
3787,-0.6458
3788,-0.6428
3789,-0.6514
3790,-0.6494
3791,-0.6526
3792,-0.6534
3793,-0.6554
3794,-0.652
3795,-0.6488
3796,-0.6686
3797,-0.668
3798,-0.6676
3799,-0.6724
3800,-0.6692
3801,-0.6606
3802,-0.6502
3803,-0.6576
3804,-0.6588
3805,-0.6616
3806,-0.6624
3807,-0.6656
3808,-0.6632
3809,-0.6742
3810,-0.68
3811,-0.6784
3812,-0.6942
3813,-0.6864
3814,-0.6982
3815,-0.6986
3816,-0.7012
3817,-0.6934
3818,-0.6812
3819,-0.6758
3820,-0.6754
3821,-0.6708
3822,-0.6736
3823,-0.675
3824,-0.6852
3825,-0.6772
3826,-0.684
3827,-0.6812
3828,-0.68
3829,-0.684
3830,-0.6816
3831,-0.6794
3832,-0.6764
3833,-0.6698
3834,-0.657
3835,-0.6526
3836,-0.6578
3837,-0.665
3838,-0.6594
3839,-0.662
3840,-0.6658
3841,-0.663
3842,-0.664
3843,-0.6662
3844,-0.6742
3845,-0.6798
3846,-0.6776
3847,-0.673
3848,-0.6672
3849,-0.6768
3850,-0.6756
3851,-0.6716
3852,-0.6622
3853,-0.6686
3854,-0.6656
3855,-0.665
3856,-0.6588
3857,-0.6634
3858,-0.659
3859,-0.6522
3860,-0.6548
3861,-0.6498
3862,-0.6628
3863,-0.6584
3864,-0.6616
3865,-0.6632
3866,-0.6562
3867,-0.6618
3868,-0.66
3869,-0.66
3870,-0.6448
3871,-0.6472
3872,-0.6532
3873,-0.651
3874,-0.6524
3875,-0.655
3876,-0.6474
3877,-0.6428
3878,-0.6558
3879,-0.662
3880,-0.672
3881,-0.6804
3882,-0.676
3883,-0.6604
3884,-0.661
3885,-0.654
3886,-0.6602
3887,-0.6622
3888,-0.6596
3889,-0.6516
3890,-0.6588
3891,-0.6624
3892,-0.6674
3893,-0.6676
3894,-0.6652
3895,-0.671
3896,-0.6782
3897,-0.6984
3898,-0.6834
3899,-0.682
3900,-0.6842
3901,-0.6928
3902,-0.6966
3903,-0.691
3904,-0.6972
3905,-0.708
3906,-0.6992
3907,-0.6958
3908,-0.7072
3909,-0.6958
3910,-0.6982
3911,-0.7038
3912,-0.7006
3913,-0.7028
3914,-0.698
3915,-0.6952
3916,-0.7006
3917,-0.6968
3918,-0.7084
3919,-0.7012
3920,-0.6978
3921,-0.7042
3922,-0.7092
3923,-0.7112
3924,-0.704
3925,-0.6948
3926,-0.695
3927,-0.687
3928,-0.6886
3929,-0.685
3930,-0.6948
3931,-0.6996
3932,-0.689
3933,-0.696
3934,-0.6914
3935,-0.6824
3936,-0.678
3937,-0.6706
3938,-0.6676
3939,-0.6808
3940,-0.6658
3941,-0.6716
3942,-0.6772
3943,-0.6842
3944,-0.6906
3945,-0.701
3946,-0.7
3947,-0.6968
3948,-0.703
3949,-0.7054
3950,-0.7128
3951,-0.7128
3952,-0.713
3953,-0.7086
3954,-0.7032
3955,-0.7014
3956,-0.7054
3957,-0.7012
3958,-0.6888
3959,-0.69
3960,-0.6804
3961,-0.6762
3962,-0.6676
3963,-0.676
3964,-0.681
3965,-0.6858
3966,-0.6848
3967,-0.6886
3968,-0.6858
3969,-0.6754
3970,-0.6852
3971,-0.6668
3972,-0.6576
3973,-0.6736
3974,-0.6766
3975,-0.6772
3976,-0.6766
3977,-0.679
3978,-0.6726
3979,-0.6558
3980,-0.6612
3981,-0.6702
3982,-0.6766
3983,-0.6772
3984,-0.6586
3985,-0.6598
3986,-0.6482
3987,-0.6462
3988,-0.6498
3989,-0.6444
3990,-0.6518
3991,-0.65
3992,-0.646
3993,-0.6448
3994,-0.6526
3995,-0.6578
3996,-0.6566
3997,-0.656
3998,-0.6598
3999,-0.6504
4000,-0.656
4001,-0.6464
4002,-0.6444
4003,-0.6538
4004,-0.6572
4005,-0.6652
4006,-0.6552
4007,-0.6594
4008,-0.6742
4009,-0.6642
4010,-0.68
4011,-0.6698
4012,-0.6632
4013,-0.6596
4014,-0.657
4015,-0.6652
4016,-0.6718
4017,-0.679
4018,-0.6678
4019,-0.6794
4020,-0.6894
4021,-0.6918
4022,-0.691
4023,-0.6832
4024,-0.6746
4025,-0.6826
4026,-0.681
4027,-0.685
4028,-0.7016
4029,-0.6958
4030,-0.6822
4031,-0.6804
4032,-0.6686
4033,-0.6752
4034,-0.6742
4035,-0.6832
4036,-0.6894
4037,-0.6996
4038,-0.703
4039,-0.7086
4040,-0.7036
4041,-0.7002
4042,-0.6958
4043,-0.6824
4044,-0.6924
4045,-0.7066
4046,-0.7054
4047,-0.7056
4048,-0.7074
4049,-0.6996
4050,-0.7058
4051,-0.7232
4052,-0.7312
4053,-0.7418
4054,-0.7464
4055,-0.749
4056,-0.7538
4057,-0.7482
4058,-0.7452
4059,-0.7484
4060,-0.7472
4061,-0.738
4062,-0.742
4063,-0.7462
4064,-0.7376
4065,-0.7356
4066,-0.7338
4067,-0.7344
4068,-0.7428
4069,-0.7398
4070,-0.7362
4071,-0.7464
4072,-0.7388
4073,-0.7312
4074,-0.728
4075,-0.7268
4076,-0.7178
4077,-0.712
4078,-0.7148
4079,-0.7156
4080,-0.719
4081,-0.7306
4082,-0.7232
4083,-0.726
4084,-0.7266
4085,-0.7366
4086,-0.746
4087,-0.7346
4088,-0.7426
4089,-0.7408
4090,-0.7478
4091,-0.7472
4092,-0.7486
4093,-0.7622
4094,-0.7566
4095,-0.7674
4096,-0.7624
4097,-0.7666
4098,-0.7596
4099,-0.7582
4100,-0.755
4101,-0.7588
4102,-0.7646
4103,-0.7602
4104,-0.7626
4105,-0.7634
4106,-0.7698
4107,-0.7776
4108,-0.7828
4109,-0.7764
4110,-0.7762
4111,-0.7684
4112,-0.7622
4113,-0.7518
4114,-0.7424
4115,-0.7382
4116,-0.7398
4117,-0.7282
4118,-0.7214
4119,-0.732
4120,-0.74
4121,-0.7466
4122,-0.7326
4123,-0.7326
4124,-0.7284
4125,-0.731
4126,-0.7448
4127,-0.7412
4128,-0.7302
4129,-0.7206
4130,-0.7162
4131,-0.7328
4132,-0.7366
4133,-0.7252
4134,-0.7232
4135,-0.7214
4136,-0.716
4137,-0.7186
4138,-0.7152
4139,-0.7024
4140,-0.706
4141,-0.7118
4142,-0.7092
4143,-0.7082
4144,-0.7068
4145,-0.7136
4146,-0.7102
4147,-0.704
4148,-0.7092
4149,-0.7126
4150,-0.714
4151,-0.7134
4152,-0.7182
4153,-0.7152
4154,-0.7018
4155,-0.7016
4156,-0.688
4157,-0.6848
4158,-0.6922
4159,-0.6826
4160,-0.6864
4161,-0.6686
4162,-0.6736
4163,-0.6668
4164,-0.6644
4165,-0.6646
4166,-0.6748
4167,-0.6814
4168,-0.6732
4169,-0.664
4170,-0.6696
4171,-0.6664
4172,-0.6656
4173,-0.6624
4174,-0.655
4175,-0.6514
4176,-0.6446
4177,-0.6446
4178,-0.6542
4179,-0.647
4180,-0.6462
4181,-0.659
4182,-0.6558
4183,-0.6536
4184,-0.66
4185,-0.6518
4186,-0.668
4187,-0.6546
4188,-0.6694
4189,-0.679
4190,-0.6788
4191,-0.6812
4192,-0.6742
4193,-0.6756
4194,-0.6716
4195,-0.6752
4196,-0.6806
4197,-0.6734
4198,-0.6758
4199,-0.6604
4200,-0.6676
4201,-0.6778
4202,-0.6908
4203,-0.7036
4204,-0.696
4205,-0.6754
4206,-0.6786
4207,-0.688
4208,-0.6868
4209,-0.686
4210,-0.6976
4211,-0.7024
4212,-0.7078
4213,-0.7084
4214,-0.7082
4215,-0.7124
4216,-0.7242
4217,-0.725
4218,-0.7244
4219,-0.7334
4220,-0.7362
4221,-0.7388
4222,-0.7362
4223,-0.7362
4224,-0.7346
4225,-0.7216
4226,-0.7238
4227,-0.7178
4228,-0.7296
4229,-0.7278
4230,-0.7216
4231,-0.7178
4232,-0.7076
4233,-0.6994
4234,-0.6942
4235,-0.6982
4236,-0.6906
4237,-0.7
4238,-0.6934
4239,-0.6862
4240,-0.6862
4241,-0.6912
4242,-0.6942
4243,-0.697
4244,-0.707
4245,-0.7054
4246,-0.6916
4247,-0.6922
4248,-0.6722
4249,-0.6804
4250,-0.6858
4251,-0.6966
4252,-0.6952
4253,-0.6898
4254,-0.6782
4255,-0.6696
4256,-0.6774
4257,-0.6778
4258,-0.6632
4259,-0.661
4260,-0.6502
4261,-0.6546
4262,-0.6646
4263,-0.6688
4264,-0.6572
4265,-0.6442
4266,-0.6496
4267,-0.6544
4268,-0.6596
4269,-0.6618
4270,-0.6646
4271,-0.6784
4272,-0.673
4273,-0.6704
4274,-0.6696
4275,-0.676
4276,-0.6678
4277,-0.6824
4278,-0.6786
4279,-0.6768
4280,-0.6836
4281,-0.6794
4282,-0.6818
4283,-0.6806
4284,-0.686
4285,-0.6856
4286,-0.6886
4287,-0.676
4288,-0.6786
4289,-0.673
4290,-0.671
4291,-0.6532
4292,-0.6662
4293,-0.6814
4294,-0.6724
4295,-0.6752
4296,-0.677
4297,-0.6744
4298,-0.674
4299,-0.6706
4300,-0.6824
4301,-0.6832
4302,-0.6848
4303,-0.6918
4304,-0.694
4305,-0.6958
4306,-0.6982
4307,-0.6996
4308,-0.7034
4309,-0.7072
4310,-0.6924
4311,-0.6982
4312,-0.6994
4313,-0.6954
4314,-0.6932
4315,-0.684
4316,-0.6794
4317,-0.672
4318,-0.671
4319,-0.672
4320,-0.6628
4321,-0.6464
4322,-0.6484
4323,-0.6278
4324,-0.6276
4325,-0.624
4326,-0.6204
4327,-0.616
4328,-0.6176
4329,-0.6152
4330,-0.618
4331,-0.6054
4332,-0.6172
4333,-0.614
4334,-0.625
4335,-0.6174
4336,-0.621
4337,-0.6314
4338,-0.6366
4339,-0.6362
4340,-0.6354
4341,-0.6482
4342,-0.6606
4343,-0.659
4344,-0.6652
4345,-0.6722
4346,-0.6884
4347,-0.6812
4348,-0.6842
4349,-0.6854
4350,-0.6796
4351,-0.6804
4352,-0.6822
4353,-0.686
4354,-0.6816
4355,-0.6826
4356,-0.6678
4357,-0.6672
4358,-0.6662
4359,-0.657
4360,-0.6632
4361,-0.6736
4362,-0.6642
4363,-0.6766
4364,-0.69
4365,-0.6716
4366,-0.6662
4367,-0.664
4368,-0.6608
4369,-0.6686
4370,-0.6594
4371,-0.662
4372,-0.656
4373,-0.6476
4374,-0.6538
4375,-0.6658
4376,-0.6672
4377,-0.67
4378,-0.6706
4379,-0.6634
4380,-0.651
4381,-0.641
4382,-0.637
4383,-0.6308
4384,-0.636
4385,-0.6254
4386,-0.6352
4387,-0.6368
4388,-0.638
4389,-0.6394
4390,-0.6404
4391,-0.6308
4392,-0.6246
4393,-0.6272
4394,-0.6254
4395,-0.6226
4396,-0.6174
4397,-0.6284
4398,-0.6374
4399,-0.6288
4400,-0.6284
4401,-0.635
4402,-0.6404
4403,-0.6496
4404,-0.6438
4405,-0.653
4406,-0.6652
4407,-0.6574
4408,-0.6446
4409,-0.6384
4410,-0.634
4411,-0.6322
4412,-0.6304
4413,-0.6348
4414,-0.6292
4415,-0.634
4416,-0.6216
4417,-0.6304
4418,-0.6454
4419,-0.654
4420,-0.6466
4421,-0.6484
4422,-0.6448
4423,-0.6424
4424,-0.646
4425,-0.6488
4426,-0.6506
4427,-0.6632
4428,-0.6584
4429,-0.6518
4430,-0.6454
4431,-0.644
4432,-0.6458
4433,-0.6478
4434,-0.6496
4435,-0.6466
4436,-0.649
4437,-0.6566
4438,-0.6418
4439,-0.6486
4440,-0.6456
4441,-0.6382
4442,-0.642
4443,-0.6412
4444,-0.6376
4445,-0.6422
4446,-0.652
4447,-0.6492
4448,-0.6498
4449,-0.6556
4450,-0.6448
4451,-0.6406
4452,-0.64
4453,-0.6374
4454,-0.6434
4455,-0.6528
4456,-0.6632
4457,-0.6674
4458,-0.6602
4459,-0.6564
4460,-0.6562
4461,-0.6488
4462,-0.654
4463,-0.6596
4464,-0.655
4465,-0.6538
4466,-0.6424
4467,-0.6506
4468,-0.6496
4469,-0.645
4470,-0.6494
4471,-0.6494
4472,-0.6526
4473,-0.6468
4474,-0.642
4475,-0.6342
4476,-0.6376
4477,-0.6286
4478,-0.6362
4479,-0.6278
4480,-0.6252
4481,-0.6332
4482,-0.635
4483,-0.627
4484,-0.6338
4485,-0.6448
4486,-0.6446
4487,-0.6426
4488,-0.6468
4489,-0.6428
4490,-0.642
4491,-0.635
4492,-0.635
4493,-0.6396
4494,-0.6452
4495,-0.6384
4496,-0.6392
4497,-0.64
4498,-0.6402
4499,-0.6478
4500,-0.6426
4501,-0.6406
4502,-0.6326
4503,-0.6316
4504,-0.6204
4505,-0.6088
4506,-0.6072
4507,-0.6086
4508,-0.611
4509,-0.612
4510,-0.6112
4511,-0.618
4512,-0.619
4513,-0.6286
4514,-0.6372
4515,-0.6384
4516,-0.6402
4517,-0.6478
4518,-0.6394
4519,-0.6416
4520,-0.6402
4521,-0.6414
4522,-0.6504
4523,-0.6414
4524,-0.6358
4525,-0.6312
4526,-0.6368
4527,-0.631
4528,-0.6418
4529,-0.6418
4530,-0.6372
4531,-0.6382
4532,-0.6352
4533,-0.6346
4534,-0.6384
4535,-0.6442
4536,-0.6446
4537,-0.6536
4538,-0.6564
4539,-0.6602
4540,-0.6512
4541,-0.6616
4542,-0.651
4543,-0.649
4544,-0.6454
4545,-0.6392
4546,-0.6388
4547,-0.6458
4548,-0.646
4549,-0.651
4550,-0.6444
4551,-0.6364
4552,-0.6424
4553,-0.6404
4554,-0.639
4555,-0.6388
4556,-0.6274
4557,-0.6282
4558,-0.6324
4559,-0.6396
4560,-0.6366
4561,-0.6308
4562,-0.629
4563,-0.6512
4564,-0.6438
4565,-0.6372
4566,-0.64
4567,-0.6402
4568,-0.641
4569,-0.638
4570,-0.6376
4571,-0.6316
4572,-0.6366
4573,-0.6386
4574,-0.644
4575,-0.6324
4576,-0.6304
4577,-0.6364
4578,-0.6406
4579,-0.6462
4580,-0.6538
4581,-0.6618
4582,-0.6556
4583,-0.6584
4584,-0.6702
4585,-0.664
4586,-0.6466
4587,-0.6404
4588,-0.6534
4589,-0.6496
4590,-0.6506
4591,-0.6554
4592,-0.657
4593,-0.6538
4594,-0.6598
4595,-0.6554
4596,-0.6474
4597,-0.66
4598,-0.6558
4599,-0.6512
4600,-0.6502
4601,-0.6438
4602,-0.6494
4603,-0.6476
4604,-0.6462
4605,-0.6416
4606,-0.6396
4607,-0.6466
4608,-0.651
4609,-0.6548
4610,-0.6538
4611,-0.648
4612,-0.6582
4613,-0.657
4614,-0.6626
4615,-0.6556
4616,-0.6552
4617,-0.6706
4618,-0.6596
4619,-0.6482
4620,-0.637
4621,-0.643
4622,-0.6436
4623,-0.6306
4624,-0.6258
4625,-0.6292
4626,-0.64
4627,-0.645
4628,-0.643
4629,-0.6472
4630,-0.6446
4631,-0.6464
4632,-0.6362
4633,-0.6318
4634,-0.6242
4635,-0.6182
4636,-0.6234
4637,-0.6186
4638,-0.62
4639,-0.6004
4640,-0.606
4641,-0.6046
4642,-0.6082
4643,-0.6062
4644,-0.597
4645,-0.6046
4646,-0.6086
4647,-0.5972
4648,-0.6066
4649,-0.606
4650,-0.6148
4651,-0.6236
4652,-0.631
4653,-0.6276
4654,-0.6216
4655,-0.612
4656,-0.618
4657,-0.611
4658,-0.6188
4659,-0.6228
4660,-0.6094
4661,-0.6218
4662,-0.617
4663,-0.6052
4664,-0.5964
4665,-0.5972
4666,-0.5914
4667,-0.5948
4668,-0.595
4669,-0.6036
4670,-0.609
4671,-0.6118
4672,-0.6166
4673,-0.6116
4674,-0.6108
4675,-0.6184
4676,-0.614
4677,-0.6186
4678,-0.6248
4679,-0.6286
4680,-0.6208
4681,-0.6284
4682,-0.6258
4683,-0.6328
4684,-0.634
4685,-0.6358
4686,-0.629
4687,-0.6188
4688,-0.6186
4689,-0.6152
4690,-0.6208
4691,-0.6132
4692,-0.6094
4693,-0.6166
4694,-0.6162
4695,-0.6174
4696,-0.62
4697,-0.6166
4698,-0.6098
4699,-0.6094
4700,-0.6094
4701,-0.607
4702,-0.5994
4703,-0.6042
4704,-0.595
4705,-0.5978
4706,-0.5876
4707,-0.5998
4708,-0.596
4709,-0.5862
4710,-0.5762
4711,-0.5798
4712,-0.57
4713,-0.5804
4714,-0.568
4715,-0.5786
4716,-0.574
4717,-0.5836
4718,-0.5712
4719,-0.5676
4720,-0.5668
4721,-0.577
4722,-0.5802
4723,-0.5878
4724,-0.5962
4725,-0.5928
4726,-0.59
4727,-0.5968
4728,-0.5942
4729,-0.5966
4730,-0.6074
4731,-0.6082
4732,-0.6102
4733,-0.609
4734,-0.6066
4735,-0.593
4736,-0.581
4737,-0.5704
4738,-0.5724
4739,-0.5806
4740,-0.586
4741,-0.5912
4742,-0.5928
4743,-0.6
4744,-0.5916
4745,-0.5876
4746,-0.59
4747,-0.5994
4748,-0.605
4749,-0.5922
4750,-0.5858
4751,-0.5816
4752,-0.5866
4753,-0.5808
4754,-0.5764
4755,-0.563
4756,-0.556
4757,-0.5558
4758,-0.5578
4759,-0.5544
4760,-0.5554
4761,-0.5496
4762,-0.5586
4763,-0.5662
4764,-0.5714
4765,-0.5652
4766,-0.557
4767,-0.563
4768,-0.5594
4769,-0.5466
4770,-0.5532
4771,-0.5666
4772,-0.5706
4773,-0.569
4774,-0.5668
4775,-0.5806
4776,-0.5806
4777,-0.5656
4778,-0.5694
4779,-0.5622
4780,-0.5556
4781,-0.5622
4782,-0.5658
4783,-0.5626
4784,-0.5788
4785,-0.5762
4786,-0.5812
4787,-0.582
4788,-0.594
4789,-0.5878
4790,-0.5926
4791,-0.5998
4792,-0.5934
4793,-0.5922
4794,-0.5944
4795,-0.5928
4796,-0.6024
4797,-0.604
4798,-0.6178
4799,-0.6108
4800,-0.6124
4801,-0.609
4802,-0.6024
4803,-0.6046
4804,-0.5958
4805,-0.6038
4806,-0.603
4807,-0.6018
4808,-0.6072
4809,-0.604
4810,-0.6066
4811,-0.609
4812,-0.6024
4813,-0.605
4814,-0.5982
4815,-0.6018
4816,-0.6026
4817,-0.603
4818,-0.6156
4819,-0.6082
4820,-0.6074
4821,-0.6102
4822,-0.6012
4823,-0.6
4824,-0.6106
4825,-0.6116
4826,-0.601
4827,-0.6
4828,-0.6126
4829,-0.6172
4830,-0.6062
4831,-0.611
4832,-0.6122
4833,-0.6162
4834,-0.61
4835,-0.615
4836,-0.6114
4837,-0.609
4838,-0.6154
4839,-0.616
4840,-0.616
4841,-0.6148
4842,-0.6148
4843,-0.6186
4844,-0.6184
4845,-0.6138
4846,-0.6162
4847,-0.6112
4848,-0.6042
4849,-0.606
4850,-0.599
4851,-0.6116
4852,-0.6084
4853,-0.6074
4854,-0.605
4855,-0.6032
4856,-0.5998
4857,-0.599
4858,-0.6046
4859,-0.6068
4860,-0.5892
4861,-0.584
4862,-0.5836
4863,-0.5846
4864,-0.5852
4865,-0.5912
4866,-0.591
4867,-0.5868
4868,-0.583
4869,-0.5708
4870,-0.563
4871,-0.554
4872,-0.561
4873,-0.5608
4874,-0.5546
4875,-0.5554
4876,-0.5692
4877,-0.5854
4878,-0.5908
4879,-0.5846
4880,-0.5772
4881,-0.5732
4882,-0.5774
4883,-0.573
4884,-0.578
4885,-0.5722
4886,-0.5824
4887,-0.58
4888,-0.5848
4889,-0.5776
4890,-0.5794
4891,-0.5764
4892,-0.5602
4893,-0.5676
4894,-0.5624
4895,-0.574
4896,-0.568
4897,-0.5638
4898,-0.5674
4899,-0.5642
4900,-0.5678
4901,-0.568
4902,-0.5632
4903,-0.5638
4904,-0.5494
4905,-0.5544
4906,-0.5626
4907,-0.5584
4908,-0.558
4909,-0.547
4910,-0.5464
4911,-0.549
4912,-0.5422
4913,-0.5298
4914,-0.5206
4915,-0.5146
4916,-0.5156
4917,-0.5128
4918,-0.5178
4919,-0.526
4920,-0.5416
4921,-0.5432
4922,-0.5382
4923,-0.53
4924,-0.518
4925,-0.5246
4926,-0.531
4927,-0.5316
4928,-0.53
4929,-0.5188
4930,-0.5262
4931,-0.5278
4932,-0.5296
4933,-0.5136
4934,-0.5012
4935,-0.5048
4936,-0.4944
4937,-0.503
4938,-0.5022
4939,-0.501
4940,-0.5062
4941,-0.5262
4942,-0.541
4943,-0.5446
4944,-0.5298
4945,-0.524
4946,-0.531
4947,-0.5198
4948,-0.519
4949,-0.5158
4950,-0.5178
4951,-0.5154
4952,-0.5188
4953,-0.5264
4954,-0.5244
4955,-0.5284
4956,-0.5342
4957,-0.5404
4958,-0.5432
4959,-0.556
4960,-0.5618
4961,-0.575
4962,-0.567
4963,-0.5678
4964,-0.5512
4965,-0.536
4966,-0.5426
4967,-0.5418
4968,-0.5374
4969,-0.5278
4970,-0.5122
4971,-0.5136
4972,-0.5124
4973,-0.507
4974,-0.5066
4975,-0.5048
4976,-0.5062
4977,-0.5102
4978,-0.5282
4979,-0.5336
4980,-0.5362
4981,-0.527
4982,-0.5264
4983,-0.5144
4984,-0.5214
4985,-0.5424
4986,-0.5484
4987,-0.5432
4988,-0.5368
4989,-0.5382
4990,-0.5358
4991,-0.5324
4992,-0.5382
4993,-0.5448
4994,-0.5492
4995,-0.5572
4996,-0.561
4997,-0.5706
4998,-0.5766
4999,-0.5732
5000,-0.579
5001,-0.577
5002,-0.5658
5003,-0.5528
5004,-0.5416
5005,-0.5426
5006,-0.5564
5007,-0.5666
5008,-0.57
5009,-0.5674
5010,-0.5552
5011,-0.557
5012,-0.5576
5013,-0.539
5014,-0.5476
5015,-0.541
5016,-0.5466
5017,-0.543
5018,-0.532
5019,-0.5194
5020,-0.5196
5021,-0.517
5022,-0.5226
5023,-0.5076
5024,-0.5004
5025,-0.4972
5026,-0.5074
5027,-0.5144
5028,-0.5176
5029,-0.516
5030,-0.513
5031,-0.5
5032,-0.5018
5033,-0.5078
5034,-0.508
5035,-0.4968
5036,-0.4932
5037,-0.4882
5038,-0.4876
5039,-0.4886
5040,-0.5006
5041,-0.5038
5042,-0.5088
5043,-0.5074
5044,-0.5106
5045,-0.5102
5046,-0.5114
5047,-0.512
5048,-0.5214
5049,-0.5094
5050,-0.5088
5051,-0.5072
5052,-0.4976
5053,-0.4832
5054,-0.4828
5055,-0.49
5056,-0.4966
5057,-0.4992
5058,-0.5016
5059,-0.5062
5060,-0.5182
5061,-0.5084
5062,-0.5082
5063,-0.5114
5064,-0.5086
5065,-0.4972
5066,-0.5006
5067,-0.5036
5068,-0.5008
5069,-0.4934
5070,-0.5008
5071,-0.4954
5072,-0.4948
5073,-0.4976
5074,-0.4924
5075,-0.5032
5076,-0.4974
5077,-0.4958
5078,-0.4954
5079,-0.4958
5080,-0.488
5081,-0.4962
5082,-0.4998
5083,-0.4992
5084,-0.4966
5085,-0.5004
5086,-0.504
5087,-0.4988
5088,-0.4898
5089,-0.4868
5090,-0.5032
5091,-0.5042
5092,-0.4988
5093,-0.504
5094,-0.511
5095,-0.514
5096,-0.5148
5097,-0.5148
5098,-0.5098
5099,-0.513
5100,-0.5114
5101,-0.506
5102,-0.5104
5103,-0.515
5104,-0.5214
5105,-0.5206
5106,-0.5052
5107,-0.5034
5108,-0.5168
5109,-0.5192
5110,-0.509
5111,-0.4996
5112,-0.515
5113,-0.5068
5114,-0.514
5115,-0.5056
5116,-0.5062
5117,-0.5164
5118,-0.5152
5119,-0.5072
5120,-0.5
5121,-0.4988
5122,-0.499
5123,-0.4942
5124,-0.4986
5125,-0.5006
5126,-0.5164
5127,-0.5078
5128,-0.5076
5129,-0.513
5130,-0.5262
5131,-0.5244
5132,-0.538
5133,-0.5368
5134,-0.5344
5135,-0.5434
5136,-0.5396
5137,-0.535
5138,-0.5216
5139,-0.5164
5140,-0.5206
5141,-0.5152
5142,-0.5286
5143,-0.5202
5144,-0.512
5145,-0.5152
5146,-0.5156
5147,-0.5126
5148,-0.5174
5149,-0.5158
5150,-0.5104
5151,-0.4964
5152,-0.4964
5153,-0.496
5154,-0.4932
5155,-0.497
5156,-0.4886
5157,-0.4884
5158,-0.4926
5159,-0.4928
5160,-0.482
5161,-0.4848
5162,-0.4812
5163,-0.4814
5164,-0.4864
5165,-0.4884
5166,-0.4862
5167,-0.4808
5168,-0.4732
5169,-0.4726
5170,-0.4624
5171,-0.4608
5172,-0.4682
5173,-0.4718
5174,-0.4856
5175,-0.4796
5176,-0.4926
5177,-0.4982
5178,-0.5022
5179,-0.4978
5180,-0.4956
5181,-0.4904
5182,-0.5004
5183,-0.5098
5184,-0.503
5185,-0.4974
5186,-0.4964
5187,-0.4986
5188,-0.498
5189,-0.4898
5190,-0.4794
5191,-0.4854
5192,-0.4786
5193,-0.4726
5194,-0.4618
5195,-0.4536
5196,-0.4498
5197,-0.4528
5198,-0.438
5199,-0.4478
5200,-0.451
5201,-0.4564
5202,-0.4612
5203,-0.4576
5204,-0.452
5205,-0.4498
5206,-0.4442
5207,-0.4568
5208,-0.46
5209,-0.4602
5210,-0.4536
5211,-0.4568
5212,-0.4476
5213,-0.4514
5214,-0.455
5215,-0.4556
5216,-0.4556
5217,-0.454
5218,-0.4528
5219,-0.4518
5220,-0.4576
5221,-0.4522
5222,-0.45
5223,-0.4604
5224,-0.4618
5225,-0.4664
5226,-0.4608
5227,-0.4492
5228,-0.4476
5229,-0.4506
5230,-0.471
5231,-0.4748
5232,-0.4848
5233,-0.4816
5234,-0.494
5235,-0.4902
5236,-0.4912
5237,-0.494
5238,-0.4966
5239,-0.4938
5240,-0.4844
5241,-0.5012
5242,-0.4886
5243,-0.4888
5244,-0.4918
5245,-0.4868
5246,-0.4896
5247,-0.4906
5248,-0.4906
5249,-0.491
5250,-0.4914
5251,-0.4824
5252,-0.4788
5253,-0.4714
5254,-0.4772
5255,-0.4778
5256,-0.4766
5257,-0.4686
5258,-0.476
5259,-0.466
5260,-0.4758
5261,-0.4696
5262,-0.4722
5263,-0.4786
5264,-0.4844
5265,-0.482
5266,-0.489
5267,-0.4828
5268,-0.4826
5269,-0.4762
5270,-0.4726
5271,-0.481
5272,-0.4856
5273,-0.4912
5274,-0.5068
5275,-0.4992
5276,-0.4908
5277,-0.491
5278,-0.4894
5279,-0.4896
5280,-0.4976
5281,-0.4988
5282,-0.5036
5283,-0.5032
5284,-0.5104
5285,-0.501
5286,-0.5066
5287,-0.518
5288,-0.516
5289,-0.5078
5290,-0.4982
5291,-0.4996
5292,-0.4942
5293,-0.5072
5294,-0.5154
5295,-0.5074
5296,-0.5036
5297,-0.5022
5298,-0.5008
5299,-0.5016
5300,-0.4968
5301,-0.5184
5302,-0.5072
5303,-0.5054
5304,-0.5066
5305,-0.5054
5306,-0.5068
5307,-0.4872
5308,-0.4824
5309,-0.4814
5310,-0.4898
5311,-0.489
5312,-0.4856
5313,-0.4942
5314,-0.4886
5315,-0.484
5316,-0.4934
5317,-0.4916
5318,-0.484
5319,-0.5008
5320,-0.499
5321,-0.4906
5322,-0.4938
5323,-0.4946
5324,-0.496
5325,-0.4994
5326,-0.4898
5327,-0.4926
5328,-0.5028
5329,-0.5062
5330,-0.5042
5331,-0.5006
5332,-0.4946
5333,-0.497
5334,-0.4788
5335,-0.478
5336,-0.477
5337,-0.4684
5338,-0.4704
5339,-0.4614
5340,-0.4616
5341,-0.466
5342,-0.4512
5343,-0.4436
5344,-0.4476
5345,-0.443
5346,-0.4314
5347,-0.43
5348,-0.43
5349,-0.4396
5350,-0.4396
5351,-0.444
5352,-0.4464
5353,-0.4606
5354,-0.469
5355,-0.4604
5356,-0.4758
5357,-0.4756
5358,-0.4824
5359,-0.4832
5360,-0.4974
5361,-0.5002
5362,-0.5002
5363,-0.5108
5364,-0.5178
5365,-0.5126
5366,-0.4954
5367,-0.4994
5368,-0.513
5369,-0.508
5370,-0.4958
5371,-0.5036
5372,-0.502
5373,-0.5022
5374,-0.5012
5375,-0.5086
5376,-0.5148
5377,-0.508
5378,-0.508
5379,-0.5232
5380,-0.5218
5381,-0.5154
5382,-0.5112
5383,-0.5012
5384,-0.4922
5385,-0.4892
5386,-0.4982
5387,-0.5016
5388,-0.4968
5389,-0.496
5390,-0.492
5391,-0.4926
5392,-0.4986
5393,-0.4962
5394,-0.4894
5395,-0.4856
5396,-0.4844
5397,-0.4898
5398,-0.4826
5399,-0.503
5400,-0.507
5401,-0.5046
5402,-0.5024
5403,-0.502
5404,-0.5096
5405,-0.5058
5406,-0.5028
5407,-0.5042
5408,-0.495
5409,-0.4932
5410,-0.4898
5411,-0.4778
5412,-0.486
5413,-0.4892
5414,-0.4798
5415,-0.4884
5416,-0.4752
5417,-0.469
5418,-0.458
5419,-0.4542
5420,-0.4634
5421,-0.4704
5422,-0.479
5423,-0.4906
5424,-0.4784
5425,-0.4962
5426,-0.4964
5427,-0.4932
5428,-0.4928
5429,-0.4888
5430,-0.4842
5431,-0.474
5432,-0.4788
5433,-0.4716
5434,-0.4788
5435,-0.4856
5436,-0.4782
5437,-0.4926
5438,-0.4748
5439,-0.4576
5440,-0.4568
5441,-0.4592
5442,-0.4618
5443,-0.4616
5444,-0.4618
5445,-0.4672
5446,-0.4604
5447,-0.4648
5448,-0.4592
5449,-0.4582
5450,-0.4698
5451,-0.456
5452,-0.457
5453,-0.463
5454,-0.4514
5455,-0.4402
5456,-0.4444
5457,-0.4386
5458,-0.4306
5459,-0.4278
5460,-0.4342
5461,-0.4258
5462,-0.4184
5463,-0.4132
5464,-0.4134
5465,-0.4212
5466,-0.4186
5467,-0.4128
5468,-0.3966
5469,-0.4012
5470,-0.4104
5471,-0.394
5472,-0.3944
5473,-0.4028
5474,-0.4066
5475,-0.4006
5476,-0.4024
5477,-0.4064
5478,-0.3954
5479,-0.4028
5480,-0.4056
5481,-0.406
5482,-0.4156
5483,-0.4144
5484,-0.4188
5485,-0.41
5486,-0.4154
5487,-0.417
5488,-0.4224
5489,-0.4296
5490,-0.4446
5491,-0.437
5492,-0.4446
5493,-0.4324
5494,-0.442
5495,-0.4496
5496,-0.4596
5497,-0.4628
5498,-0.4558
5499,-0.4504
5500,-0.4566
5501,-0.4548
5502,-0.459
5503,-0.4496
5504,-0.4374
5505,-0.446
5506,-0.4584
5507,-0.4436
5508,-0.4444
5509,-0.438
5510,-0.438
5511,-0.4364
5512,-0.4358
5513,-0.4348
5514,-0.4336
5515,-0.4272
5516,-0.423
5517,-0.4424
5518,-0.439
5519,-0.4438
5520,-0.4424
5521,-0.4402
5522,-0.4428
5523,-0.4374
5524,-0.429
5525,-0.436
5526,-0.4288
5527,-0.4264
5528,-0.4236
5529,-0.4198
5530,-0.419
5531,-0.4158
5532,-0.4152
5533,-0.4126
5534,-0.4108
5535,-0.4068
5536,-0.4
5537,-0.3928
5538,-0.3872
5539,-0.3932
5540,-0.406
5541,-0.408
5542,-0.4002
5543,-0.397
5544,-0.4002
5545,-0.401
5546,-0.4028
5547,-0.403
5548,-0.4014
5549,-0.3896
5550,-0.3886
5551,-0.3812
5552,-0.3706
5553,-0.3754
5554,-0.3832
5555,-0.3816
5556,-0.3798
5557,-0.3782
5558,-0.375
5559,-0.375
5560,-0.37
5561,-0.3612
5562,-0.3728
5563,-0.3692
5564,-0.3598
5565,-0.3498
5566,-0.3558
5567,-0.354
5568,-0.3614
5569,-0.36
5570,-0.3642
5571,-0.3638
5572,-0.3654
5573,-0.3604
5574,-0.3666
5575,-0.3466
5576,-0.3512
5577,-0.3552
5578,-0.3448
5579,-0.3354
5580,-0.3348
5581,-0.343
5582,-0.3368
5583,-0.3276
5584,-0.3338
5585,-0.3306
5586,-0.3276
5587,-0.3434
5588,-0.3458
5589,-0.3542
5590,-0.3468
5591,-0.3516
5592,-0.342
5593,-0.3448
5594,-0.3486
5595,-0.3518
5596,-0.3466
5597,-0.3434
5598,-0.3434
5599,-0.349
5600,-0.3532
5601,-0.3484
5602,-0.3642
5603,-0.3572
5604,-0.344
5605,-0.3478
5606,-0.3402
5607,-0.3456
5608,-0.3384
5609,-0.349
5610,-0.3316
5611,-0.3136
5612,-0.3318
5613,-0.328
5614,-0.328
5615,-0.3178
5616,-0.33
5617,-0.3402
5618,-0.3344
5619,-0.3414
5620,-0.3374
5621,-0.3462
5622,-0.3386
5623,-0.3416
5624,-0.3338
5625,-0.3324
5626,-0.337
5627,-0.3358
5628,-0.3364
5629,-0.3384
5630,-0.3464
5631,-0.3452
5632,-0.3466
5633,-0.3466
5634,-0.3486
5635,-0.3332
5636,-0.3464
5637,-0.3536
5638,-0.356
5639,-0.3674
5640,-0.3764
5641,-0.3748
5642,-0.3816
5643,-0.3794
5644,-0.3928
5645,-0.394
5646,-0.4076
5647,-0.4214
5648,-0.4224
5649,-0.4126
5650,-0.4064
5651,-0.4086
5652,-0.411
5653,-0.4064
5654,-0.3968
5655,-0.3966
5656,-0.3892
5657,-0.3852
5658,-0.3894
5659,-0.3844
5660,-0.3942
5661,-0.406
5662,-0.4076
5663,-0.4084
5664,-0.4042
5665,-0.3906
5666,-0.3828
5667,-0.3746
5668,-0.3744
5669,-0.3762
5670,-0.384
5671,-0.3908
5672,-0.4066
5673,-0.4128
5674,-0.4078
5675,-0.4158
5676,-0.4052
5677,-0.4126
5678,-0.4156
5679,-0.4196
5680,-0.4266
5681,-0.4262
5682,-0.4216
5683,-0.4296
5684,-0.4426
5685,-0.4376
5686,-0.4228
5687,-0.4186
5688,-0.4228
5689,-0.423
5690,-0.415
5691,-0.4112
5692,-0.4098
5693,-0.4192
5694,-0.4184
5695,-0.4284
5696,-0.4326
5697,-0.4316
5698,-0.4194
5699,-0.4204
5700,-0.4204
5701,-0.4078
5702,-0.4222
5703,-0.4326
5704,-0.4278
5705,-0.4334
5706,-0.425
5707,-0.417
5708,-0.4292
5709,-0.4296
5710,-0.444
5711,-0.4512
5712,-0.4464
5713,-0.4484
5714,-0.4472
5715,-0.4502
5716,-0.4624
5717,-0.45
5718,-0.4568
5719,-0.4534
5720,-0.4444
5721,-0.4456
5722,-0.455
5723,-0.4506
5724,-0.4418
5725,-0.447
5726,-0.4544
5727,-0.4534
5728,-0.4482
5729,-0.444
5730,-0.4502
5731,-0.4514
5732,-0.4638
5733,-0.4674
5734,-0.4616
5735,-0.4698
5736,-0.4824
5737,-0.4732
5738,-0.4672
5739,-0.47
5740,-0.4756
5741,-0.4798
5742,-0.4748
5743,-0.481
5744,-0.4774
5745,-0.4798
5746,-0.4866
5747,-0.4944
5748,-0.49
5749,-0.4862
5750,-0.4914
5751,-0.4854
5752,-0.4956
5753,-0.506
5754,-0.4948
5755,-0.4908
5756,-0.4992
5757,-0.4882
5758,-0.4796
5759,-0.4774
5760,-0.4886
5761,-0.4928
5762,-0.4784
5763,-0.465
5764,-0.456
5765,-0.4616
5766,-0.462
5767,-0.4382
5768,-0.4432
5769,-0.4472
5770,-0.444
5771,-0.444
5772,-0.4474
5773,-0.4706
5774,-0.4752
5775,-0.4712
5776,-0.455
5777,-0.457
5778,-0.4484
5779,-0.4578
5780,-0.4598
5781,-0.463
5782,-0.475
5783,-0.4828
5784,-0.475
5785,-0.4838
5786,-0.4854
5787,-0.4916
5788,-0.4904
5789,-0.4912
5790,-0.4812
5791,-0.4886
5792,-0.4922
5793,-0.4854
5794,-0.4768
5795,-0.478
5796,-0.4868
5797,-0.4818
5798,-0.4866
5799,-0.4964
5800,-0.5064
5801,-0.5024
5802,-0.496
5803,-0.4976
5804,-0.5
5805,-0.499
5806,-0.5016
5807,-0.498
5808,-0.4998
5809,-0.5058
5810,-0.4982
5811,-0.5022
5812,-0.518
5813,-0.5222
5814,-0.5154
5815,-0.518
5816,-0.5266
5817,-0.52
5818,-0.5152
5819,-0.5188
5820,-0.5282
5821,-0.528
5822,-0.5244
5823,-0.5146
5824,-0.5082
5825,-0.5048
5826,-0.5136
5827,-0.5092
5828,-0.5114
5829,-0.5066
5830,-0.5184
5831,-0.5102
5832,-0.4912
5833,-0.501
5834,-0.4898
5835,-0.4956
5836,-0.49
5837,-0.4856
5838,-0.4882
5839,-0.4846
5840,-0.4884
5841,-0.4844
5842,-0.4944
5843,-0.4856
5844,-0.4856
5845,-0.4818
5846,-0.4844
5847,-0.4922
5848,-0.4912
5849,-0.4908
5850,-0.4972
5851,-0.5048
5852,-0.5092
5853,-0.5138
5854,-0.5072
5855,-0.5062
5856,-0.4948
5857,-0.4992
5858,-0.4952
5859,-0.4852
5860,-0.4842
5861,-0.4898
5862,-0.4958
5863,-0.5092
5864,-0.5032
5865,-0.4854
5866,-0.4838
5867,-0.4848
5868,-0.4724
5869,-0.4644
5870,-0.4686
5871,-0.4768
5872,-0.4854
5873,-0.4828
5874,-0.481
5875,-0.4874
5876,-0.4962
5877,-0.488
5878,-0.4942
5879,-0.4852
5880,-0.4914
5881,-0.493
5882,-0.498
5883,-0.4966
5884,-0.5056
5885,-0.5024
5886,-0.5082
5887,-0.5086
5888,-0.5152
5889,-0.5128
5890,-0.5084
5891,-0.5012
5892,-0.4996
5893,-0.4758
5894,-0.4654
5895,-0.465
5896,-0.4592
5897,-0.4566
5898,-0.4698
5899,-0.4748
5900,-0.482
5901,-0.4804
5902,-0.493
5903,-0.5034
5904,-0.5122
5905,-0.502
5906,-0.5126
5907,-0.5218
5908,-0.5098
5909,-0.5146
5910,-0.5114
5911,-0.4984
5912,-0.4934
5913,-0.4912
5914,-0.503
5915,-0.499
5916,-0.5024
5917,-0.5038
5918,-0.4998
5919,-0.4994
5920,-0.4926
5921,-0.4938
5922,-0.4888
5923,-0.4778
5924,-0.4814
5925,-0.4762
5926,-0.4744
5927,-0.482
5928,-0.4862
5929,-0.4862
5930,-0.4892
5931,-0.4834
5932,-0.4978
5933,-0.4954
5934,-0.5078
5935,-0.5042
5936,-0.5
5937,-0.5204
5938,-0.5354
5939,-0.5438
5940,-0.5366
5941,-0.5446
5942,-0.5456
5943,-0.549
5944,-0.5544
5945,-0.5482
5946,-0.5402
5947,-0.5358
5948,-0.5346
5949,-0.5436
5950,-0.537
5951,-0.5424
5952,-0.5356
5953,-0.5406
5954,-0.5406
5955,-0.5344
5956,-0.5376
5957,-0.5366
5958,-0.5256
5959,-0.5302
5960,-0.5272
5961,-0.5408
5962,-0.5276
5963,-0.5192
5964,-0.5124
5965,-0.5106
5966,-0.5004
5967,-0.5104
5968,-0.511
5969,-0.5132
5970,-0.504
5971,-0.5072
5972,-0.4928
5973,-0.4924
5974,-0.4836
5975,-0.4986
5976,-0.494
5977,-0.4892
5978,-0.4802
5979,-0.478
5980,-0.482
5981,-0.4822
5982,-0.4656
5983,-0.4662
5984,-0.4682
5985,-0.4752
5986,-0.4664
5987,-0.4816
5988,-0.4822
5989,-0.4806
5990,-0.4728
5991,-0.4812
5992,-0.4706
5993,-0.4584
5994,-0.4578
5995,-0.4372
5996,-0.446
5997,-0.4488
5998,-0.4394
5999,-0.457
6000,-0.4648
6001,-0.4746
6002,-0.4764
6003,-0.471
6004,-0.469
6005,-0.4504
6006,-0.4562
6007,-0.4584
6008,-0.4626
6009,-0.4728
6010,-0.479
6011,-0.485
6012,-0.4826
6013,-0.4954
6014,-0.4944
6015,-0.5038
6016,-0.4996
6017,-0.5028
6018,-0.4958
6019,-0.5024
6020,-0.5026
6021,-0.4992
6022,-0.4992
6023,-0.5056
6024,-0.5062
6025,-0.5038
6026,-0.5064
6027,-0.5144
6028,-0.5154
6029,-0.4988
6030,-0.506
6031,-0.5026
6032,-0.4994
6033,-0.507
6034,-0.527
6035,-0.5272
6036,-0.526
6037,-0.5404
6038,-0.5392
6039,-0.5444
6040,-0.5532
6041,-0.5544
6042,-0.5624
6043,-0.5658
6044,-0.569
6045,-0.5734
6046,-0.5662
6047,-0.552
6048,-0.5554
6049,-0.5506
6050,-0.5464
6051,-0.55
6052,-0.5418
6053,-0.5382
6054,-0.538
6055,-0.5396
6056,-0.541
6057,-0.5524
6058,-0.549
6059,-0.5554
6060,-0.5604
6061,-0.5674
6062,-0.575
6063,-0.5656
6064,-0.556
6065,-0.5452
6066,-0.5514
6067,-0.5512
6068,-0.5432
6069,-0.556
6070,-0.5426
6071,-0.5392
6072,-0.5506
6073,-0.5468
6074,-0.5492
6075,-0.5466
6076,-0.547
6077,-0.5384
6078,-0.5358
6079,-0.525
6080,-0.523
6081,-0.5396
6082,-0.5326
6083,-0.539
6084,-0.5356
6085,-0.5346
6086,-0.5328
6087,-0.5482
6088,-0.5508
6089,-0.5476
6090,-0.5452
6091,-0.5466
6092,-0.5498
6093,-0.5524
6094,-0.5456
6095,-0.5494
6096,-0.5494
6097,-0.5332
6098,-0.5304
6099,-0.527
6100,-0.5318
6101,-0.532
6102,-0.5146
6103,-0.5188
6104,-0.5252
6105,-0.5478
6106,-0.5524
6107,-0.5512
6108,-0.5568
6109,-0.5564
6110,-0.5448
6111,-0.5464
6112,-0.5496
6113,-0.546
6114,-0.5468
6115,-0.5344
6116,-0.5302
6117,-0.5326
6118,-0.5212
6119,-0.5126
6120,-0.5266
6121,-0.5156
6122,-0.506
6123,-0.5082
6124,-0.5018
6125,-0.4904
6126,-0.4896
6127,-0.4838
6128,-0.4906
6129,-0.494
6130,-0.4852
6131,-0.4792
6132,-0.4778
6133,-0.4788
6134,-0.4768
6135,-0.4884
6136,-0.4752
6137,-0.472
6138,-0.4786
6139,-0.4662
6140,-0.485
6141,-0.4814
6142,-0.4846
6143,-0.4846
6144,-0.4792
6145,-0.4866
6146,-0.4748
6147,-0.4672
6148,-0.4726
6149,-0.4682
6150,-0.485
6151,-0.5036
6152,-0.4874
6153,-0.489
6154,-0.4956
6155,-0.4898
6156,-0.4944
6157,-0.5004
6158,-0.4898
6159,-0.491
6160,-0.4942
6161,-0.496
6162,-0.4994
6163,-0.4928
6164,-0.4884
6165,-0.482
6166,-0.4808
6167,-0.4684
6168,-0.4558
6169,-0.456
6170,-0.4552
6171,-0.4446
6172,-0.4432
6173,-0.4444
6174,-0.4452
6175,-0.4446
6176,-0.4488
6177,-0.4354
6178,-0.4246
6179,-0.4296
6180,-0.4376
6181,-0.4436
6182,-0.4408
6183,-0.4278
6184,-0.4204
6185,-0.4216
6186,-0.4354
6187,-0.434
6188,-0.436
6189,-0.4222
6190,-0.4096
6191,-0.3954
6192,-0.3884
6193,-0.3852
6194,-0.3878
6195,-0.3896
6196,-0.387
6197,-0.3826
6198,-0.3888
6199,-0.3778
6200,-0.3854
6201,-0.3958
6202,-0.4118
6203,-0.395
6204,-0.4078
6205,-0.4104
6206,-0.4032
6207,-0.3994
6208,-0.3956
6209,-0.3878
6210,-0.3868
6211,-0.3792
6212,-0.3794
6213,-0.3838
6214,-0.3856
6215,-0.3946
6216,-0.3952
6217,-0.3932
6218,-0.3896
6219,-0.3944
6220,-0.3938
6221,-0.3876
6222,-0.3916
6223,-0.3964
6224,-0.398
6225,-0.3904
6226,-0.397
6227,-0.3984
6228,-0.3912
6229,-0.3942
6230,-0.4044
6231,-0.4006
6232,-0.4068
6233,-0.4032
6234,-0.4044
6235,-0.3992
6236,-0.3914
6237,-0.3886
6238,-0.3874
6239,-0.3982
6240,-0.3892
6241,-0.3918
6242,-0.3878
6243,-0.3908
6244,-0.3956
6245,-0.4156
6246,-0.4144
6247,-0.4036
6248,-0.4148
6249,-0.4248
6250,-0.424
6251,-0.4254
6252,-0.4172
6253,-0.4198
6254,-0.4176
6255,-0.421
6256,-0.416
6257,-0.4184
6258,-0.4152
6259,-0.4172
6260,-0.4072
6261,-0.4054
6262,-0.399
6263,-0.4054
6264,-0.4068
6265,-0.4006
6266,-0.3938
6267,-0.3948
6268,-0.3962
6269,-0.3916
6270,-0.3984
6271,-0.4084
6272,-0.403
6273,-0.4222
6274,-0.4144
6275,-0.4068
6276,-0.4042
6277,-0.401
6278,-0.4038
6279,-0.3996
6280,-0.407
6281,-0.3994
6282,-0.4126
6283,-0.4142
6284,-0.409
6285,-0.404
6286,-0.4136
6287,-0.4162
6288,-0.4262
6289,-0.43
6290,-0.428
6291,-0.4212
6292,-0.4192
6293,-0.4178
6294,-0.4106
6295,-0.4152
6296,-0.4192
6297,-0.426
6298,-0.4362
6299,-0.445
6300,-0.441
6301,-0.4352
6302,-0.427
6303,-0.4234
6304,-0.424
6305,-0.4302
6306,-0.4388
6307,-0.4324
6308,-0.4344
6309,-0.448
6310,-0.4418
6311,-0.4338
6312,-0.4248
6313,-0.4246
6314,-0.4344
6315,-0.4314
6316,-0.4304
6317,-0.4382
6318,-0.439
6319,-0.4374
6320,-0.4382
6321,-0.4432
6322,-0.4392
6323,-0.4376
6324,-0.4372
6325,-0.4322
6326,-0.4208
6327,-0.4304
6328,-0.4452
6329,-0.4448
6330,-0.4394
6331,-0.4574
6332,-0.451
6333,-0.4604
6334,-0.4702
6335,-0.4678
6336,-0.4588
6337,-0.4594
6338,-0.4604
6339,-0.4644
6340,-0.468
6341,-0.4846
6342,-0.4808
6343,-0.4774
6344,-0.4762
6345,-0.4808
6346,-0.478
6347,-0.4858
6348,-0.48
6349,-0.4856
6350,-0.4856
6351,-0.4772
6352,-0.4888
6353,-0.4894
6354,-0.4984
6355,-0.4974
6356,-0.4956
6357,-0.4904
6358,-0.4978
6359,-0.4988
6360,-0.5064
6361,-0.491
6362,-0.4752
6363,-0.4728
6364,-0.4806
6365,-0.475
6366,-0.4874
6367,-0.4864
6368,-0.4876
6369,-0.4814
6370,-0.473
6371,-0.4782
6372,-0.4878
6373,-0.4908
6374,-0.4818
6375,-0.4848
6376,-0.4906
6377,-0.4828
6378,-0.4632
6379,-0.4616
6380,-0.471
6381,-0.4674
6382,-0.4674
6383,-0.4666
6384,-0.4626
6385,-0.4576
6386,-0.4454
6387,-0.4394
6388,-0.4444
6389,-0.4582
6390,-0.4536
6391,-0.4446
6392,-0.4534
6393,-0.449
6394,-0.4542
6395,-0.4536
6396,-0.4518
6397,-0.455
6398,-0.445
6399,-0.449
6400,-0.4556
6401,-0.45
6402,-0.4454
6403,-0.4366
6404,-0.4212
6405,-0.4222
6406,-0.424
6407,-0.4236
6408,-0.425
6409,-0.4316
6410,-0.4284
6411,-0.4284
6412,-0.429
6413,-0.4302
6414,-0.4384
6415,-0.4276
6416,-0.422
6417,-0.4216
6418,-0.4164
6419,-0.4148
6420,-0.418
6421,-0.406
6422,-0.4026
6423,-0.4048
6424,-0.4156
6425,-0.4286
6426,-0.4324
6427,-0.4314
6428,-0.4302
6429,-0.4278
6430,-0.4348
6431,-0.4374
6432,-0.4366
6433,-0.436
6434,-0.4406
6435,-0.434
6436,-0.4234
6437,-0.4148
6438,-0.4064
6439,-0.4064
6440,-0.4054
6441,-0.402
6442,-0.399
6443,-0.3936
6444,-0.4052
6445,-0.4024
6446,-0.3976
6447,-0.4072
6448,-0.4104
6449,-0.404
6450,-0.4104
6451,-0.4184
6452,-0.412
6453,-0.4218
6454,-0.4168
6455,-0.4146
6456,-0.4156
6457,-0.4042
6458,-0.4068
6459,-0.4048
6460,-0.4138
6461,-0.4206
6462,-0.4228
6463,-0.4194
6464,-0.4358
6465,-0.4412
6466,-0.44
6467,-0.4332
6468,-0.4288
6469,-0.4362
6470,-0.4322
6471,-0.433
6472,-0.433
6473,-0.4344
6474,-0.4332
6475,-0.438
6476,-0.4286
6477,-0.42
6478,-0.4222
6479,-0.4336
6480,-0.4478
6481,-0.4438
6482,-0.431
6483,-0.4246
6484,-0.4252
6485,-0.4322
6486,-0.441
6487,-0.4418
6488,-0.4384
6489,-0.4404
6490,-0.4218
6491,-0.4338
6492,-0.4466
6493,-0.4354
6494,-0.4226
6495,-0.4216
6496,-0.4176
6497,-0.4332
6498,-0.4316
6499,-0.4384
6500,-0.4324
6501,-0.4318
6502,-0.4286
6503,-0.4262
6504,-0.4292
6505,-0.4308
6506,-0.4324
6507,-0.439
6508,-0.4388
6509,-0.443
6510,-0.434
6511,-0.4282
6512,-0.4324
6513,-0.4352
6514,-0.4226
6515,-0.427
6516,-0.4172
6517,-0.4308
6518,-0.4292
6519,-0.429
6520,-0.4348
6521,-0.4358
6522,-0.4352
6523,-0.4268
6524,-0.4232
6525,-0.4262
6526,-0.4302
6527,-0.432
6528,-0.437
6529,-0.432
6530,-0.4256
6531,-0.417
6532,-0.4204
6533,-0.4246
6534,-0.4168
6535,-0.416
6536,-0.4166
6537,-0.4166
6538,-0.4132
6539,-0.4034
6540,-0.4122
6541,-0.4156
6542,-0.4172
6543,-0.4242
6544,-0.44
6545,-0.4234
6546,-0.423
6547,-0.4328
6548,-0.4374
6549,-0.4286
6550,-0.424
6551,-0.421
6552,-0.4326
6553,-0.4368
6554,-0.4404
6555,-0.44
6556,-0.4422
6557,-0.4414
6558,-0.4428
6559,-0.4462
6560,-0.437
6561,-0.447
6562,-0.453
6563,-0.4618
6564,-0.4652
6565,-0.4754
6566,-0.4632
6567,-0.4634
6568,-0.459
6569,-0.457
6570,-0.455
6571,-0.4434
6572,-0.4546
6573,-0.4562
6574,-0.4474
6575,-0.4508
6576,-0.4496
6577,-0.4542
6578,-0.4382
6579,-0.4372
6580,-0.4402
6581,-0.4492
6582,-0.4436
6583,-0.4344
6584,-0.4404
6585,-0.4504
6586,-0.4436
6587,-0.4388
6588,-0.4526
6589,-0.443
6590,-0.4444
6591,-0.4398
6592,-0.4444
6593,-0.4564
6594,-0.451
6595,-0.4478
6596,-0.4432
6597,-0.447
6598,-0.435
6599,-0.421
6600,-0.419
6601,-0.4234
6602,-0.4274
6603,-0.423
6604,-0.43
6605,-0.4284
6606,-0.4268
6607,-0.4238
6608,-0.4248
6609,-0.4274
6610,-0.4222
6611,-0.4144
6612,-0.4002
6613,-0.4086
6614,-0.4042
6615,-0.4064
6616,-0.4014
6617,-0.3978
6618,-0.405
6619,-0.3878
6620,-0.3874
6621,-0.3936
6622,-0.3972
6623,-0.395
6624,-0.39
6625,-0.4
6626,-0.3902
6627,-0.3944
6628,-0.3812
6629,-0.3672
6630,-0.3694
6631,-0.3736
6632,-0.383
6633,-0.3804
6634,-0.3926
6635,-0.393
6636,-0.3942
6637,-0.3924
6638,-0.394
6639,-0.4002
6640,-0.4002
6641,-0.4096
6642,-0.4032
6643,-0.4238
6644,-0.4038
6645,-0.3916
6646,-0.4024
6647,-0.3842
6648,-0.3708
6649,-0.3718
6650,-0.3658
6651,-0.3744
6652,-0.3644
6653,-0.3724
6654,-0.3646
6655,-0.359
6656,-0.3642
6657,-0.3708
6658,-0.3698
6659,-0.3762
6660,-0.3776
6661,-0.3838
6662,-0.3782
6663,-0.3774
6664,-0.3786
6665,-0.3992
6666,-0.3968
6667,-0.4022
6668,-0.4078
6669,-0.4098
6670,-0.396
6671,-0.3874
6672,-0.3954
6673,-0.3988
6674,-0.3962
6675,-0.3996
6676,-0.4014
6677,-0.3982
6678,-0.399
6679,-0.3972
6680,-0.4048
6681,-0.4016
6682,-0.4022
6683,-0.3938
6684,-0.3916
6685,-0.3934
6686,-0.393
6687,-0.3938
6688,-0.3994
6689,-0.395
6690,-0.387
6691,-0.372
6692,-0.3598
6693,-0.36
6694,-0.3602
6695,-0.3654
6696,-0.3618
6697,-0.3674
6698,-0.3676
6699,-0.3736
6700,-0.3776
6701,-0.3794
6702,-0.3724
6703,-0.3718
6704,-0.3676
6705,-0.3626
6706,-0.3558
6707,-0.3646
6708,-0.3522
6709,-0.3608
6710,-0.3584
6711,-0.3682
6712,-0.3778
6713,-0.355
6714,-0.3458
6715,-0.3416
6716,-0.3414
6717,-0.3498
6718,-0.3486
6719,-0.341
6720,-0.3518
6721,-0.339
6722,-0.3464
6723,-0.3442
6724,-0.3436
6725,-0.3436
6726,-0.3442
6727,-0.3406
6728,-0.3288
6729,-0.3304
6730,-0.337
6731,-0.3444
6732,-0.3402
6733,-0.3458
6734,-0.3448
6735,-0.341
6736,-0.3404
6737,-0.3528
6738,-0.348
6739,-0.3474
6740,-0.3444
6741,-0.35
6742,-0.3464
6743,-0.344
6744,-0.3296
6745,-0.3262
6746,-0.3314
6747,-0.334
6748,-0.3302
6749,-0.3358
6750,-0.3238
6751,-0.3266
6752,-0.3254
6753,-0.3268
6754,-0.3324
6755,-0.3322
6756,-0.3372
6757,-0.336
6758,-0.3264
6759,-0.326
6760,-0.3338
6761,-0.3352
6762,-0.3258
6763,-0.3196
6764,-0.3176
6765,-0.3132
6766,-0.3096
6767,-0.3172
6768,-0.324
6769,-0.3222
6770,-0.3176
6771,-0.324
6772,-0.326
6773,-0.331
6774,-0.3362
6775,-0.3422
6776,-0.34
6777,-0.3502
6778,-0.3406
6779,-0.334
6780,-0.3254
6781,-0.3344
6782,-0.3242
6783,-0.3162
6784,-0.3144
6785,-0.3166
6786,-0.3148
6787,-0.3098
6788,-0.308
6789,-0.3124
6790,-0.3142
6791,-0.3288
6792,-0.327
6793,-0.3388
6794,-0.3376
6795,-0.3298
6796,-0.33
6797,-0.3108
6798,-0.3092
6799,-0.3064
6800,-0.3096
6801,-0.3
6802,-0.3008
6803,-0.3028
6804,-0.3002
6805,-0.3126
6806,-0.3094
6807,-0.3124
6808,-0.3184
6809,-0.3278
6810,-0.328
6811,-0.341
6812,-0.3366
6813,-0.321
6814,-0.3208
6815,-0.3096
6816,-0.3048
6817,-0.3024
6818,-0.3068
6819,-0.3044
6820,-0.2998
6821,-0.3026
6822,-0.2962
6823,-0.3026
6824,-0.3112
6825,-0.3224
6826,-0.3348
6827,-0.3212
6828,-0.3228
6829,-0.3386
6830,-0.325
6831,-0.3152
6832,-0.3166
6833,-0.3122
6834,-0.2996
6835,-0.3082
6836,-0.3034
6837,-0.2976
6838,-0.2882
6839,-0.2884
6840,-0.2934
6841,-0.3032
6842,-0.2952
6843,-0.2922
6844,-0.2808
6845,-0.2786
6846,-0.2722
6847,-0.2644
6848,-0.2582
6849,-0.2572
6850,-0.2668
6851,-0.2754
6852,-0.2722
6853,-0.2704
6854,-0.2624
6855,-0.2672
6856,-0.2578
6857,-0.2532
6858,-0.2514
6859,-0.2564
6860,-0.2632
6861,-0.2638
6862,-0.2632
6863,-0.2578
6864,-0.2604
6865,-0.2544
6866,-0.2518
6867,-0.252
6868,-0.2588
6869,-0.2624
6870,-0.2688
6871,-0.2632
6872,-0.2668
6873,-0.2674
6874,-0.2726
6875,-0.2702
6876,-0.2698
6877,-0.2738
6878,-0.2566
6879,-0.2476
6880,-0.2528
6881,-0.2584
6882,-0.2618
6883,-0.264
6884,-0.265
6885,-0.2628
6886,-0.2546
6887,-0.249
6888,-0.2468
6889,-0.2472
6890,-0.2542
6891,-0.259
6892,-0.2478
6893,-0.2574
6894,-0.2408
6895,-0.2502
6896,-0.2416
6897,-0.2406
6898,-0.237
6899,-0.2362
6900,-0.235
6901,-0.239
6902,-0.2504
6903,-0.2444
6904,-0.2516
6905,-0.251
6906,-0.2458
6907,-0.249
6908,-0.2464
6909,-0.2402
6910,-0.2298
6911,-0.2362
6912,-0.234
6913,-0.2262
6914,-0.2344
6915,-0.2446
6916,-0.2458
6917,-0.2526
6918,-0.2398
6919,-0.2412
6920,-0.23
6921,-0.2234
6922,-0.2132
6923,-0.2198
6924,-0.2276
6925,-0.225
6926,-0.2318
6927,-0.2374
6928,-0.2486
6929,-0.253
6930,-0.2544
6931,-0.265
6932,-0.2592
6933,-0.259
6934,-0.2762
6935,-0.2866
6936,-0.2844
6937,-0.286
6938,-0.2812
6939,-0.2812
6940,-0.276
6941,-0.2712
6942,-0.2796
6943,-0.2782
6944,-0.2884
6945,-0.2924
6946,-0.2814
6947,-0.2858
6948,-0.2794
6949,-0.275
6950,-0.2726
6951,-0.269
6952,-0.2788
6953,-0.2736
6954,-0.2798
6955,-0.276
6956,-0.2746
6957,-0.2692
6958,-0.2584
6959,-0.258
6960,-0.2546
6961,-0.2596
6962,-0.2548
6963,-0.257
6964,-0.256
6965,-0.249
6966,-0.2466
6967,-0.2484
6968,-0.2522
6969,-0.2482
6970,-0.243
6971,-0.2394
6972,-0.2426
6973,-0.236
6974,-0.2364
6975,-0.2416
6976,-0.2358
6977,-0.2288
6978,-0.2372
6979,-0.2418
6980,-0.2432
6981,-0.244
6982,-0.2592
6983,-0.2568
6984,-0.255
6985,-0.2628
6986,-0.2738
6987,-0.2738
6988,-0.2742
6989,-0.268
6990,-0.2674
6991,-0.2608
6992,-0.2542
6993,-0.257
6994,-0.26
6995,-0.2664
6996,-0.275
6997,-0.27
6998,-0.2602
6999,-0.2704
7000,-0.2576
7001,-0.2602
7002,-0.26
7003,-0.25
7004,-0.2462
7005,-0.223
7006,-0.2262
7007,-0.2402
7008,-0.2342
7009,-0.2288
7010,-0.2174
7011,-0.2046
7012,-0.198
7013,-0.2012
7014,-0.212
7015,-0.215
7016,-0.212
7017,-0.223
7018,-0.212
7019,-0.1998
7020,-0.1884
7021,-0.1948
7022,-0.1888
7023,-0.1938
7024,-0.1858
7025,-0.1968
7026,-0.1972
7027,-0.1824
7028,-0.179
7029,-0.1698
7030,-0.1616
7031,-0.1748
7032,-0.1868
7033,-0.1916
7034,-0.1742
7035,-0.1726
7036,-0.1724
7037,-0.1728
7038,-0.167
7039,-0.1618
7040,-0.1658
7041,-0.166
7042,-0.1658
7043,-0.1602
7044,-0.1572
7045,-0.1558
7046,-0.166
7047,-0.1758
7048,-0.1654
7049,-0.1668
7050,-0.1638
7051,-0.1562
7052,-0.1506
7053,-0.1448
7054,-0.1432
7055,-0.1432
7056,-0.1474
7057,-0.1328
7058,-0.1308
7059,-0.1202
7060,-0.1178
7061,-0.1192
7062,-0.1276
7063,-0.1332
7064,-0.1356
7065,-0.1444
7066,-0.1522
7067,-0.1618
7068,-0.1618
7069,-0.1614
7070,-0.1694
7071,-0.1692
7072,-0.1674
7073,-0.173
7074,-0.1734
7075,-0.1848
7076,-0.1714
7077,-0.183
7078,-0.1838
7079,-0.1814
7080,-0.1796
7081,-0.185
7082,-0.1884
7083,-0.18
7084,-0.1824
7085,-0.1778
7086,-0.183
7087,-0.1734
7088,-0.1834
7089,-0.19
7090,-0.192
7091,-0.1936
7092,-0.1866
7093,-0.1844
7094,-0.1734
7095,-0.177
7096,-0.1796
7097,-0.1754
7098,-0.165
7099,-0.1758
7100,-0.1706
7101,-0.187
7102,-0.1888
7103,-0.1938
7104,-0.191
7105,-0.196
7106,-0.2002
7107,-0.2054
7108,-0.2134
7109,-0.2154
7110,-0.1952
7111,-0.203
7112,-0.2128
7113,-0.2088
7114,-0.1984
7115,-0.192
7116,-0.2024
7117,-0.198
7118,-0.1932
7119,-0.2078
7120,-0.2018
7121,-0.1992
7122,-0.2056
7123,-0.2134
7124,-0.2198
7125,-0.2066
7126,-0.2066
7127,-0.1994
7128,-0.1986
7129,-0.204
7130,-0.202
7131,-0.2046
7132,-0.1908
7133,-0.1882
7134,-0.1972
7135,-0.1856
7136,-0.1894
7137,-0.1906
7138,-0.184
7139,-0.181
7140,-0.1924
7141,-0.1822
7142,-0.1884
7143,-0.1774
7144,-0.1852
7145,-0.188
7146,-0.1948
7147,-0.1994
7148,-0.1924
7149,-0.1948
7150,-0.1994
7151,-0.19
7152,-0.1802
7153,-0.1812
7154,-0.1818
7155,-0.182
7156,-0.1796
7157,-0.1718
7158,-0.1702
7159,-0.1756
7160,-0.1676
7161,-0.1786
7162,-0.1736
7163,-0.1828
7164,-0.1926
7165,-0.1848
7166,-0.1822
7167,-0.1982
7168,-0.2022
7169,-0.1848
7170,-0.174
7171,-0.157
7172,-0.1608
7173,-0.1658
7174,-0.1696
7175,-0.1746
7176,-0.1762
7177,-0.1784
7178,-0.186
7179,-0.1686
7180,-0.1652
7181,-0.1614
7182,-0.1638
7183,-0.1508
7184,-0.1546
7185,-0.1562
7186,-0.1606
7187,-0.148
7188,-0.145
7189,-0.1418
7190,-0.151
7191,-0.1512
7192,-0.1482
7193,-0.1414
7194,-0.1392
7195,-0.1506
7196,-0.155
7197,-0.1544
7198,-0.1354
7199,-0.1306
7200,-0.1468
7201,-0.1526
7202,-0.1458
7203,-0.147
7204,-0.1412
7205,-0.1372
7206,-0.127
7207,-0.141
7208,-0.1524
7209,-0.1432
7210,-0.135
7211,-0.1364
7212,-0.1282
7213,-0.1318
7214,-0.1352
7215,-0.1466
7216,-0.1552
7217,-0.1614
7218,-0.155
7219,-0.1526
7220,-0.1572
7221,-0.1624
7222,-0.1642
7223,-0.1678
7224,-0.18
7225,-0.1768
7226,-0.1732
7227,-0.1826
7228,-0.191
7229,-0.1994
7230,-0.2
7231,-0.2174
7232,-0.209
7233,-0.211
7234,-0.2012
7235,-0.2098
7236,-0.2104
7237,-0.2126
7238,-0.2038
7239,-0.2026
7240,-0.1956
7241,-0.2014
7242,-0.2042
7243,-0.2106
7244,-0.2258
7245,-0.2248
7246,-0.2386
7247,-0.2326
7248,-0.2238
7249,-0.2306
7250,-0.2328
7251,-0.222
7252,-0.2096
7253,-0.2114
7254,-0.224
7255,-0.223
7256,-0.2146
7257,-0.2012
7258,-0.2058
7259,-0.2066
7260,-0.2246
7261,-0.218
7262,-0.2266
7263,-0.2268
7264,-0.229
7265,-0.238
7266,-0.233
7267,-0.2292
7268,-0.2216
7269,-0.221
7270,-0.2184
7271,-0.214
7272,-0.2196
7273,-0.2116
7274,-0.2154
7275,-0.2124
7276,-0.2156
7277,-0.2242
7278,-0.2296
7279,-0.237
7280,-0.2258
7281,-0.2344
7282,-0.2338
7283,-0.241
7284,-0.242
7285,-0.2342
7286,-0.2426
7287,-0.2462
7288,-0.2386
7289,-0.2328
7290,-0.2434
7291,-0.2332
7292,-0.2302
7293,-0.24
7294,-0.2412
7295,-0.24
7296,-0.235
7297,-0.2462
7298,-0.2526
7299,-0.254
7300,-0.2632
7301,-0.2624
7302,-0.2552
7303,-0.2476
7304,-0.2538
7305,-0.2364
7306,-0.2376
7307,-0.2318
7308,-0.2292
7309,-0.2438
7310,-0.2458
7311,-0.254
7312,-0.2528
7313,-0.2508
7314,-0.2584
7315,-0.2636
7316,-0.2578
7317,-0.2438
7318,-0.2454
7319,-0.2504
7320,-0.2548
7321,-0.2494
7322,-0.248
7323,-0.2436
7324,-0.2604
7325,-0.2724
7326,-0.2646
7327,-0.2528
7328,-0.2546
7329,-0.2572
7330,-0.259
7331,-0.2594
7332,-0.262
7333,-0.2622
7334,-0.2454
7335,-0.2428
7336,-0.2538
7337,-0.2554
7338,-0.2572
7339,-0.252
7340,-0.2614
7341,-0.2648
7342,-0.2694
7343,-0.2754
7344,-0.2788
7345,-0.2922
7346,-0.3006
7347,-0.2898
7348,-0.2936
7349,-0.2946
7350,-0.3
7351,-0.2964
7352,-0.2906
7353,-0.286
7354,-0.2856
7355,-0.3028
7356,-0.3
7357,-0.3092
7358,-0.299
7359,-0.3012
7360,-0.3036
7361,-0.2924
7362,-0.2858
7363,-0.2944
7364,-0.2842
7365,-0.2964
7366,-0.285
7367,-0.272
7368,-0.267
7369,-0.2678
7370,-0.2588
7371,-0.2576
7372,-0.274
7373,-0.281
7374,-0.2822
7375,-0.2882
7376,-0.2784
7377,-0.276
7378,-0.2738
7379,-0.268
7380,-0.2586
7381,-0.2532
7382,-0.2374
7383,-0.2388
7384,-0.2396
7385,-0.2484
7386,-0.2626
7387,-0.2718
7388,-0.2744
7389,-0.27
7390,-0.2602
7391,-0.2502
7392,-0.2386
7393,-0.2386
7394,-0.233
7395,-0.2324
7396,-0.2444
7397,-0.2524
7398,-0.2514
7399,-0.2606
7400,-0.2572
7401,-0.2678
7402,-0.28
7403,-0.2764
7404,-0.2554
7405,-0.2684
7406,-0.2656
7407,-0.2706
7408,-0.2604
7409,-0.254
7410,-0.2512
7411,-0.2636
7412,-0.2624
7413,-0.2574
7414,-0.2524
7415,-0.25
7416,-0.242
7417,-0.2506
7418,-0.261
7419,-0.2574
7420,-0.2526
7421,-0.2514
7422,-0.2426
7423,-0.2488
7424,-0.2466
7425,-0.2508
7426,-0.2522
7427,-0.2634
7428,-0.263
7429,-0.2732
7430,-0.2756
7431,-0.2878
7432,-0.2788
7433,-0.2766
7434,-0.2808
7435,-0.2752
7436,-0.2676
7437,-0.274
7438,-0.275
7439,-0.2818
7440,-0.281
7441,-0.2842
7442,-0.2922
7443,-0.2866
7444,-0.2892
7445,-0.2728
7446,-0.2716
7447,-0.275
7448,-0.2888
7449,-0.2814
7450,-0.2674
7451,-0.273
7452,-0.28
7453,-0.2652
7454,-0.2744
7455,-0.2682
7456,-0.2708
7457,-0.2632
7458,-0.2628
7459,-0.2612
7460,-0.264
7461,-0.2684
7462,-0.2666
7463,-0.263
7464,-0.2666
7465,-0.2768
7466,-0.2736
7467,-0.276
7468,-0.269
7469,-0.2722
7470,-0.2638
7471,-0.2698
7472,-0.2698
7473,-0.2624
7474,-0.2752
7475,-0.2714
7476,-0.2716
7477,-0.2718
7478,-0.2766
7479,-0.284
7480,-0.2822
7481,-0.298
7482,-0.2928
7483,-0.2934
7484,-0.2896
7485,-0.286
7486,-0.273
7487,-0.2826
7488,-0.276
7489,-0.2694
7490,-0.2698
7491,-0.2742
7492,-0.2674
7493,-0.2838
7494,-0.2856
7495,-0.2748
7496,-0.2744
7497,-0.2828
7498,-0.2864
7499,-0.2706
7500,-0.277
7501,-0.2844
7502,-0.2844
7503,-0.2798
7504,-0.28
7505,-0.2812
7506,-0.2674
7507,-0.2742
7508,-0.2702
7509,-0.2646
7510,-0.2712
7511,-0.2732
7512,-0.2782
7513,-0.2748
7514,-0.2784
7515,-0.2798
7516,-0.276
7517,-0.2796
7518,-0.2746
7519,-0.2736
7520,-0.2642
7521,-0.2682
7522,-0.2662
7523,-0.2538
7524,-0.2476
7525,-0.2376
7526,-0.236
7527,-0.2394
7528,-0.2384
7529,-0.246
7530,-0.2354
7531,-0.2214
7532,-0.2128
7533,-0.2154
7534,-0.2118
7535,-0.2126
7536,-0.2052
7537,-0.2088
7538,-0.213
7539,-0.201
7540,-0.2164
7541,-0.2084
7542,-0.2118
7543,-0.2158
7544,-0.2056
7545,-0.2192
7546,-0.2232
7547,-0.2242
7548,-0.214
7549,-0.2162
7550,-0.2266
7551,-0.226
7552,-0.2222
7553,-0.217
7554,-0.2228
7555,-0.2214
7556,-0.2368
7557,-0.2342
7558,-0.2326
7559,-0.2438
7560,-0.2524
7561,-0.257
7562,-0.266
7563,-0.2576
7564,-0.2618
7565,-0.2756
7566,-0.277
7567,-0.2766
7568,-0.2796
7569,-0.2758
7570,-0.2798
7571,-0.2784
7572,-0.2834
7573,-0.2814
7574,-0.276
7575,-0.289
7576,-0.2844
7577,-0.2732
7578,-0.2688
7579,-0.279
7580,-0.2908
7581,-0.2752
7582,-0.261
7583,-0.265
7584,-0.2602
7585,-0.259
7586,-0.265
7587,-0.2656
7588,-0.2452
7589,-0.2488
7590,-0.2394
7591,-0.247
7592,-0.2486
7593,-0.26
7594,-0.2616
7595,-0.2748
7596,-0.2746
7597,-0.274
7598,-0.2718
7599,-0.2766
7600,-0.278
7601,-0.2676
7602,-0.2642
7603,-0.2646
7604,-0.2644
7605,-0.2638
7606,-0.2664
7607,-0.2644
7608,-0.2694
7609,-0.2732
7610,-0.2688
7611,-0.2794
7612,-0.2712
7613,-0.272
7614,-0.2742
7615,-0.264
7616,-0.2682
7617,-0.2698
7618,-0.2706
7619,-0.2656
7620,-0.2608
7621,-0.2664
7622,-0.2642
7623,-0.2584
7624,-0.2504
7625,-0.241
7626,-0.2404
7627,-0.2328
7628,-0.2382
7629,-0.2478
7630,-0.2468
7631,-0.2286
7632,-0.2352
7633,-0.2258
7634,-0.2254
7635,-0.241
7636,-0.2348
7637,-0.2428
7638,-0.242
7639,-0.2592
7640,-0.251
7641,-0.2378
7642,-0.2384
7643,-0.2344
7644,-0.237
7645,-0.2322
7646,-0.2248
7647,-0.2216
7648,-0.2186
7649,-0.2218
7650,-0.2172
7651,-0.213
7652,-0.2146
7653,-0.2188
7654,-0.206
7655,-0.1954
7656,-0.196
7657,-0.199
7658,-0.1932
7659,-0.1924
7660,-0.1962
7661,-0.2024
7662,-0.2034
7663,-0.1914
7664,-0.192
7665,-0.1898
7666,-0.1996
7667,-0.1934
7668,-0.1924
7669,-0.1902
7670,-0.1946
7671,-0.1842
7672,-0.1962
7673,-0.1878
7674,-0.1734
7675,-0.1674
7676,-0.1568
7677,-0.1458
7678,-0.1358
7679,-0.1298
7680,-0.1248
7681,-0.1252
7682,-0.1404
7683,-0.1424
7684,-0.1312
7685,-0.1184
7686,-0.1294
7687,-0.1258
7688,-0.1272
7689,-0.1238
7690,-0.1198
7691,-0.1264
7692,-0.1312
7693,-0.122
7694,-0.1136
7695,-0.1124
7696,-0.1134
7697,-0.1116
7698,-0.1138
7699,-0.1088
7700,-0.1104
7701,-0.1236
7702,-0.1112
7703,-0.1182
7704,-0.1194
7705,-0.1236
7706,-0.1366
7707,-0.1438
7708,-0.14
7709,-0.1376
7710,-0.1346
7711,-0.1402
7712,-0.157
7713,-0.1462
7714,-0.164
7715,-0.1694
7716,-0.1672
7717,-0.1546
7718,-0.1558
7719,-0.1526
7720,-0.1596
7721,-0.1654
7722,-0.1652
7723,-0.1644
7724,-0.1754
7725,-0.1644
7726,-0.1664
7727,-0.1666
7728,-0.1578
7729,-0.1634
7730,-0.1648
7731,-0.1654
7732,-0.1698
7733,-0.1744
7734,-0.1608
7735,-0.1526
7736,-0.16
7737,-0.162
7738,-0.1552
7739,-0.1502
7740,-0.1424
7741,-0.1354
7742,-0.131
7743,-0.1324
7744,-0.1408
7745,-0.159
7746,-0.1432
7747,-0.1366
7748,-0.1262
7749,-0.1258
7750,-0.1394
7751,-0.1504
7752,-0.1446
7753,-0.1362
7754,-0.1532
7755,-0.1512
7756,-0.1476
7757,-0.1504
7758,-0.153
7759,-0.1542
7760,-0.1468
7761,-0.1432
7762,-0.1332
7763,-0.1448
7764,-0.15
7765,-0.1462
7766,-0.1602
7767,-0.1542
7768,-0.1594
7769,-0.162
7770,-0.1432
7771,-0.1552
7772,-0.1646
7773,-0.1764
7774,-0.1692
7775,-0.1752
7776,-0.181
7777,-0.1846
7778,-0.1822
7779,-0.1954
7780,-0.1922
7781,-0.1816
7782,-0.1728
7783,-0.189
7784,-0.1836
7785,-0.1696
7786,-0.1696
7787,-0.1718
7788,-0.185
7789,-0.19
7790,-0.1838
7791,-0.1844
7792,-0.1732
7793,-0.1692
7794,-0.1786
7795,-0.1858
7796,-0.174
7797,-0.1726
7798,-0.1718
7799,-0.162
7800,-0.1548
7801,-0.139
7802,-0.1364
7803,-0.1394
7804,-0.1194
7805,-0.1188
7806,-0.112
7807,-0.1282
7808,-0.1278
7809,-0.1248
7810,-0.1148
7811,-0.1092
7812,-0.0924
7813,-0.096
7814,-0.095
7815,-0.0878
7816,-0.0742
7817,-0.0688
7818,-0.0722
7819,-0.0722
7820,-0.0792
7821,-0.0882
7822,-0.0968
7823,-0.0882
7824,-0.0954
7825,-0.0998
7826,-0.1
7827,-0.107
7828,-0.1034
7829,-0.1204
7830,-0.1042
7831,-0.1066
7832,-0.1072
7833,-0.1092
7834,-0.1106
7835,-0.118
7836,-0.126
7837,-0.1312
7838,-0.1352
7839,-0.1284
7840,-0.1356
7841,-0.134
7842,-0.1264
7843,-0.1284
7844,-0.1324
7845,-0.1252
7846,-0.1298
7847,-0.1426
7848,-0.1446
7849,-0.1418
7850,-0.1326
7851,-0.1388
7852,-0.1402
7853,-0.147
7854,-0.1454
7855,-0.1464
7856,-0.1414
7857,-0.1388
7858,-0.1576
7859,-0.1602
7860,-0.1788
7861,-0.1762
7862,-0.183
7863,-0.172
7864,-0.1752
7865,-0.1784
7866,-0.1748
7867,-0.165
7868,-0.1642
7869,-0.1596
7870,-0.1656
7871,-0.1686
7872,-0.1702
7873,-0.1788
7874,-0.1812
7875,-0.184
7876,-0.1832
7877,-0.1902
7878,-0.1852
7879,-0.189
7880,-0.1772
7881,-0.176
7882,-0.1826
7883,-0.1896
7884,-0.1944
7885,-0.1906
7886,-0.1816
7887,-0.178
7888,-0.1936
7889,-0.192
7890,-0.1876
7891,-0.1856
7892,-0.188
7893,-0.1966
7894,-0.2094
7895,-0.194
7896,-0.191
7897,-0.1798
7898,-0.1732
7899,-0.1672
7900,-0.1576
7901,-0.1586
7902,-0.1548
7903,-0.158
7904,-0.1462
7905,-0.1508
7906,-0.1616
7907,-0.1466
7908,-0.1384
7909,-0.1406
7910,-0.1472
7911,-0.1628
7912,-0.1606
7913,-0.1516
7914,-0.1752
7915,-0.1766
7916,-0.1718
7917,-0.1752
7918,-0.1804
7919,-0.1732
7920,-0.1692
7921,-0.183
7922,-0.1826
7923,-0.1706
7924,-0.1702
7925,-0.1744
7926,-0.1636
7927,-0.1646
7928,-0.1622
7929,-0.1696
7930,-0.168
7931,-0.1678
7932,-0.1618
7933,-0.1534
7934,-0.1464
7935,-0.141
7936,-0.1294
7937,-0.1344
7938,-0.136
7939,-0.1436
7940,-0.1416
7941,-0.1402
7942,-0.1298
7943,-0.1306
7944,-0.1262
7945,-0.138
7946,-0.1318
7947,-0.128
7948,-0.1244
7949,-0.1122
7950,-0.1094
7951,-0.1032
7952,-0.0986
7953,-0.1016
7954,-0.1038
7955,-0.094
7956,-0.095
7957,-0.104
7958,-0.1126
7959,-0.1242
7960,-0.14
7961,-0.1408
7962,-0.147
7963,-0.1478
7964,-0.1442
7965,-0.1264
7966,-0.1136
7967,-0.121
7968,-0.1256
7969,-0.1268
7970,-0.128
7971,-0.1188
7972,-0.1144
7973,-0.116
7974,-0.1126
7975,-0.1208
7976,-0.1148
7977,-0.1206
7978,-0.1318
7979,-0.142
7980,-0.1398
7981,-0.14
7982,-0.1328
7983,-0.1474
7984,-0.147
7985,-0.1566
7986,-0.1526
7987,-0.1618
7988,-0.1598
7989,-0.1564
7990,-0.1638
7991,-0.1576
7992,-0.1532
7993,-0.1564
7994,-0.146
7995,-0.1568
7996,-0.1516
7997,-0.1602
7998,-0.161
7999,-0.1596
8000,-0.1512
8001,-0.1374
8002,-0.1474
8003,-0.1392
8004,-0.137
8005,-0.139
8006,-0.1496
8007,-0.1496
8008,-0.1522
8009,-0.1374
8010,-0.1492
8011,-0.153
8012,-0.1432
8013,-0.1418
8014,-0.1474
8015,-0.1536
8016,-0.1538
8017,-0.1586
8018,-0.1478
8019,-0.1386
8020,-0.1454
8021,-0.1438
8022,-0.1336
8023,-0.1326
8024,-0.1274
8025,-0.1298
8026,-0.1454
8027,-0.149
8028,-0.1578
8029,-0.1516
8030,-0.1432
8031,-0.1486
8032,-0.1566
8033,-0.1504
8034,-0.164
8035,-0.1696
8036,-0.1646
8037,-0.1692
8038,-0.1732
8039,-0.1772
8040,-0.1766
8041,-0.1754
8042,-0.1788
8043,-0.173
8044,-0.1786
8045,-0.1682
8046,-0.1656
8047,-0.1584
8048,-0.1598
8049,-0.1562
8050,-0.15
8051,-0.156
8052,-0.1548
8053,-0.1608
8054,-0.1802
8055,-0.177
8056,-0.1798
8057,-0.1826
8058,-0.1762
8059,-0.1804
8060,-0.203
8061,-0.2168
8062,-0.234
8063,-0.2296
8064,-0.2374
8065,-0.2296
8066,-0.2352
8067,-0.2382
8068,-0.2424
8069,-0.236
8070,-0.2452
8071,-0.2544
8072,-0.252
8073,-0.2422
8074,-0.2616
8075,-0.275
8076,-0.2704
8077,-0.2724
8078,-0.2576
8079,-0.2596
8080,-0.2562
8081,-0.2588
8082,-0.273
8083,-0.27
8084,-0.2646
8085,-0.2562
8086,-0.2574
8087,-0.2588
8088,-0.2638
8089,-0.2706
8090,-0.2818
8091,-0.275
8092,-0.27
8093,-0.2596
8094,-0.2472
8095,-0.2566
8096,-0.2702
8097,-0.279
8098,-0.2794
8099,-0.2762
8100,-0.2702
8101,-0.2856
8102,-0.2924
8103,-0.2888
8104,-0.291
8105,-0.2808
8106,-0.2756
8107,-0.2844
8108,-0.2694
8109,-0.2814
8110,-0.2794
8111,-0.275
8112,-0.2772
8113,-0.2648
8114,-0.2636
8115,-0.2716
8116,-0.2762
8117,-0.2806
8118,-0.2698
8119,-0.2874
8120,-0.2882
8121,-0.2768
8122,-0.2618
8123,-0.258
8124,-0.258
8125,-0.2618
8126,-0.2592
8127,-0.2654
8128,-0.2566
8129,-0.2584
8130,-0.263
8131,-0.2418
8132,-0.256
8133,-0.2396
8134,-0.2334
8135,-0.2332
8136,-0.2198
8137,-0.2552
8138,-0.2508
8139,-0.2556
8140,-0.2612
8141,-0.2608
8142,-0.2658
8143,-0.2682
8144,-0.2796
8145,-0.2804
8146,-0.2888
8147,-0.2898
8148,-0.2798
8149,-0.2794
8150,-0.2758
8151,-0.28
8152,-0.2852
8153,-0.2994
8154,-0.2958
8155,-0.3
8156,-0.2904
8157,-0.2872
8158,-0.2856
8159,-0.2796
8160,-0.2778
8161,-0.2728
8162,-0.262
8163,-0.2608
8164,-0.2622
8165,-0.2724
8166,-0.2736
8167,-0.2832
8168,-0.281
8169,-0.281
8170,-0.2956
8171,-0.2908
8172,-0.2828
8173,-0.264
8174,-0.2692
8175,-0.2672
8176,-0.2714
8177,-0.2664
8178,-0.272
8179,-0.2796
8180,-0.27
8181,-0.2734
8182,-0.2672
8183,-0.2794
8184,-0.2648
8185,-0.2632
8186,-0.27
8187,-0.2726
8188,-0.277
8189,-0.2704
8190,-0.274
8191,-0.2776
8192,-0.2756
8193,-0.2816
8194,-0.2848
8195,-0.2912
8196,-0.298
8197,-0.2982
8198,-0.2978
8199,-0.2916
8200,-0.291
8201,-0.2892
8202,-0.3054
8203,-0.3008
8204,-0.31
8205,-0.311
8206,-0.3122
8207,-0.31
8208,-0.2988
8209,-0.3022
8210,-0.2968
8211,-0.2944
8212,-0.3018
8213,-0.3048
8214,-0.3008
8215,-0.3084
8216,-0.3188
8217,-0.3092
8218,-0.2998
8219,-0.3078
8220,-0.2966
8221,-0.3094
8222,-0.3006
8223,-0.29
8224,-0.2792
8225,-0.2946
8226,-0.2944
8227,-0.2948
8228,-0.291
8229,-0.289
8230,-0.2878
8231,-0.2798
8232,-0.2762
8233,-0.2722
8234,-0.2748
8235,-0.2714
8236,-0.2688
8237,-0.276
8238,-0.2678
8239,-0.2744
8240,-0.2678
8241,-0.2566
8242,-0.2548
8243,-0.2482
8244,-0.2464
8245,-0.2544
8246,-0.257
8247,-0.2552
8248,-0.2534
8249,-0.262
8250,-0.2438
8251,-0.2424
8252,-0.2384
8253,-0.2434
8254,-0.2384
8255,-0.232
8256,-0.2346
8257,-0.233
8258,-0.2398
8259,-0.2442
8260,-0.234
8261,-0.2386
8262,-0.2496
8263,-0.254
8264,-0.2562
8265,-0.2544
8266,-0.2346
8267,-0.2282
8268,-0.223
8269,-0.217
8270,-0.2216
8271,-0.2334
8272,-0.233
8273,-0.237
8274,-0.2234
8275,-0.2102
8276,-0.2022
8277,-0.2038
8278,-0.2044
8279,-0.1984
8280,-0.206
8281,-0.2096
8282,-0.2202
8283,-0.2218
8284,-0.218
8285,-0.2126
8286,-0.2248
8287,-0.2286
8288,-0.2248
8289,-0.2084
8290,-0.2078
8291,-0.2086
8292,-0.2138
8293,-0.2078
8294,-0.2098
8295,-0.2098
8296,-0.2136
8297,-0.2168
8298,-0.2106
8299,-0.2136
8300,-0.2124
8301,-0.2168
8302,-0.2226
8303,-0.2182
8304,-0.2338
8305,-0.2306
8306,-0.235
8307,-0.233
8308,-0.231
8309,-0.234
8310,-0.2446
8311,-0.2384
8312,-0.2482
8313,-0.2436
8314,-0.239
8315,-0.2454
8316,-0.2556
8317,-0.2572
8318,-0.2584
8319,-0.2468
8320,-0.2478
8321,-0.2508
8322,-0.2412
8323,-0.2416
8324,-0.2434
8325,-0.2414
8326,-0.2478
8327,-0.2488
8328,-0.2502
8329,-0.2488
8330,-0.2576
8331,-0.2432
8332,-0.2466
8333,-0.2482
8334,-0.2386
8335,-0.2556
8336,-0.248
8337,-0.2306
8338,-0.2484
8339,-0.2516
8340,-0.2612
8341,-0.2588
8342,-0.263
8343,-0.2722
8344,-0.2774
8345,-0.2718
8346,-0.2726
8347,-0.2634
8348,-0.263
8349,-0.2742
8350,-0.264
8351,-0.2592
8352,-0.2648
8353,-0.2632
8354,-0.2654
8355,-0.272
8356,-0.2628
8357,-0.2494
8358,-0.2402
8359,-0.2378
8360,-0.247
8361,-0.236
8362,-0.2416
8363,-0.2326
8364,-0.251
8365,-0.2514
8366,-0.2448
8367,-0.241
8368,-0.2444
8369,-0.243
8370,-0.2372
8371,-0.248
8372,-0.2376
8373,-0.2424
8374,-0.2402
8375,-0.2396
8376,-0.2258
8377,-0.2248
8378,-0.2222
8379,-0.2274
8380,-0.2282
8381,-0.2448
8382,-0.2384
8383,-0.233
8384,-0.231
8385,-0.2346
8386,-0.2366
8387,-0.2338
8388,-0.2436
8389,-0.2506
8390,-0.2422
8391,-0.2382
8392,-0.2388
8393,-0.2378
8394,-0.2358
8395,-0.2328
8396,-0.2322
8397,-0.2192
8398,-0.2286
8399,-0.2164
8400,-0.208
8401,-0.2168
8402,-0.2162
8403,-0.214
8404,-0.2164
8405,-0.2166
8406,-0.2182
8407,-0.219
8408,-0.2278
8409,-0.2356
8410,-0.2202
8411,-0.2168
8412,-0.2138
8413,-0.2024
8414,-0.2092
8415,-0.2184
8416,-0.2178
8417,-0.222
8418,-0.2198
8419,-0.214
8420,-0.21
8421,-0.207
8422,-0.2056
8423,-0.2004
8424,-0.2014
8425,-0.2052
8426,-0.2198
8427,-0.2364
8428,-0.24
8429,-0.2438
8430,-0.2348
8431,-0.2484
8432,-0.2428
8433,-0.244
8434,-0.2418
8435,-0.2368
8436,-0.2392
8437,-0.2332
8438,-0.2266
8439,-0.234
8440,-0.2306
8441,-0.235
8442,-0.2176
8443,-0.2132
8444,-0.2
8445,-0.1968
8446,-0.1954
8447,-0.1896
8448,-0.187
8449,-0.1752
8450,-0.1838
8451,-0.1898
8452,-0.1814
8453,-0.175
8454,-0.1718
8455,-0.1794
8456,-0.1768
8457,-0.1804
8458,-0.1798
8459,-0.1786
8460,-0.177
8461,-0.1842
8462,-0.1856
8463,-0.185
8464,-0.1812
8465,-0.168
8466,-0.174
8467,-0.181
8468,-0.1854
8469,-0.1876
8470,-0.1834
8471,-0.181
8472,-0.1794
8473,-0.1688
8474,-0.173
8475,-0.1664
8476,-0.1676
8477,-0.169
8478,-0.1726
8479,-0.188
8480,-0.1842
8481,-0.1708
8482,-0.1794
8483,-0.1786
8484,-0.1732
8485,-0.182
8486,-0.1704
8487,-0.1754
8488,-0.1862
8489,-0.1846
8490,-0.1828
8491,-0.1792
8492,-0.185
8493,-0.1914
8494,-0.1912
8495,-0.201
8496,-0.1998
8497,-0.1978
8498,-0.1906
8499,-0.1808
8500,-0.173
8501,-0.177
8502,-0.1942
8503,-0.1894
8504,-0.191
8505,-0.196
8506,-0.2008
8507,-0.2014
8508,-0.1952
8509,-0.1994
8510,-0.202
8511,-0.1966
8512,-0.2078
8513,-0.2022
8514,-0.2002
8515,-0.1938
8516,-0.1956
8517,-0.1956
8518,-0.1972
8519,-0.203
8520,-0.202
8521,-0.1964
8522,-0.199
8523,-0.2002
8524,-0.1998
8525,-0.1902
8526,-0.1956
8527,-0.2062
8528,-0.2088
8529,-0.209
8530,-0.2172
8531,-0.2324
8532,-0.225
8533,-0.2284
8534,-0.2202
8535,-0.2166
8536,-0.223
8537,-0.2204
8538,-0.221
8539,-0.219
8540,-0.235
8541,-0.2426
8542,-0.2388
8543,-0.2218
8544,-0.2358
8545,-0.233
8546,-0.2334
8547,-0.2328
8548,-0.2436
8549,-0.239
8550,-0.2428
8551,-0.2428
8552,-0.2286
8553,-0.2242
8554,-0.2456
8555,-0.2414
8556,-0.2304
8557,-0.226
8558,-0.2294
8559,-0.2332
8560,-0.2268
8561,-0.2126
8562,-0.198
8563,-0.2016
8564,-0.2024
8565,-0.1936
8566,-0.2012
8567,-0.2062
8568,-0.2062
8569,-0.2082
8570,-0.201
8571,-0.2004
8572,-0.2094
8573,-0.2114
8574,-0.2046
8575,-0.2096
8576,-0.212
8577,-0.2004
8578,-0.2006
8579,-0.1934
8580,-0.187
8581,-0.1946
8582,-0.19
8583,-0.1914
8584,-0.1898
8585,-0.1828
8586,-0.1836
8587,-0.1806
8588,-0.1814
8589,-0.1872
8590,-0.1886
8591,-0.191
8592,-0.177
8593,-0.1782
8594,-0.187
8595,-0.191
8596,-0.181
8597,-0.1912
8598,-0.1914
8599,-0.197
8600,-0.1946
8601,-0.198
8602,-0.1942
8603,-0.194
8604,-0.1922
8605,-0.1902
8606,-0.186
8607,-0.1868
8608,-0.1894
8609,-0.2056
8610,-0.1868
8611,-0.1842
8612,-0.1784
8613,-0.1778
8614,-0.1812
8615,-0.1718
8616,-0.1576
8617,-0.1638
8618,-0.1618
8619,-0.161
8620,-0.1548
8621,-0.1602
8622,-0.1708
8623,-0.1708
8624,-0.177
8625,-0.1786
8626,-0.177
8627,-0.1646
8628,-0.1684
8629,-0.1836
8630,-0.1846
8631,-0.1792
8632,-0.1746
8633,-0.1764
8634,-0.1654
8635,-0.1604
8636,-0.1662
8637,-0.1702
8638,-0.17
8639,-0.1658
8640,-0.1588
8641,-0.1662
8642,-0.1772
8643,-0.1766
8644,-0.1802
8645,-0.1882
8646,-0.1942
8647,-0.2002
8648,-0.1926
8649,-0.197
8650,-0.212
8651,-0.2086
8652,-0.2008
8653,-0.2024
8654,-0.194
8655,-0.2024
8656,-0.2096
8657,-0.2032
8658,-0.1912
8659,-0.202
8660,-0.2116
8661,-0.2132
8662,-0.2326
8663,-0.2272
8664,-0.2308
8665,-0.2194
8666,-0.2224
8667,-0.2082
8668,-0.2018
8669,-0.216
8670,-0.2102
8671,-0.2048
8672,-0.204
8673,-0.2128
8674,-0.2104
8675,-0.208
8676,-0.209
8677,-0.208
8678,-0.2006
8679,-0.1946
8680,-0.1994
8681,-0.208
8682,-0.21
8683,-0.2132
8684,-0.2062
8685,-0.2018
8686,-0.1968
8687,-0.19
8688,-0.197
8689,-0.2002
8690,-0.198
8691,-0.204
8692,-0.2026
8693,-0.2
8694,-0.197
8695,-0.1856
8696,-0.1984
8697,-0.1918
8698,-0.1972
8699,-0.1838
8700,-0.1768
8701,-0.1756
8702,-0.1824
8703,-0.1824
8704,-0.201
8705,-0.1996
8706,-0.196
8707,-0.1988
8708,-0.199
8709,-0.2042
8710,-0.194
8711,-0.193
8712,-0.2068
8713,-0.2054
8714,-0.2174
8715,-0.2116
8716,-0.2102
8717,-0.2066
8718,-0.208
8719,-0.1998
8720,-0.2014
8721,-0.2036
8722,-0.1884
8723,-0.202
8724,-0.1918
8725,-0.1956
8726,-0.203
8727,-0.1958
8728,-0.195
8729,-0.1962
8730,-0.1878
8731,-0.191
8732,-0.1834
8733,-0.1802
8734,-0.182
8735,-0.1796
8736,-0.186
8737,-0.1788
8738,-0.175
8739,-0.1774
8740,-0.1692
8741,-0.1558
8742,-0.1554
8743,-0.1636
8744,-0.1744
8745,-0.1684
8746,-0.172
8747,-0.1816
8748,-0.1982
8749,-0.1926
8750,-0.191
8751,-0.1932
8752,-0.2042
8753,-0.203
8754,-0.1906
8755,-0.1754
8756,-0.1668
8757,-0.1678
8758,-0.1664
8759,-0.1692
8760,-0.1686
8761,-0.1664
8762,-0.1764
8763,-0.1814
8764,-0.1806
8765,-0.1722
8766,-0.1696
8767,-0.1688
8768,-0.1564
8769,-0.168
8770,-0.1686
8771,-0.1798
8772,-0.1756
8773,-0.1638
8774,-0.1586
8775,-0.1638
8776,-0.1592
8777,-0.1496
8778,-0.1526
8779,-0.1442
8780,-0.1498
8781,-0.1466
8782,-0.14
8783,-0.1342
8784,-0.1316
8785,-0.1408
8786,-0.143
8787,-0.162
8788,-0.1578
8789,-0.1578
8790,-0.1574
8791,-0.1588
8792,-0.152
8793,-0.1532
8794,-0.1544
8795,-0.1508
8796,-0.161
8797,-0.1696
8798,-0.1786
8799,-0.149
8800,-0.1422
8801,-0.1432
8802,-0.1454
8803,-0.1506
8804,-0.1472
8805,-0.1382
8806,-0.1264
8807,-0.1284
8808,-0.1234
8809,-0.1198
8810,-0.1334
8811,-0.1264
8812,-0.1246
8813,-0.1172
8814,-0.119
8815,-0.1112
8816,-0.1078
8817,-0.1022
8818,-0.1096
8819,-0.112
8820,-0.1022
8821,-0.102
8822,-0.101
8823,-0.1056
8824,-0.1012
8825,-0.113
8826,-0.1156
8827,-0.1144
8828,-0.1114
8829,-0.1048
8830,-0.1078
8831,-0.1036
8832,-0.0992
8833,-0.0944
8834,-0.095
8835,-0.1044
8836,-0.0948
8837,-0.0956
8838,-0.0842
8839,-0.0806
8840,-0.0968
8841,-0.108
8842,-0.12
8843,-0.1208
8844,-0.12
8845,-0.1212
8846,-0.115
8847,-0.112
8848,-0.1184
8849,-0.101
8850,-0.1102
8851,-0.1258
8852,-0.1104
8853,-0.0974
8854,-0.091
8855,-0.0876
8856,-0.0908
8857,-0.0848
8858,-0.086
8859,-0.0876
8860,-0.0922
8861,-0.089
8862,-0.0948
8863,-0.0974
8864,-0.1134
8865,-0.1138
8866,-0.1046
8867,-0.1046
8868,-0.1232
8869,-0.1236
8870,-0.1198
8871,-0.1176
8872,-0.118
8873,-0.13
8874,-0.1284
8875,-0.1238
8876,-0.1326
8877,-0.1216
8878,-0.1232
8879,-0.1364
8880,-0.15
8881,-0.1536
8882,-0.1594
8883,-0.1674
8884,-0.1662
8885,-0.1788
8886,-0.1674
8887,-0.188
8888,-0.1944
8889,-0.1956
8890,-0.1972
8891,-0.2074
8892,-0.1934
8893,-0.1952
8894,-0.189
8895,-0.1746
8896,-0.1834
8897,-0.187
8898,-0.1788
8899,-0.1832
8900,-0.1886
8901,-0.183
8902,-0.1976
8903,-0.185
8904,-0.1906
8905,-0.1986
8906,-0.2
8907,-0.2174
8908,-0.2096
8909,-0.1962
8910,-0.1836
8911,-0.1928
8912,-0.196
8913,-0.2058
8914,-0.1962
8915,-0.1878
8916,-0.187
8917,-0.1874
8918,-0.1824
8919,-0.1954
8920,-0.2026
8921,-0.2126
8922,-0.2134
8923,-0.2262
8924,-0.227
8925,-0.223
8926,-0.2178
8927,-0.209
8928,-0.198
8929,-0.191
8930,-0.2008
8931,-0.2016
8932,-0.1968
8933,-0.2044
8934,-0.1962
8935,-0.202
8936,-0.2128
8937,-0.2036
8938,-0.1962
8939,-0.1992
8940,-0.1936
8941,-0.197
8942,-0.1912
8943,-0.1978
8944,-0.195
8945,-0.1884
8946,-0.1898
8947,-0.1956
8948,-0.202
8949,-0.1992
8950,-0.1956
8951,-0.2048
8952,-0.1894
8953,-0.1986
8954,-0.2048
8955,-0.2216
8956,-0.2212
8957,-0.2212
8958,-0.2106
8959,-0.21
8960,-0.224
8961,-0.2198
8962,-0.2176
8963,-0.211
8964,-0.2222
8965,-0.2266
8966,-0.2286
8967,-0.2374
8968,-0.2244
8969,-0.2316
8970,-0.226
8971,-0.226
8972,-0.2336
8973,-0.24
8974,-0.2436
8975,-0.2534
8976,-0.2522
8977,-0.2428
8978,-0.2588
8979,-0.2576
8980,-0.2568
8981,-0.2584
8982,-0.2608
8983,-0.2538
8984,-0.253
8985,-0.2506
8986,-0.2498
8987,-0.2462
8988,-0.2494
8989,-0.2498
8990,-0.2354
8991,-0.2242
8992,-0.218
8993,-0.221
8994,-0.224
8995,-0.2304
8996,-0.2432
8997,-0.2408
8998,-0.241
8999,-0.2434
9000,-0.2336
9001,-0.2326
9002,-0.2368
9003,-0.2442
9004,-0.2408
9005,-0.2326
9006,-0.2408
9007,-0.2408
9008,-0.2374
9009,-0.2332
9010,-0.2304
9011,-0.2348
9012,-0.2324
9013,-0.2364
9014,-0.2294
9015,-0.2398
9016,-0.245
9017,-0.2432
9018,-0.2386
9019,-0.2372
9020,-0.2408
9021,-0.246
9022,-0.2298
9023,-0.239
9024,-0.2418
9025,-0.2484
9026,-0.245
9027,-0.2538
9028,-0.2436
9029,-0.235
9030,-0.2332
9031,-0.2384
9032,-0.2438
9033,-0.2442
9034,-0.2628
9035,-0.2516
9036,-0.242
9037,-0.2424
9038,-0.2212
9039,-0.2308
9040,-0.2232
9041,-0.2212
9042,-0.215
9043,-0.2138
9044,-0.2092
9045,-0.2248
9046,-0.2228
9047,-0.2254
9048,-0.2234
9049,-0.2274
9050,-0.2208
9051,-0.2244
9052,-0.228
9053,-0.2338
9054,-0.2392
9055,-0.2458
9056,-0.2506
9057,-0.2424
9058,-0.2372
9059,-0.2252
9060,-0.212
9061,-0.219
9062,-0.2268
9063,-0.2244
9064,-0.2176
9065,-0.2132
9066,-0.2246
9067,-0.222
9068,-0.2352
9069,-0.2386
9070,-0.23
9071,-0.239
9072,-0.244
9073,-0.2412
9074,-0.2518
9075,-0.2428
9076,-0.2428
9077,-0.2556
9078,-0.2656
9079,-0.276
9080,-0.281
9081,-0.2856
9082,-0.2872
9083,-0.2934
9084,-0.2826
9085,-0.286
9086,-0.2912
9087,-0.3002
9088,-0.3086
9089,-0.2952
9090,-0.2964
9091,-0.2862
9092,-0.278
9093,-0.273
9094,-0.2688
9095,-0.2608
9096,-0.277
9097,-0.2784
9098,-0.2852
9099,-0.2884
9100,-0.2804
9101,-0.285
9102,-0.2934
9103,-0.284
9104,-0.2868
9105,-0.2736
9106,-0.2814
9107,-0.288
9108,-0.2876
9109,-0.2848
9110,-0.2894
9111,-0.2924
9112,-0.294
9113,-0.3112
9114,-0.3042
9115,-0.2946
9116,-0.2932
9117,-0.3044
9118,-0.3038
9119,-0.3118
9120,-0.3152
9121,-0.317
9122,-0.3248
9123,-0.3138
9124,-0.3074
9125,-0.3088
9126,-0.2952
9127,-0.2992
9128,-0.288
9129,-0.284
9130,-0.2938
9131,-0.2978
9132,-0.2846
9133,-0.2762
9134,-0.2802
9135,-0.2888
9136,-0.3012
9137,-0.3084
9138,-0.3152
9139,-0.3216
9140,-0.3198
9141,-0.328
9142,-0.3192
9143,-0.314
9144,-0.3184
9145,-0.3178
9146,-0.3066
9147,-0.3154
9148,-0.325
9149,-0.3266
9150,-0.3302
9151,-0.334
9152,-0.3352
9153,-0.332
9154,-0.334
9155,-0.3394
9156,-0.342
9157,-0.347
9158,-0.3484
9159,-0.3498
9160,-0.3572
9161,-0.3616
9162,-0.358
9163,-0.3676
9164,-0.3618
9165,-0.3436
9166,-0.3316
9167,-0.325
9168,-0.3346
9169,-0.346
9170,-0.3382
9171,-0.341
9172,-0.3256
9173,-0.3348
9174,-0.3352
9175,-0.3272
9176,-0.3324
9177,-0.3326
9178,-0.3108
9179,-0.299
9180,-0.3122
9181,-0.3022
9182,-0.3046
9183,-0.2986
9184,-0.3044
9185,-0.2946
9186,-0.29
9187,-0.2822
9188,-0.276
9189,-0.2662
9190,-0.2786
9191,-0.2692
9192,-0.2806
9193,-0.2706
9194,-0.2756
9195,-0.2722
9196,-0.2726
9197,-0.2546
9198,-0.2512
9199,-0.2518
9200,-0.2528
9201,-0.2426
9202,-0.2346
9203,-0.24
9204,-0.2334
9205,-0.2268
9206,-0.2262
9207,-0.2386
9208,-0.2446
9209,-0.2626
9210,-0.2558
9211,-0.2602
9212,-0.2778
9213,-0.2834
9214,-0.2842
9215,-0.2788
9216,-0.2754
9217,-0.2562
9218,-0.2618
9219,-0.273
9220,-0.2762
9221,-0.2792
9222,-0.2828
9223,-0.2806
9224,-0.2722
9225,-0.2856
9226,-0.2964
9227,-0.2982
9228,-0.3008
9229,-0.3274
9230,-0.3264
9231,-0.317
9232,-0.3132
9233,-0.3062
9234,-0.301
9235,-0.2956
9236,-0.2954
9237,-0.3052
9238,-0.2954
9239,-0.2886
9240,-0.2748
9241,-0.2804
9242,-0.293
9243,-0.2906
9244,-0.2768
9245,-0.2814
9246,-0.283
9247,-0.2824
9248,-0.2946
9249,-0.2938
9250,-0.2862
9251,-0.2906
9252,-0.2916
9253,-0.2956
9254,-0.2974
9255,-0.286
9256,-0.283
9257,-0.298
9258,-0.2956
9259,-0.2846
9260,-0.2894
9261,-0.2958
9262,-0.3034
9263,-0.3008
9264,-0.2952
9265,-0.2876
9266,-0.2864
9267,-0.2874
9268,-0.2824
9269,-0.2846
9270,-0.2992
9271,-0.3
9272,-0.3036
9273,-0.2854
9274,-0.284
9275,-0.2852
9276,-0.294
9277,-0.3056
9278,-0.3014
9279,-0.294
9280,-0.3026
9281,-0.2978
9282,-0.3006
9283,-0.3028
9284,-0.302
9285,-0.2982
9286,-0.2944
9287,-0.2904
9288,-0.2916
9289,-0.2982
9290,-0.2968
9291,-0.2956
9292,-0.3018
9293,-0.2992
9294,-0.296
9295,-0.2918
9296,-0.3034
9297,-0.3222
9298,-0.3196
9299,-0.3162
9300,-0.3158
9301,-0.3068
9302,-0.2968
9303,-0.295
9304,-0.303
9305,-0.2986
9306,-0.3036
9307,-0.3018
9308,-0.2838
9309,-0.2804
9310,-0.286
9311,-0.2786
9312,-0.2786
9313,-0.2858
9314,-0.281
9315,-0.2826
9316,-0.2892
9317,-0.3044
9318,-0.3014
9319,-0.2856
9320,-0.2696
9321,-0.263
9322,-0.2656
9323,-0.2598
9324,-0.2498
9325,-0.2538
9326,-0.2504
9327,-0.258
9328,-0.2466
9329,-0.2498
9330,-0.2438
9331,-0.2392
9332,-0.2352
9333,-0.2138
9334,-0.216
9335,-0.2246
9336,-0.2294
9337,-0.2292
9338,-0.241
9339,-0.2238
9340,-0.226
9341,-0.2312
9342,-0.2302
9343,-0.2268
9344,-0.2296
9345,-0.2148
9346,-0.2062
9347,-0.2126
9348,-0.2168
9349,-0.2172
9350,-0.226
9351,-0.2344
9352,-0.2354
9353,-0.2406
9354,-0.255
9355,-0.2546
9356,-0.2586
9357,-0.2658
9358,-0.273
9359,-0.2822
9360,-0.277
9361,-0.2808
9362,-0.2828
9363,-0.2814
9364,-0.2828
9365,-0.296
9366,-0.3024
9367,-0.3058
9368,-0.2982
9369,-0.3066
9370,-0.294
9371,-0.2936
9372,-0.313
9373,-0.319
9374,-0.3194
9375,-0.3276
9376,-0.3278
9377,-0.3256
9378,-0.3206
9379,-0.322
9380,-0.3248
9381,-0.3196
9382,-0.2994
9383,-0.3082
9384,-0.3186
9385,-0.3094
9386,-0.3014
9387,-0.3166
9388,-0.3122
9389,-0.3046
9390,-0.3028
9391,-0.2998
9392,-0.3002
9393,-0.2968
9394,-0.2962
9395,-0.291
9396,-0.2726
9397,-0.2896
9398,-0.2784
9399,-0.272
9400,-0.2638
9401,-0.2728
9402,-0.2776
9403,-0.2828
9404,-0.2852
9405,-0.2978
9406,-0.3154
9407,-0.3104
9408,-0.3124
9409,-0.316
9410,-0.3124
9411,-0.3208
9412,-0.3074
9413,-0.3088
9414,-0.2992
9415,-0.3008
9416,-0.3056
9417,-0.3016
9418,-0.3054
9419,-0.3128
9420,-0.3016
9421,-0.2994
9422,-0.2922
9423,-0.284
9424,-0.2798
9425,-0.2878
9426,-0.2854
9427,-0.2896
9428,-0.2902
9429,-0.2976
9430,-0.297
9431,-0.3002
9432,-0.3076
9433,-0.293
9434,-0.2844
9435,-0.2822
9436,-0.2816
9437,-0.2964
9438,-0.2986
9439,-0.2986
9440,-0.2902
9441,-0.2902
9442,-0.2974
9443,-0.2864
9444,-0.2824
9445,-0.2826
9446,-0.2936
9447,-0.2954
9448,-0.2958
9449,-0.2872
9450,-0.2888
9451,-0.2844
9452,-0.2882
9453,-0.2922
9454,-0.3008
9455,-0.3088
9456,-0.305
9457,-0.3146
9458,-0.3092
9459,-0.3182
9460,-0.3304
9461,-0.3254
9462,-0.3326
9463,-0.3346
9464,-0.341
9465,-0.3394
9466,-0.3322
9467,-0.3326
9468,-0.3212
9469,-0.3258
9470,-0.3334
9471,-0.348
9472,-0.3438
9473,-0.3608
9474,-0.346
9475,-0.336
9476,-0.345
9477,-0.3346
9478,-0.336
9479,-0.3356
9480,-0.3472
9481,-0.3454
9482,-0.333
9483,-0.3424
9484,-0.346
9485,-0.343
9486,-0.3372
9487,-0.3346
9488,-0.3298
9489,-0.329
9490,-0.3304
9491,-0.3278
9492,-0.3414
9493,-0.3402
9494,-0.3454
9495,-0.346
9496,-0.346
9497,-0.3416
9498,-0.3436
9499,-0.3424
9500,-0.3528
9501,-0.3422
9502,-0.3404
9503,-0.3576
9504,-0.3572
9505,-0.3594
9506,-0.339
9507,-0.341
9508,-0.3418
9509,-0.3402
9510,-0.3348
9511,-0.343
9512,-0.3384
9513,-0.3254
9514,-0.3264
9515,-0.3288
9516,-0.3258
9517,-0.3224
9518,-0.3288
9519,-0.3302
9520,-0.33
9521,-0.326
9522,-0.3276
9523,-0.3318
9524,-0.3382
9525,-0.3442
9526,-0.3414
9527,-0.3438
9528,-0.3444
9529,-0.3478
9530,-0.3374
9531,-0.3316
9532,-0.3456
9533,-0.351
9534,-0.344
9535,-0.3378
9536,-0.3286
9537,-0.3196
9538,-0.3156
9539,-0.3128
9540,-0.3154
9541,-0.3204
9542,-0.3202
9543,-0.3104
9544,-0.315
9545,-0.3102
9546,-0.3076
9547,-0.313
9548,-0.3122
9549,-0.3144
9550,-0.3088
9551,-0.3222
9552,-0.3244
9553,-0.3222
9554,-0.3058
9555,-0.3158
9556,-0.3174
9557,-0.3142
9558,-0.3106
9559,-0.3056
9560,-0.3158
9561,-0.3206
9562,-0.3136
9563,-0.3276
9564,-0.3304
9565,-0.34
9566,-0.34
9567,-0.336
9568,-0.3288
9569,-0.3288
9570,-0.3198
9571,-0.3074
9572,-0.3006
9573,-0.3082
9574,-0.3092
9575,-0.305
9576,-0.3242
9577,-0.3256
9578,-0.3246
9579,-0.342
9580,-0.3416
9581,-0.3434
9582,-0.3468
9583,-0.3446
9584,-0.3372
9585,-0.3386
9586,-0.3392
9587,-0.3356
9588,-0.3312
9589,-0.3324
9590,-0.3246
9591,-0.3276
9592,-0.3384
9593,-0.3378
9594,-0.3258
9595,-0.3234
9596,-0.332
9597,-0.3316
9598,-0.3386
9599,-0.3346
9600,-0.3446
9601,-0.3424
9602,-0.3458
9603,-0.3488
9604,-0.3408
9605,-0.3648
9606,-0.366
9607,-0.3768
9608,-0.3802
9609,-0.3704
9610,-0.3744
9611,-0.3652
9612,-0.3652
9613,-0.3632
9614,-0.3534
9615,-0.3606
9616,-0.3516
9617,-0.3506
9618,-0.36
9619,-0.3578
9620,-0.3484
9621,-0.3468
9622,-0.3454
9623,-0.3442
9624,-0.3502
9625,-0.3484
9626,-0.347
9627,-0.3544
9628,-0.3474
9629,-0.3536
9630,-0.3542
9631,-0.3646
9632,-0.3548
9633,-0.3578
9634,-0.3534
9635,-0.3578
9636,-0.3592
9637,-0.3548
9638,-0.3506
9639,-0.345
9640,-0.3262
9641,-0.3254
9642,-0.33
9643,-0.3328
9644,-0.3272
9645,-0.324
9646,-0.3128
9647,-0.3208
9648,-0.3206
9649,-0.3296
9650,-0.3338
9651,-0.3386
9652,-0.3384
9653,-0.3338
9654,-0.3358
9655,-0.3372
9656,-0.3442
9657,-0.3406
9658,-0.3518
9659,-0.3404
9660,-0.329
9661,-0.326
9662,-0.332
9663,-0.3246
9664,-0.3396
9665,-0.3422
9666,-0.337
9667,-0.324
9668,-0.3296
9669,-0.3184
9670,-0.3244
9671,-0.3154
9672,-0.3142
9673,-0.3152
9674,-0.3152
9675,-0.3194
9676,-0.3386
9677,-0.3532
9678,-0.3458
9679,-0.3448
9680,-0.34
9681,-0.3366
9682,-0.3392
9683,-0.3374
9684,-0.327
9685,-0.3288
9686,-0.34
9687,-0.3404
9688,-0.3384
9689,-0.3432
9690,-0.3408
9691,-0.3436
9692,-0.3478
9693,-0.334
9694,-0.3334
9695,-0.3296
9696,-0.3432
9697,-0.3456
9698,-0.3302
9699,-0.346
9700,-0.3386
9701,-0.3272
9702,-0.319
9703,-0.3168
9704,-0.3298
9705,-0.342
9706,-0.351
9707,-0.3626
9708,-0.3652
9709,-0.3836
9710,-0.375
9711,-0.3758
9712,-0.3734
9713,-0.3692
9714,-0.3598
9715,-0.362
9716,-0.3652
9717,-0.3672
9718,-0.3722
9719,-0.3648
9720,-0.3682
9721,-0.3588
9722,-0.3564
9723,-0.3566
9724,-0.365
9725,-0.357
9726,-0.3606
9727,-0.3706
9728,-0.369
9729,-0.3592
9730,-0.3728
9731,-0.3678
9732,-0.3614
9733,-0.3682
9734,-0.3696
9735,-0.3734
9736,-0.3804
9737,-0.3856
9738,-0.3772
9739,-0.3816
9740,-0.375
9741,-0.375
9742,-0.379
9743,-0.3822
9744,-0.3862
9745,-0.3938
9746,-0.3906
9747,-0.3838
9748,-0.365
9749,-0.3692
9750,-0.3768
9751,-0.3774
9752,-0.3908
9753,-0.392
9754,-0.4
9755,-0.393
9756,-0.3966
9757,-0.387
9758,-0.3808
9759,-0.3828
9760,-0.3826
9761,-0.4014
9762,-0.408
9763,-0.3994
9764,-0.3954
9765,-0.389
9766,-0.3892
9767,-0.3822
9768,-0.3878
9769,-0.3898
9770,-0.387
9771,-0.4062
9772,-0.4132
9773,-0.4206
9774,-0.4234
9775,-0.4194
9776,-0.4292
9777,-0.4238
9778,-0.4066
9779,-0.4036
9780,-0.4004
9781,-0.3998
9782,-0.3992
9783,-0.3884
9784,-0.3958
9785,-0.3918
9786,-0.3868
9787,-0.3828
9788,-0.3732
9789,-0.372
9790,-0.3698
9791,-0.3782
9792,-0.376
9793,-0.3684
9794,-0.37
9795,-0.376
9796,-0.392
9797,-0.3892
9798,-0.3804
9799,-0.369
9800,-0.373
9801,-0.3738
9802,-0.3774
9803,-0.3654
9804,-0.3824
9805,-0.3768
9806,-0.3818
9807,-0.3886
9808,-0.3864
9809,-0.3896
9810,-0.3966
9811,-0.4004
9812,-0.3982
9813,-0.4038
9814,-0.4006
9815,-0.4014
9816,-0.3972
9817,-0.3906
9818,-0.3846
9819,-0.3968
9820,-0.4034
9821,-0.3998
9822,-0.4086
9823,-0.4116
9824,-0.4098
9825,-0.4086
9826,-0.4066
9827,-0.3996
9828,-0.3964
9829,-0.3986
9830,-0.4012
9831,-0.415
9832,-0.4108
9833,-0.408
9834,-0.4118
9835,-0.4116
9836,-0.3994
9837,-0.4034
9838,-0.4048
9839,-0.4066
9840,-0.3996
9841,-0.4008
9842,-0.399
9843,-0.3908
9844,-0.375
9845,-0.381
9846,-0.379
9847,-0.3892
9848,-0.3874
9849,-0.4038
9850,-0.4094
9851,-0.402
9852,-0.3978
9853,-0.3892
9854,-0.403
9855,-0.405
9856,-0.384
9857,-0.3908
9858,-0.3854
9859,-0.385
9860,-0.3758
9861,-0.3762
9862,-0.3708
9863,-0.3728
9864,-0.3738
9865,-0.3794
9866,-0.3732
9867,-0.3686
9868,-0.3666
9869,-0.369
9870,-0.361
9871,-0.3604
9872,-0.3548
9873,-0.3568
9874,-0.3576
9875,-0.3694
9876,-0.376
9877,-0.3766
9878,-0.3774
9879,-0.3764
9880,-0.3682
9881,-0.3628
9882,-0.3682
9883,-0.3782
9884,-0.38
9885,-0.3944
9886,-0.3962
9887,-0.3922
9888,-0.3958
9889,-0.3974
9890,-0.4002
9891,-0.3944
9892,-0.3964
9893,-0.392
9894,-0.3986
9895,-0.395
9896,-0.3898
9897,-0.3904
9898,-0.389
9899,-0.4042
9900,-0.4074
9901,-0.4104
9902,-0.417
9903,-0.4214
9904,-0.411
9905,-0.4066
9906,-0.4116
9907,-0.4102
9908,-0.4056
9909,-0.4074
9910,-0.4232
9911,-0.4278
9912,-0.4136
9913,-0.4142
9914,-0.4132
9915,-0.405
9916,-0.4156
9917,-0.4162
9918,-0.4182
9919,-0.4244
9920,-0.417
9921,-0.413
9922,-0.4178
9923,-0.4146
9924,-0.4102
9925,-0.4198
9926,-0.4286
9927,-0.4248
9928,-0.4196
9929,-0.4184
9930,-0.4204
9931,-0.4162
9932,-0.4052
9933,-0.4216
9934,-0.412
9935,-0.4166
9936,-0.4208
9937,-0.423
9938,-0.4226
9939,-0.4192
9940,-0.4158
9941,-0.4218
9942,-0.4286
9943,-0.435
9944,-0.4322
9945,-0.4196
9946,-0.4246
9947,-0.4248
9948,-0.434
9949,-0.4344
9950,-0.4204
9951,-0.4256
9952,-0.4264
9953,-0.4312
9954,-0.432
9955,-0.4272
9956,-0.4454
9957,-0.44
9958,-0.439
9959,-0.4362
9960,-0.4384
9961,-0.4536
9962,-0.454
9963,-0.4614
9964,-0.4578
9965,-0.4546
9966,-0.4396
9967,-0.4498
9968,-0.4586
9969,-0.4642
9970,-0.4618
9971,-0.4758
9972,-0.477
9973,-0.4624
9974,-0.4638
9975,-0.4666
9976,-0.4562
9977,-0.4466
9978,-0.4468
9979,-0.4456
9980,-0.4514
9981,-0.4542
9982,-0.465
9983,-0.4764
9984,-0.4696
9985,-0.4746
9986,-0.4668
9987,-0.4634
9988,-0.4698
9989,-0.4628
9990,-0.4614
9991,-0.4564
9992,-0.4604
9993,-0.4576
9994,-0.4676
9995,-0.4568
9996,-0.4548
9997,-0.4612
9998,-0.4546
9999,-0.457
