0 99 1 9900 100
1 0 2 9901 101
2 1 3 9902 102
3 2 4 9903 103
4 3 5 9904 104
5 4 6 9905 105
6 5 7 9906 106
7 6 8 9907 107
8 7 9 9908 108
9 8 10 9909 109
10 9 11 9910 110
11 10 12 9911 111
12 11 13 9912 112
13 12 14 9913 113
14 13 15 9914 114
15 14 16 9915 115
16 15 17 9916 116
17 16 18 9917 117
18 17 19 9918 118
19 18 20 9919 119
20 19 21 9920 120
21 20 22 9921 121
22 21 23 9922 122
23 22 24 9923 123
24 23 25 9924 124
25 24 26 9925 125
26 25 27 9926 126
27 26 28 9927 127
28 27 29 9928 128
29 28 30 9929 129
30 29 31 9930 130
31 30 32 9931 131
32 31 33 9932 132
33 32 34 9933 133
34 33 35 9934 134
35 34 36 9935 135
36 35 37 9936 136
37 36 38 9937 137
38 37 39 9938 138
39 38 40 9939 139
40 39 41 9940 140
41 40 42 9941 141
42 41 43 9942 142
43 42 44 9943 143
44 43 45 9944 144
45 44 46 9945 145
46 45 47 9946 146
47 46 48 9947 147
48 47 49 9948 148
49 48 50 9949 149
50 49 51 9950 150
51 50 52 9951 151
52 51 53 9952 152
53 52 54 9953 153
54 53 55 9954 154
55 54 56 9955 155
56 55 57 9956 156
57 56 58 9957 157
58 57 59 9958 158
59 58 60 9959 159
60 59 61 9960 160
61 60 62 9961 161
62 61 63 9962 162
63 62 64 9963 163
64 63 65 9964 164
65 64 66 9965 165
66 65 67 9966 166
67 66 68 9967 167
68 67 69 9968 168
69 68 70 9969 169
70 69 71 9970 170
71 70 72 9971 171
72 71 73 9972 172
73 72 74 9973 173
74 73 75 9974 174
75 74 76 9975 175
76 75 77 9976 176
77 76 78 9977 177
78 77 79 9978 178
79 78 80 9979 179
80 79 81 9980 180
81 80 82 9981 181
82 81 83 9982 182
83 82 84 9983 183
84 83 85 9984 184
85 84 86 9985 185
86 85 87 9986 186
87 86 88 9987 187
88 87 89 9988 188
89 88 90 9989 189
90 89 91 9990 190
91 90 92 9991 191
92 91 93 9992 192
93 92 94 9993 193
94 93 95 9994 194
95 94 96 9995 195
96 95 97 9996 196
97 96 98 9997 197
98 97 99 9998 198
99 98 0 9999 199
100 199 101 0 200
101 100 102 1 201
102 101 103 2 202
103 102 104 3 203
104 103 105 4 204
105 104 106 5 205
106 105 107 6 206
107 106 108 7 207
108 107 109 8 208
109 108 110 9 209
110 109 111 10 210
111 110 112 11 211
112 111 113 12 212
113 112 114 13 213
114 113 115 14 214
115 114 116 15 215
116 115 117 16 216
117 116 118 17 217
118 117 119 18 218
119 118 120 19 219
120 119 121 20 220
121 120 122 21 221
122 121 123 22 222
123 122 124 23 223
124 123 125 24 224
125 124 126 25 225
126 125 127 26 226
127 126 128 27 227
128 127 129 28 228
129 128 130 29 229
130 129 131 30 230
131 130 132 31 231
132 131 133 32 232
133 132 134 33 233
134 133 135 34 234
135 134 136 35 235
136 135 137 36 236
137 136 138 37 237
138 137 139 38 238
139 138 140 39 239
140 139 141 40 240
141 140 142 41 241
142 141 143 42 242
143 142 144 43 243
144 143 145 44 244
145 144 146 45 245
146 145 147 46 246
147 146 148 47 247
148 147 149 48 248
149 148 150 49 249
150 149 151 50 250
151 150 152 51 251
152 151 153 52 252
153 152 154 53 253
154 153 155 54 254
155 154 156 55 255
156 155 157 56 256
157 156 158 57 257
158 157 159 58 258
159 158 160 59 259
160 159 161 60 260
161 160 162 61 261
162 161 163 62 262
163 162 164 63 263
164 163 165 64 264
165 164 166 65 265
166 165 167 66 266
167 166 168 67 267
168 167 169 68 268
169 168 170 69 269
170 169 171 70 270
171 170 172 71 271
172 171 173 72 272
173 172 174 73 273
174 173 175 74 274
175 174 176 75 275
176 175 177 76 276
177 176 178 77 277
178 177 179 78 278
179 178 180 79 279
180 179 181 80 280
181 180 182 81 281
182 181 183 82 282
183 182 184 83 283
184 183 185 84 284
185 184 186 85 285
186 185 187 86 286
187 186 188 87 287
188 187 189 88 288
189 188 190 89 289
190 189 191 90 290
191 190 192 91 291
192 191 193 92 292
193 192 194 93 293
194 193 195 94 294
195 194 196 95 295
196 195 197 96 296
197 196 198 97 297
198 197 199 98 298
199 198 100 99 299
200 299 201 100 300
201 200 202 101 301
202 201 203 102 302
203 202 204 103 303
204 203 205 104 304
205 204 206 105 305
206 205 207 106 306
207 206 208 107 307
208 207 209 108 308
209 208 210 109 309
210 209 211 110 310
211 210 212 111 311
212 211 213 112 312
213 212 214 113 313
214 213 215 114 314
215 214 216 115 315
216 215 217 116 316
217 216 218 117 317
218 217 219 118 318
219 218 220 119 319
220 219 221 120 320
221 220 222 121 321
222 221 223 122 322
223 222 224 123 323
224 223 225 124 324
225 224 226 125 325
226 225 227 126 326
227 226 228 127 327
228 227 229 128 328
229 228 230 129 329
230 229 231 130 330
231 230 232 131 331
232 231 233 132 332
233 232 234 133 333
234 233 235 134 334
235 234 236 135 335
236 235 237 136 336
237 236 238 137 337
238 237 239 138 338
239 238 240 139 339
240 239 241 140 340
241 240 242 141 341
242 241 243 142 342
243 242 244 143 343
244 243 245 144 344
245 244 246 145 345
246 245 247 146 346
247 246 248 147 347
248 247 249 148 348
249 248 250 149 349
250 249 251 150 350
251 250 252 151 351
252 251 253 152 352
253 252 254 153 353
254 253 255 154 354
255 254 256 155 355
256 255 257 156 356
257 256 258 157 357
258 257 259 158 358
259 258 260 159 359
260 259 261 160 360
261 260 262 161 361
262 261 263 162 362
263 262 264 163 363
264 263 265 164 364
265 264 266 165 365
266 265 267 166 366
267 266 268 167 367
268 267 269 168 368
269 268 270 169 369
270 269 271 170 370
271 270 272 171 371
272 271 273 172 372
273 272 274 173 373
274 273 275 174 374
275 274 276 175 375
276 275 277 176 376
277 276 278 177 377
278 277 279 178 378
279 278 280 179 379
280 279 281 180 380
281 280 282 181 381
282 281 283 182 382
283 282 284 183 383
284 283 285 184 384
285 284 286 185 385
286 285 287 186 386
287 286 288 187 387
288 287 289 188 388
289 288 290 189 389
290 289 291 190 390
291 290 292 191 391
292 291 293 192 392
293 292 294 193 393
294 293 295 194 394
295 294 296 195 395
296 295 297 196 396
297 296 298 197 397
298 297 299 198 398
299 298 200 199 399
300 399 301 200 400
301 300 302 201 401
302 301 303 202 402
303 302 304 203 403
304 303 305 204 404
305 304 306 205 405
306 305 307 206 406
307 306 308 207 407
308 307 309 208 408
309 308 310 209 409
310 309 311 210 410
311 310 312 211 411
312 311 313 212 412
313 312 314 213 413
314 313 315 214 414
315 314 316 215 415
316 315 317 216 416
317 316 318 217 417
318 317 319 218 418
319 318 320 219 419
320 319 321 220 420
321 320 322 221 421
322 321 323 222 422
323 322 324 223 423
324 323 325 224 424
325 324 326 225 425
326 325 327 226 426
327 326 328 227 427
328 327 329 228 428
329 328 330 229 429
330 329 331 230 430
331 330 332 231 431
332 331 333 232 432
333 332 334 233 433
334 333 335 234 434
335 334 336 235 435
336 335 337 236 436
337 336 338 237 437
338 337 339 238 438
339 338 340 239 439
340 339 341 240 440
341 340 342 241 441
342 341 343 242 442
343 342 344 243 443
344 343 345 244 444
345 344 346 245 445
346 345 347 246 446
347 346 348 247 447
348 347 349 248 448
349 348 350 249 449
350 349 351 250 450
351 350 352 251 451
352 351 353 252 452
353 352 354 253 453
354 353 355 254 454
355 354 356 255 455
356 355 357 256 456
357 356 358 257 457
358 357 359 258 458
359 358 360 259 459
360 359 361 260 460
361 360 362 261 461
362 361 363 262 462
363 362 364 263 463
364 363 365 264 464
365 364 366 265 465
366 365 367 266 466
367 366 368 267 467
368 367 369 268 468
369 368 370 269 469
370 369 371 270 470
371 370 372 271 471
372 371 373 272 472
373 372 374 273 473
374 373 375 274 474
375 374 376 275 475
376 375 377 276 476
377 376 378 277 477
378 377 379 278 478
379 378 380 279 479
380 379 381 280 480
381 380 382 281 481
382 381 383 282 482
383 382 384 283 483
384 383 385 284 484
385 384 386 285 485
386 385 387 286 486
387 386 388 287 487
388 387 389 288 488
389 388 390 289 489
390 389 391 290 490
391 390 392 291 491
392 391 393 292 492
393 392 394 293 493
394 393 395 294 494
395 394 396 295 495
396 395 397 296 496
397 396 398 297 497
398 397 399 298 498
399 398 300 299 499
400 499 401 300 500
401 400 402 301 501
402 401 403 302 502
403 402 404 303 503
404 403 405 304 504
405 404 406 305 505
406 405 407 306 506
407 406 408 307 507
408 407 409 308 508
409 408 410 309 509
410 409 411 310 510
411 410 412 311 511
412 411 413 312 512
413 412 414 313 513
414 413 415 314 514
415 414 416 315 515
416 415 417 316 516
417 416 418 317 517
418 417 419 318 518
419 418 420 319 519
420 419 421 320 520
421 420 422 321 521
422 421 423 322 522
423 422 424 323 523
424 423 425 324 524
425 424 426 325 525
426 425 427 326 526
427 426 428 327 527
428 427 429 328 528
429 428 430 329 529
430 429 431 330 530
431 430 432 331 531
432 431 433 332 532
433 432 434 333 533
434 433 435 334 534
435 434 436 335 535
436 435 437 336 536
437 436 438 337 537
438 437 439 338 538
439 438 440 339 539
440 439 441 340 540
441 440 442 341 541
442 441 443 342 542
443 442 444 343 543
444 443 445 344 544
445 444 446 345 545
446 445 447 346 546
447 446 448 347 547
448 447 449 348 548
449 448 450 349 549
450 449 451 350 550
451 450 452 351 551
452 451 453 352 552
453 452 454 353 553
454 453 455 354 554
455 454 456 355 555
456 455 457 356 556
457 456 458 357 557
458 457 459 358 558
459 458 460 359 559
460 459 461 360 560
461 460 462 361 561
462 461 463 362 562
463 462 464 363 563
464 463 465 364 564
465 464 466 365 565
466 465 467 366 566
467 466 468 367 567
468 467 469 368 568
469 468 470 369 569
470 469 471 370 570
471 470 472 371 571
472 471 473 372 572
473 472 474 373 573
474 473 475 374 574
475 474 476 375 575
476 475 477 376 576
477 476 478 377 577
478 477 479 378 578
479 478 480 379 579
480 479 481 380 580
481 480 482 381 581
482 481 483 382 582
483 482 484 383 583
484 483 485 384 584
485 484 486 385 585
486 485 487 386 586
487 486 488 387 587
488 487 489 388 588
489 488 490 389 589
490 489 491 390 590
491 490 492 391 591
492 491 493 392 592
493 492 494 393 593
494 493 495 394 594
495 494 496 395 595
496 495 497 396 596
497 496 498 397 597
498 497 499 398 598
499 498 400 399 599
500 599 501 400 600
501 500 502 401 601
502 501 503 402 602
503 502 504 403 603
504 503 505 404 604
505 504 506 405 605
506 505 507 406 606
507 506 508 407 607
508 507 509 408 608
509 508 510 409 609
510 509 511 410 610
511 510 512 411 611
512 511 513 412 612
513 512 514 413 613
514 513 515 414 614
515 514 516 415 615
516 515 517 416 616
517 516 518 417 617
518 517 519 418 618
519 518 520 419 619
520 519 521 420 620
521 520 522 421 621
522 521 523 422 622
523 522 524 423 623
524 523 525 424 624
525 524 526 425 625
526 525 527 426 626
527 526 528 427 627
528 527 529 428 628
529 528 530 429 629
530 529 531 430 630
531 530 532 431 631
532 531 533 432 632
533 532 534 433 633
534 533 535 434 634
535 534 536 435 635
536 535 537 436 636
537 536 538 437 637
538 537 539 438 638
539 538 540 439 639
540 539 541 440 640
541 540 542 441 641
542 541 543 442 642
543 542 544 443 643
544 543 545 444 644
545 544 546 445 645
546 545 547 446 646
547 546 548 447 647
548 547 549 448 648
549 548 550 449 649
550 549 551 450 650
551 550 552 451 651
552 551 553 452 652
553 552 554 453 653
554 553 555 454 654
555 554 556 455 655
556 555 557 456 656
557 556 558 457 657
558 557 559 458 658
559 558 560 459 659
560 559 561 460 660
561 560 562 461 661
562 561 563 462 662
563 562 564 463 663
564 563 565 464 664
565 564 566 465 665
566 565 567 466 666
567 566 568 467 667
568 567 569 468 668
569 568 570 469 669
570 569 571 470 670
571 570 572 471 671
572 571 573 472 672
573 572 574 473 673
574 573 575 474 674
575 574 576 475 675
576 575 577 476 676
577 576 578 477 677
578 577 579 478 678
579 578 580 479 679
580 579 581 480 680
581 580 582 481 681
582 581 583 482 682
583 582 584 483 683
584 583 585 484 684
585 584 586 485 685
586 585 587 486 686
587 586 588 487 687
588 587 589 488 688
589 588 590 489 689
590 589 591 490 690
591 590 592 491 691
592 591 593 492 692
593 592 594 493 693
594 593 595 494 694
595 594 596 495 695
596 595 597 496 696
597 596 598 497 697
598 597 599 498 698
599 598 500 499 699
600 699 601 500 700
601 600 602 501 701
602 601 603 502 702
603 602 604 503 703
604 603 605 504 704
605 604 606 505 705
606 605 607 506 706
607 606 608 507 707
608 607 609 508 708
609 608 610 509 709
610 609 611 510 710
611 610 612 511 711
612 611 613 512 712
613 612 614 513 713
614 613 615 514 714
615 614 616 515 715
616 615 617 516 716
617 616 618 517 717
618 617 619 518 718
619 618 620 519 719
620 619 621 520 720
621 620 622 521 721
622 621 623 522 722
623 622 624 523 723
624 623 625 524 724
625 624 626 525 725
626 625 627 526 726
627 626 628 527 727
628 627 629 528 728
629 628 630 529 729
630 629 631 530 730
631 630 632 531 731
632 631 633 532 732
633 632 634 533 733
634 633 635 534 734
635 634 636 535 735
636 635 637 536 736
637 636 638 537 737
638 637 639 538 738
639 638 640 539 739
640 639 641 540 740
641 640 642 541 741
642 641 643 542 742
643 642 644 543 743
644 643 645 544 744
645 644 646 545 745
646 645 647 546 746
647 646 648 547 747
648 647 649 548 748
649 648 650 549 749
650 649 651 550 750
651 650 652 551 751
652 651 653 552 752
653 652 654 553 753
654 653 655 554 754
655 654 656 555 755
656 655 657 556 756
657 656 658 557 757
658 657 659 558 758
659 658 660 559 759
660 659 661 560 760
661 660 662 561 761
662 661 663 562 762
663 662 664 563 763
664 663 665 564 764
665 664 666 565 765
666 665 667 566 766
667 666 668 567 767
668 667 669 568 768
669 668 670 569 769
670 669 671 570 770
671 670 672 571 771
672 671 673 572 772
673 672 674 573 773
674 673 675 574 774
675 674 676 575 775
676 675 677 576 776
677 676 678 577 777
678 677 679 578 778
679 678 680 579 779
680 679 681 580 780
681 680 682 581 781
682 681 683 582 782
683 682 684 583 783
684 683 685 584 784
685 684 686 585 785
686 685 687 586 786
687 686 688 587 787
688 687 689 588 788
689 688 690 589 789
690 689 691 590 790
691 690 692 591 791
692 691 693 592 792
693 692 694 593 793
694 693 695 594 794
695 694 696 595 795
696 695 697 596 796
697 696 698 597 797
698 697 699 598 798
699 698 600 599 799
700 799 701 600 800
701 700 702 601 801
702 701 703 602 802
703 702 704 603 803
704 703 705 604 804
705 704 706 605 805
706 705 707 606 806
707 706 708 607 807
708 707 709 608 808
709 708 710 609 809
710 709 711 610 810
711 710 712 611 811
712 711 713 612 812
713 712 714 613 813
714 713 715 614 814
715 714 716 615 815
716 715 717 616 816
717 716 718 617 817
718 717 719 618 818
719 718 720 619 819
720 719 721 620 820
721 720 722 621 821
722 721 723 622 822
723 722 724 623 823
724 723 725 624 824
725 724 726 625 825
726 725 727 626 826
727 726 728 627 827
728 727 729 628 828
729 728 730 629 829
730 729 731 630 830
731 730 732 631 831
732 731 733 632 832
733 732 734 633 833
734 733 735 634 834
735 734 736 635 835
736 735 737 636 836
737 736 738 637 837
738 737 739 638 838
739 738 740 639 839
740 739 741 640 840
741 740 742 641 841
742 741 743 642 842
743 742 744 643 843
744 743 745 644 844
745 744 746 645 845
746 745 747 646 846
747 746 748 647 847
748 747 749 648 848
749 748 750 649 849
750 749 751 650 850
751 750 752 651 851
752 751 753 652 852
753 752 754 653 853
754 753 755 654 854
755 754 756 655 855
756 755 757 656 856
757 756 758 657 857
758 757 759 658 858
759 758 760 659 859
760 759 761 660 860
761 760 762 661 861
762 761 763 662 862
763 762 764 663 863
764 763 765 664 864
765 764 766 665 865
766 765 767 666 866
767 766 768 667 867
768 767 769 668 868
769 768 770 669 869
770 769 771 670 870
771 770 772 671 871
772 771 773 672 872
773 772 774 673 873
774 773 775 674 874
775 774 776 675 875
776 775 777 676 876
777 776 778 677 877
778 777 779 678 878
779 778 780 679 879
780 779 781 680 880
781 780 782 681 881
782 781 783 682 882
783 782 784 683 883
784 783 785 684 884
785 784 786 685 885
786 785 787 686 886
787 786 788 687 887
788 787 789 688 888
789 788 790 689 889
790 789 791 690 890
791 790 792 691 891
792 791 793 692 892
793 792 794 693 893
794 793 795 694 894
795 794 796 695 895
796 795 797 696 896
797 796 798 697 897
798 797 799 698 898
799 798 700 699 899
800 899 801 700 900
801 800 802 701 901
802 801 803 702 902
803 802 804 703 903
804 803 805 704 904
805 804 806 705 905
806 805 807 706 906
807 806 808 707 907
808 807 809 708 908
809 808 810 709 909
810 809 811 710 910
811 810 812 711 911
812 811 813 712 912
813 812 814 713 913
814 813 815 714 914
815 814 816 715 915
816 815 817 716 916
817 816 818 717 917
818 817 819 718 918
819 818 820 719 919
820 819 821 720 920
821 820 822 721 921
822 821 823 722 922
823 822 824 723 923
824 823 825 724 924
825 824 826 725 925
826 825 827 726 926
827 826 828 727 927
828 827 829 728 928
829 828 830 729 929
830 829 831 730 930
831 830 832 731 931
832 831 833 732 932
833 832 834 733 933
834 833 835 734 934
835 834 836 735 935
836 835 837 736 936
837 836 838 737 937
838 837 839 738 938
839 838 840 739 939
840 839 841 740 940
841 840 842 741 941
842 841 843 742 942
843 842 844 743 943
844 843 845 744 944
845 844 846 745 945
846 845 847 746 946
847 846 848 747 947
848 847 849 748 948
849 848 850 749 949
850 849 851 750 950
851 850 852 751 951
852 851 853 752 952
853 852 854 753 953
854 853 855 754 954
855 854 856 755 955
856 855 857 756 956
857 856 858 757 957
858 857 859 758 958
859 858 860 759 959
860 859 861 760 960
861 860 862 761 961
862 861 863 762 962
863 862 864 763 963
864 863 865 764 964
865 864 866 765 965
866 865 867 766 966
867 866 868 767 967
868 867 869 768 968
869 868 870 769 969
870 869 871 770 970
871 870 872 771 971
872 871 873 772 972
873 872 874 773 973
874 873 875 774 974
875 874 876 775 975
876 875 877 776 976
877 876 878 777 977
878 877 879 778 978
879 878 880 779 979
880 879 881 780 980
881 880 882 781 981
882 881 883 782 982
883 882 884 783 983
884 883 885 784 984
885 884 886 785 985
886 885 887 786 986
887 886 888 787 987
888 887 889 788 988
889 888 890 789 989
890 889 891 790 990
891 890 892 791 991
892 891 893 792 992
893 892 894 793 993
894 893 895 794 994
895 894 896 795 995
896 895 897 796 996
897 896 898 797 997
898 897 899 798 998
899 898 800 799 999
900 999 901 800 1000
901 900 902 801 1001
902 901 903 802 1002
903 902 904 803 1003
904 903 905 804 1004
905 904 906 805 1005
906 905 907 806 1006
907 906 908 807 1007
908 907 909 808 1008
909 908 910 809 1009
910 909 911 810 1010
911 910 912 811 1011
912 911 913 812 1012
913 912 914 813 1013
914 913 915 814 1014
915 914 916 815 1015
916 915 917 816 1016
917 916 918 817 1017
918 917 919 818 1018
919 918 920 819 1019
920 919 921 820 1020
921 920 922 821 1021
922 921 923 822 1022
923 922 924 823 1023
924 923 925 824 1024
925 924 926 825 1025
926 925 927 826 1026
927 926 928 827 1027
928 927 929 828 1028
929 928 930 829 1029
930 929 931 830 1030
931 930 932 831 1031
932 931 933 832 1032
933 932 934 833 1033
934 933 935 834 1034
935 934 936 835 1035
936 935 937 836 1036
937 936 938 837 1037
938 937 939 838 1038
939 938 940 839 1039
940 939 941 840 1040
941 940 942 841 1041
942 941 943 842 1042
943 942 944 843 1043
944 943 945 844 1044
945 944 946 845 1045
946 945 947 846 1046
947 946 948 847 1047
948 947 949 848 1048
949 948 950 849 1049
950 949 951 850 1050
951 950 952 851 1051
952 951 953 852 1052
953 952 954 853 1053
954 953 955 854 1054
955 954 956 855 1055
956 955 957 856 1056
957 956 958 857 1057
958 957 959 858 1058
959 958 960 859 1059
960 959 961 860 1060
961 960 962 861 1061
962 961 963 862 1062
963 962 964 863 1063
964 963 965 864 1064
965 964 966 865 1065
966 965 967 866 1066
967 966 968 867 1067
968 967 969 868 1068
969 968 970 869 1069
970 969 971 870 1070
971 970 972 871 1071
972 971 973 872 1072
973 972 974 873 1073
974 973 975 874 1074
975 974 976 875 1075
976 975 977 876 1076
977 976 978 877 1077
978 977 979 878 1078
979 978 980 879 1079
980 979 981 880 1080
981 980 982 881 1081
982 981 983 882 1082
983 982 984 883 1083
984 983 985 884 1084
985 984 986 885 1085
986 985 987 886 1086
987 986 988 887 1087
988 987 989 888 1088
989 988 990 889 1089
990 989 991 890 1090
991 990 992 891 1091
992 991 993 892 1092
993 992 994 893 1093
994 993 995 894 1094
995 994 996 895 1095
996 995 997 896 1096
997 996 998 897 1097
998 997 999 898 1098
999 998 900 899 1099
1000 1099 1001 900 1100
1001 1000 1002 901 1101
1002 1001 1003 902 1102
1003 1002 1004 903 1103
1004 1003 1005 904 1104
1005 1004 1006 905 1105
1006 1005 1007 906 1106
1007 1006 1008 907 1107
1008 1007 1009 908 1108
1009 1008 1010 909 1109
1010 1009 1011 910 1110
1011 1010 1012 911 1111
1012 1011 1013 912 1112
1013 1012 1014 913 1113
1014 1013 1015 914 1114
1015 1014 1016 915 1115
1016 1015 1017 916 1116
1017 1016 1018 917 1117
1018 1017 1019 918 1118
1019 1018 1020 919 1119
1020 1019 1021 920 1120
1021 1020 1022 921 1121
1022 1021 1023 922 1122
1023 1022 1024 923 1123
1024 1023 1025 924 1124
1025 1024 1026 925 1125
1026 1025 1027 926 1126
1027 1026 1028 927 1127
1028 1027 1029 928 1128
1029 1028 1030 929 1129
1030 1029 1031 930 1130
1031 1030 1032 931 1131
1032 1031 1033 932 1132
1033 1032 1034 933 1133
1034 1033 1035 934 1134
1035 1034 1036 935 1135
1036 1035 1037 936 1136
1037 1036 1038 937 1137
1038 1037 1039 938 1138
1039 1038 1040 939 1139
1040 1039 1041 940 1140
1041 1040 1042 941 1141
1042 1041 1043 942 1142
1043 1042 1044 943 1143
1044 1043 1045 944 1144
1045 1044 1046 945 1145
1046 1045 1047 946 1146
1047 1046 1048 947 1147
1048 1047 1049 948 1148
1049 1048 1050 949 1149
1050 1049 1051 950 1150
1051 1050 1052 951 1151
1052 1051 1053 952 1152
1053 1052 1054 953 1153
1054 1053 1055 954 1154
1055 1054 1056 955 1155
1056 1055 1057 956 1156
1057 1056 1058 957 1157
1058 1057 1059 958 1158
1059 1058 1060 959 1159
1060 1059 1061 960 1160
1061 1060 1062 961 1161
1062 1061 1063 962 1162
1063 1062 1064 963 1163
1064 1063 1065 964 1164
1065 1064 1066 965 1165
1066 1065 1067 966 1166
1067 1066 1068 967 1167
1068 1067 1069 968 1168
1069 1068 1070 969 1169
1070 1069 1071 970 1170
1071 1070 1072 971 1171
1072 1071 1073 972 1172
1073 1072 1074 973 1173
1074 1073 1075 974 1174
1075 1074 1076 975 1175
1076 1075 1077 976 1176
1077 1076 1078 977 1177
1078 1077 1079 978 1178
1079 1078 1080 979 1179
1080 1079 1081 980 1180
1081 1080 1082 981 1181
1082 1081 1083 982 1182
1083 1082 1084 983 1183
1084 1083 1085 984 1184
1085 1084 1086 985 1185
1086 1085 1087 986 1186
1087 1086 1088 987 1187
1088 1087 1089 988 1188
1089 1088 1090 989 1189
1090 1089 1091 990 1190
1091 1090 1092 991 1191
1092 1091 1093 992 1192
1093 1092 1094 993 1193
1094 1093 1095 994 1194
1095 1094 1096 995 1195
1096 1095 1097 996 1196
1097 1096 1098 997 1197
1098 1097 1099 998 1198
1099 1098 1000 999 1199
1100 1199 1101 1000 1200
1101 1100 1102 1001 1201
1102 1101 1103 1002 1202
1103 1102 1104 1003 1203
1104 1103 1105 1004 1204
1105 1104 1106 1005 1205
1106 1105 1107 1006 1206
1107 1106 1108 1007 1207
1108 1107 1109 1008 1208
1109 1108 1110 1009 1209
1110 1109 1111 1010 1210
1111 1110 1112 1011 1211
1112 1111 1113 1012 1212
1113 1112 1114 1013 1213
1114 1113 1115 1014 1214
1115 1114 1116 1015 1215
1116 1115 1117 1016 1216
1117 1116 1118 1017 1217
1118 1117 1119 1018 1218
1119 1118 1120 1019 1219
1120 1119 1121 1020 1220
1121 1120 1122 1021 1221
1122 1121 1123 1022 1222
1123 1122 1124 1023 1223
1124 1123 1125 1024 1224
1125 1124 1126 1025 1225
1126 1125 1127 1026 1226
1127 1126 1128 1027 1227
1128 1127 1129 1028 1228
1129 1128 1130 1029 1229
1130 1129 1131 1030 1230
1131 1130 1132 1031 1231
1132 1131 1133 1032 1232
1133 1132 1134 1033 1233
1134 1133 1135 1034 1234
1135 1134 1136 1035 1235
1136 1135 1137 1036 1236
1137 1136 1138 1037 1237
1138 1137 1139 1038 1238
1139 1138 1140 1039 1239
1140 1139 1141 1040 1240
1141 1140 1142 1041 1241
1142 1141 1143 1042 1242
1143 1142 1144 1043 1243
1144 1143 1145 1044 1244
1145 1144 1146 1045 1245
1146 1145 1147 1046 1246
1147 1146 1148 1047 1247
1148 1147 1149 1048 1248
1149 1148 1150 1049 1249
1150 1149 1151 1050 1250
1151 1150 1152 1051 1251
1152 1151 1153 1052 1252
1153 1152 1154 1053 1253
1154 1153 1155 1054 1254
1155 1154 1156 1055 1255
1156 1155 1157 1056 1256
1157 1156 1158 1057 1257
1158 1157 1159 1058 1258
1159 1158 1160 1059 1259
1160 1159 1161 1060 1260
1161 1160 1162 1061 1261
1162 1161 1163 1062 1262
1163 1162 1164 1063 1263
1164 1163 1165 1064 1264
1165 1164 1166 1065 1265
1166 1165 1167 1066 1266
1167 1166 1168 1067 1267
1168 1167 1169 1068 1268
1169 1168 1170 1069 1269
1170 1169 1171 1070 1270
1171 1170 1172 1071 1271
1172 1171 1173 1072 1272
1173 1172 1174 1073 1273
1174 1173 1175 1074 1274
1175 1174 1176 1075 1275
1176 1175 1177 1076 1276
1177 1176 1178 1077 1277
1178 1177 1179 1078 1278
1179 1178 1180 1079 1279
1180 1179 1181 1080 1280
1181 1180 1182 1081 1281
1182 1181 1183 1082 1282
1183 1182 1184 1083 1283
1184 1183 1185 1084 1284
1185 1184 1186 1085 1285
1186 1185 1187 1086 1286
1187 1186 1188 1087 1287
1188 1187 1189 1088 1288
1189 1188 1190 1089 1289
1190 1189 1191 1090 1290
1191 1190 1192 1091 1291
1192 1191 1193 1092 1292
1193 1192 1194 1093 1293
1194 1193 1195 1094 1294
1195 1194 1196 1095 1295
1196 1195 1197 1096 1296
1197 1196 1198 1097 1297
1198 1197 1199 1098 1298
1199 1198 1100 1099 1299
1200 1299 1201 1100 1300
1201 1200 1202 1101 1301
1202 1201 1203 1102 1302
1203 1202 1204 1103 1303
1204 1203 1205 1104 1304
1205 1204 1206 1105 1305
1206 1205 1207 1106 1306
1207 1206 1208 1107 1307
1208 1207 1209 1108 1308
1209 1208 1210 1109 1309
1210 1209 1211 1110 1310
1211 1210 1212 1111 1311
1212 1211 1213 1112 1312
1213 1212 1214 1113 1313
1214 1213 1215 1114 1314
1215 1214 1216 1115 1315
1216 1215 1217 1116 1316
1217 1216 1218 1117 1317
1218 1217 1219 1118 1318
1219 1218 1220 1119 1319
1220 1219 1221 1120 1320
1221 1220 1222 1121 1321
1222 1221 1223 1122 1322
1223 1222 1224 1123 1323
1224 1223 1225 1124 1324
1225 1224 1226 1125 1325
1226 1225 1227 1126 1326
1227 1226 1228 1127 1327
1228 1227 1229 1128 1328
1229 1228 1230 1129 1329
1230 1229 1231 1130 1330
1231 1230 1232 1131 1331
1232 1231 1233 1132 1332
1233 1232 1234 1133 1333
1234 1233 1235 1134 1334
1235 1234 1236 1135 1335
1236 1235 1237 1136 1336
1237 1236 1238 1137 1337
1238 1237 1239 1138 1338
1239 1238 1240 1139 1339
1240 1239 1241 1140 1340
1241 1240 1242 1141 1341
1242 1241 1243 1142 1342
1243 1242 1244 1143 1343
1244 1243 1245 1144 1344
1245 1244 1246 1145 1345
1246 1245 1247 1146 1346
1247 1246 1248 1147 1347
1248 1247 1249 1148 1348
1249 1248 1250 1149 1349
1250 1249 1251 1150 1350
1251 1250 1252 1151 1351
1252 1251 1253 1152 1352
1253 1252 1254 1153 1353
1254 1253 1255 1154 1354
1255 1254 1256 1155 1355
1256 1255 1257 1156 1356
1257 1256 1258 1157 1357
1258 1257 1259 1158 1358
1259 1258 1260 1159 1359
1260 1259 1261 1160 1360
1261 1260 1262 1161 1361
1262 1261 1263 1162 1362
1263 1262 1264 1163 1363
1264 1263 1265 1164 1364
1265 1264 1266 1165 1365
1266 1265 1267 1166 1366
1267 1266 1268 1167 1367
1268 1267 1269 1168 1368
1269 1268 1270 1169 1369
1270 1269 1271 1170 1370
1271 1270 1272 1171 1371
1272 1271 1273 1172 1372
1273 1272 1274 1173 1373
1274 1273 1275 1174 1374
1275 1274 1276 1175 1375
1276 1275 1277 1176 1376
1277 1276 1278 1177 1377
1278 1277 1279 1178 1378
1279 1278 1280 1179 1379
1280 1279 1281 1180 1380
1281 1280 1282 1181 1381
1282 1281 1283 1182 1382
1283 1282 1284 1183 1383
1284 1283 1285 1184 1384
1285 1284 1286 1185 1385
1286 1285 1287 1186 1386
1287 1286 1288 1187 1387
1288 1287 1289 1188 1388
1289 1288 1290 1189 1389
1290 1289 1291 1190 1390
1291 1290 1292 1191 1391
1292 1291 1293 1192 1392
1293 1292 1294 1193 1393
1294 1293 1295 1194 1394
1295 1294 1296 1195 1395
1296 1295 1297 1196 1396
1297 1296 1298 1197 1397
1298 1297 1299 1198 1398
1299 1298 1200 1199 1399
1300 1399 1301 1200 1400
1301 1300 1302 1201 1401
1302 1301 1303 1202 1402
1303 1302 1304 1203 1403
1304 1303 1305 1204 1404
1305 1304 1306 1205 1405
1306 1305 1307 1206 1406
1307 1306 1308 1207 1407
1308 1307 1309 1208 1408
1309 1308 1310 1209 1409
1310 1309 1311 1210 1410
1311 1310 1312 1211 1411
1312 1311 1313 1212 1412
1313 1312 1314 1213 1413
1314 1313 1315 1214 1414
1315 1314 1316 1215 1415
1316 1315 1317 1216 1416
1317 1316 1318 1217 1417
1318 1317 1319 1218 1418
1319 1318 1320 1219 1419
1320 1319 1321 1220 1420
1321 1320 1322 1221 1421
1322 1321 1323 1222 1422
1323 1322 1324 1223 1423
1324 1323 1325 1224 1424
1325 1324 1326 1225 1425
1326 1325 1327 1226 1426
1327 1326 1328 1227 1427
1328 1327 1329 1228 1428
1329 1328 1330 1229 1429
1330 1329 1331 1230 1430
1331 1330 1332 1231 1431
1332 1331 1333 1232 1432
1333 1332 1334 1233 1433
1334 1333 1335 1234 1434
1335 1334 1336 1235 1435
1336 1335 1337 1236 1436
1337 1336 1338 1237 1437
1338 1337 1339 1238 1438
1339 1338 1340 1239 1439
1340 1339 1341 1240 1440
1341 1340 1342 1241 1441
1342 1341 1343 1242 1442
1343 1342 1344 1243 1443
1344 1343 1345 1244 1444
1345 1344 1346 1245 1445
1346 1345 1347 1246 1446
1347 1346 1348 1247 1447
1348 1347 1349 1248 1448
1349 1348 1350 1249 1449
1350 1349 1351 1250 1450
1351 1350 1352 1251 1451
1352 1351 1353 1252 1452
1353 1352 1354 1253 1453
1354 1353 1355 1254 1454
1355 1354 1356 1255 1455
1356 1355 1357 1256 1456
1357 1356 1358 1257 1457
1358 1357 1359 1258 1458
1359 1358 1360 1259 1459
1360 1359 1361 1260 1460
1361 1360 1362 1261 1461
1362 1361 1363 1262 1462
1363 1362 1364 1263 1463
1364 1363 1365 1264 1464
1365 1364 1366 1265 1465
1366 1365 1367 1266 1466
1367 1366 1368 1267 1467
1368 1367 1369 1268 1468
1369 1368 1370 1269 1469
1370 1369 1371 1270 1470
1371 1370 1372 1271 1471
1372 1371 1373 1272 1472
1373 1372 1374 1273 1473
1374 1373 1375 1274 1474
1375 1374 1376 1275 1475
1376 1375 1377 1276 1476
1377 1376 1378 1277 1477
1378 1377 1379 1278 1478
1379 1378 1380 1279 1479
1380 1379 1381 1280 1480
1381 1380 1382 1281 1481
1382 1381 1383 1282 1482
1383 1382 1384 1283 1483
1384 1383 1385 1284 1484
1385 1384 1386 1285 1485
1386 1385 1387 1286 1486
1387 1386 1388 1287 1487
1388 1387 1389 1288 1488
1389 1388 1390 1289 1489
1390 1389 1391 1290 1490
1391 1390 1392 1291 1491
1392 1391 1393 1292 1492
1393 1392 1394 1293 1493
1394 1393 1395 1294 1494
1395 1394 1396 1295 1495
1396 1395 1397 1296 1496
1397 1396 1398 1297 1497
1398 1397 1399 1298 1498
1399 1398 1300 1299 1499
1400 1499 1401 1300 1500
1401 1400 1402 1301 1501
1402 1401 1403 1302 1502
1403 1402 1404 1303 1503
1404 1403 1405 1304 1504
1405 1404 1406 1305 1505
1406 1405 1407 1306 1506
1407 1406 1408 1307 1507
1408 1407 1409 1308 1508
1409 1408 1410 1309 1509
1410 1409 1411 1310 1510
1411 1410 1412 1311 1511
1412 1411 1413 1312 1512
1413 1412 1414 1313 1513
1414 1413 1415 1314 1514
1415 1414 1416 1315 1515
1416 1415 1417 1316 1516
1417 1416 1418 1317 1517
1418 1417 1419 1318 1518
1419 1418 1420 1319 1519
1420 1419 1421 1320 1520
1421 1420 1422 1321 1521
1422 1421 1423 1322 1522
1423 1422 1424 1323 1523
1424 1423 1425 1324 1524
1425 1424 1426 1325 1525
1426 1425 1427 1326 1526
1427 1426 1428 1327 1527
1428 1427 1429 1328 1528
1429 1428 1430 1329 1529
1430 1429 1431 1330 1530
1431 1430 1432 1331 1531
1432 1431 1433 1332 1532
1433 1432 1434 1333 1533
1434 1433 1435 1334 1534
1435 1434 1436 1335 1535
1436 1435 1437 1336 1536
1437 1436 1438 1337 1537
1438 1437 1439 1338 1538
1439 1438 1440 1339 1539
1440 1439 1441 1340 1540
1441 1440 1442 1341 1541
1442 1441 1443 1342 1542
1443 1442 1444 1343 1543
1444 1443 1445 1344 1544
1445 1444 1446 1345 1545
1446 1445 1447 1346 1546
1447 1446 1448 1347 1547
1448 1447 1449 1348 1548
1449 1448 1450 1349 1549
1450 1449 1451 1350 1550
1451 1450 1452 1351 1551
1452 1451 1453 1352 1552
1453 1452 1454 1353 1553
1454 1453 1455 1354 1554
1455 1454 1456 1355 1555
1456 1455 1457 1356 1556
1457 1456 1458 1357 1557
1458 1457 1459 1358 1558
1459 1458 1460 1359 1559
1460 1459 1461 1360 1560
1461 1460 1462 1361 1561
1462 1461 1463 1362 1562
1463 1462 1464 1363 1563
1464 1463 1465 1364 1564
1465 1464 1466 1365 1565
1466 1465 1467 1366 1566
1467 1466 1468 1367 1567
1468 1467 1469 1368 1568
1469 1468 1470 1369 1569
1470 1469 1471 1370 1570
1471 1470 1472 1371 1571
1472 1471 1473 1372 1572
1473 1472 1474 1373 1573
1474 1473 1475 1374 1574
1475 1474 1476 1375 1575
1476 1475 1477 1376 1576
1477 1476 1478 1377 1577
1478 1477 1479 1378 1578
1479 1478 1480 1379 1579
1480 1479 1481 1380 1580
1481 1480 1482 1381 1581
1482 1481 1483 1382 1582
1483 1482 1484 1383 1583
1484 1483 1485 1384 1584
1485 1484 1486 1385 1585
1486 1485 1487 1386 1586
1487 1486 1488 1387 1587
1488 1487 1489 1388 1588
1489 1488 1490 1389 1589
1490 1489 1491 1390 1590
1491 1490 1492 1391 1591
1492 1491 1493 1392 1592
1493 1492 1494 1393 1593
1494 1493 1495 1394 1594
1495 1494 1496 1395 1595
1496 1495 1497 1396 1596
1497 1496 1498 1397 1597
1498 1497 1499 1398 1598
1499 1498 1400 1399 1599
1500 1599 1501 1400 1600
1501 1500 1502 1401 1601
1502 1501 1503 1402 1602
1503 1502 1504 1403 1603
1504 1503 1505 1404 1604
1505 1504 1506 1405 1605
1506 1505 1507 1406 1606
1507 1506 1508 1407 1607
1508 1507 1509 1408 1608
1509 1508 1510 1409 1609
1510 1509 1511 1410 1610
1511 1510 1512 1411 1611
1512 1511 1513 1412 1612
1513 1512 1514 1413 1613
1514 1513 1515 1414 1614
1515 1514 1516 1415 1615
1516 1515 1517 1416 1616
1517 1516 1518 1417 1617
1518 1517 1519 1418 1618
1519 1518 1520 1419 1619
1520 1519 1521 1420 1620
1521 1520 1522 1421 1621
1522 1521 1523 1422 1622
1523 1522 1524 1423 1623
1524 1523 1525 1424 1624
1525 1524 1526 1425 1625
1526 1525 1527 1426 1626
1527 1526 1528 1427 1627
1528 1527 1529 1428 1628
1529 1528 1530 1429 1629
1530 1529 1531 1430 1630
1531 1530 1532 1431 1631
1532 1531 1533 1432 1632
1533 1532 1534 1433 1633
1534 1533 1535 1434 1634
1535 1534 1536 1435 1635
1536 1535 1537 1436 1636
1537 1536 1538 1437 1637
1538 1537 1539 1438 1638
1539 1538 1540 1439 1639
1540 1539 1541 1440 1640
1541 1540 1542 1441 1641
1542 1541 1543 1442 1642
1543 1542 1544 1443 1643
1544 1543 1545 1444 1644
1545 1544 1546 1445 1645
1546 1545 1547 1446 1646
1547 1546 1548 1447 1647
1548 1547 1549 1448 1648
1549 1548 1550 1449 1649
1550 1549 1551 1450 1650
1551 1550 1552 1451 1651
1552 1551 1553 1452 1652
1553 1552 1554 1453 1653
1554 1553 1555 1454 1654
1555 1554 1556 1455 1655
1556 1555 1557 1456 1656
1557 1556 1558 1457 1657
1558 1557 1559 1458 1658
1559 1558 1560 1459 1659
1560 1559 1561 1460 1660
1561 1560 1562 1461 1661
1562 1561 1563 1462 1662
1563 1562 1564 1463 1663
1564 1563 1565 1464 1664
1565 1564 1566 1465 1665
1566 1565 1567 1466 1666
1567 1566 1568 1467 1667
1568 1567 1569 1468 1668
1569 1568 1570 1469 1669
1570 1569 1571 1470 1670
1571 1570 1572 1471 1671
1572 1571 1573 1472 1672
1573 1572 1574 1473 1673
1574 1573 1575 1474 1674
1575 1574 1576 1475 1675
1576 1575 1577 1476 1676
1577 1576 1578 1477 1677
1578 1577 1579 1478 1678
1579 1578 1580 1479 1679
1580 1579 1581 1480 1680
1581 1580 1582 1481 1681
1582 1581 1583 1482 1682
1583 1582 1584 1483 1683
1584 1583 1585 1484 1684
1585 1584 1586 1485 1685
1586 1585 1587 1486 1686
1587 1586 1588 1487 1687
1588 1587 1589 1488 1688
1589 1588 1590 1489 1689
1590 1589 1591 1490 1690
1591 1590 1592 1491 1691
1592 1591 1593 1492 1692
1593 1592 1594 1493 1693
1594 1593 1595 1494 1694
1595 1594 1596 1495 1695
1596 1595 1597 1496 1696
1597 1596 1598 1497 1697
1598 1597 1599 1498 1698
1599 1598 1500 1499 1699
1600 1699 1601 1500 1700
1601 1600 1602 1501 1701
1602 1601 1603 1502 1702
1603 1602 1604 1503 1703
1604 1603 1605 1504 1704
1605 1604 1606 1505 1705
1606 1605 1607 1506 1706
1607 1606 1608 1507 1707
1608 1607 1609 1508 1708
1609 1608 1610 1509 1709
1610 1609 1611 1510 1710
1611 1610 1612 1511 1711
1612 1611 1613 1512 1712
1613 1612 1614 1513 1713
1614 1613 1615 1514 1714
1615 1614 1616 1515 1715
1616 1615 1617 1516 1716
1617 1616 1618 1517 1717
1618 1617 1619 1518 1718
1619 1618 1620 1519 1719
1620 1619 1621 1520 1720
1621 1620 1622 1521 1721
1622 1621 1623 1522 1722
1623 1622 1624 1523 1723
1624 1623 1625 1524 1724
1625 1624 1626 1525 1725
1626 1625 1627 1526 1726
1627 1626 1628 1527 1727
1628 1627 1629 1528 1728
1629 1628 1630 1529 1729
1630 1629 1631 1530 1730
1631 1630 1632 1531 1731
1632 1631 1633 1532 1732
1633 1632 1634 1533 1733
1634 1633 1635 1534 1734
1635 1634 1636 1535 1735
1636 1635 1637 1536 1736
1637 1636 1638 1537 1737
1638 1637 1639 1538 1738
1639 1638 1640 1539 1739
1640 1639 1641 1540 1740
1641 1640 1642 1541 1741
1642 1641 1643 1542 1742
1643 1642 1644 1543 1743
1644 1643 1645 1544 1744
1645 1644 1646 1545 1745
1646 1645 1647 1546 1746
1647 1646 1648 1547 1747
1648 1647 1649 1548 1748
1649 1648 1650 1549 1749
1650 1649 1651 1550 1750
1651 1650 1652 1551 1751
1652 1651 1653 1552 1752
1653 1652 1654 1553 1753
1654 1653 1655 1554 1754
1655 1654 1656 1555 1755
1656 1655 1657 1556 1756
1657 1656 1658 1557 1757
1658 1657 1659 1558 1758
1659 1658 1660 1559 1759
1660 1659 1661 1560 1760
1661 1660 1662 1561 1761
1662 1661 1663 1562 1762
1663 1662 1664 1563 1763
1664 1663 1665 1564 1764
1665 1664 1666 1565 1765
1666 1665 1667 1566 1766
1667 1666 1668 1567 1767
1668 1667 1669 1568 1768
1669 1668 1670 1569 1769
1670 1669 1671 1570 1770
1671 1670 1672 1571 1771
1672 1671 1673 1572 1772
1673 1672 1674 1573 1773
1674 1673 1675 1574 1774
1675 1674 1676 1575 1775
1676 1675 1677 1576 1776
1677 1676 1678 1577 1777
1678 1677 1679 1578 1778
1679 1678 1680 1579 1779
1680 1679 1681 1580 1780
1681 1680 1682 1581 1781
1682 1681 1683 1582 1782
1683 1682 1684 1583 1783
1684 1683 1685 1584 1784
1685 1684 1686 1585 1785
1686 1685 1687 1586 1786
1687 1686 1688 1587 1787
1688 1687 1689 1588 1788
1689 1688 1690 1589 1789
1690 1689 1691 1590 1790
1691 1690 1692 1591 1791
1692 1691 1693 1592 1792
1693 1692 1694 1593 1793
1694 1693 1695 1594 1794
1695 1694 1696 1595 1795
1696 1695 1697 1596 1796
1697 1696 1698 1597 1797
1698 1697 1699 1598 1798
1699 1698 1600 1599 1799
1700 1799 1701 1600 1800
1701 1700 1702 1601 1801
1702 1701 1703 1602 1802
1703 1702 1704 1603 1803
1704 1703 1705 1604 1804
1705 1704 1706 1605 1805
1706 1705 1707 1606 1806
1707 1706 1708 1607 1807
1708 1707 1709 1608 1808
1709 1708 1710 1609 1809
1710 1709 1711 1610 1810
1711 1710 1712 1611 1811
1712 1711 1713 1612 1812
1713 1712 1714 1613 1813
1714 1713 1715 1614 1814
1715 1714 1716 1615 1815
1716 1715 1717 1616 1816
1717 1716 1718 1617 1817
1718 1717 1719 1618 1818
1719 1718 1720 1619 1819
1720 1719 1721 1620 1820
1721 1720 1722 1621 1821
1722 1721 1723 1622 1822
1723 1722 1724 1623 1823
1724 1723 1725 1624 1824
1725 1724 1726 1625 1825
1726 1725 1727 1626 1826
1727 1726 1728 1627 1827
1728 1727 1729 1628 1828
1729 1728 1730 1629 1829
1730 1729 1731 1630 1830
1731 1730 1732 1631 1831
1732 1731 1733 1632 1832
1733 1732 1734 1633 1833
1734 1733 1735 1634 1834
1735 1734 1736 1635 1835
1736 1735 1737 1636 1836
1737 1736 1738 1637 1837
1738 1737 1739 1638 1838
1739 1738 1740 1639 1839
1740 1739 1741 1640 1840
1741 1740 1742 1641 1841
1742 1741 1743 1642 1842
1743 1742 1744 1643 1843
1744 1743 1745 1644 1844
1745 1744 1746 1645 1845
1746 1745 1747 1646 1846
1747 1746 1748 1647 1847
1748 1747 1749 1648 1848
1749 1748 1750 1649 1849
1750 1749 1751 1650 1850
1751 1750 1752 1651 1851
1752 1751 1753 1652 1852
1753 1752 1754 1653 1853
1754 1753 1755 1654 1854
1755 1754 1756 1655 1855
1756 1755 1757 1656 1856
1757 1756 1758 1657 1857
1758 1757 1759 1658 1858
1759 1758 1760 1659 1859
1760 1759 1761 1660 1860
1761 1760 1762 1661 1861
1762 1761 1763 1662 1862
1763 1762 1764 1663 1863
1764 1763 1765 1664 1864
1765 1764 1766 1665 1865
1766 1765 1767 1666 1866
1767 1766 1768 1667 1867
1768 1767 1769 1668 1868
1769 1768 1770 1669 1869
1770 1769 1771 1670 1870
1771 1770 1772 1671 1871
1772 1771 1773 1672 1872
1773 1772 1774 1673 1873
1774 1773 1775 1674 1874
1775 1774 1776 1675 1875
1776 1775 1777 1676 1876
1777 1776 1778 1677 1877
1778 1777 1779 1678 1878
1779 1778 1780 1679 1879
1780 1779 1781 1680 1880
1781 1780 1782 1681 1881
1782 1781 1783 1682 1882
1783 1782 1784 1683 1883
1784 1783 1785 1684 1884
1785 1784 1786 1685 1885
1786 1785 1787 1686 1886
1787 1786 1788 1687 1887
1788 1787 1789 1688 1888
1789 1788 1790 1689 1889
1790 1789 1791 1690 1890
1791 1790 1792 1691 1891
1792 1791 1793 1692 1892
1793 1792 1794 1693 1893
1794 1793 1795 1694 1894
1795 1794 1796 1695 1895
1796 1795 1797 1696 1896
1797 1796 1798 1697 1897
1798 1797 1799 1698 1898
1799 1798 1700 1699 1899
1800 1899 1801 1700 1900
1801 1800 1802 1701 1901
1802 1801 1803 1702 1902
1803 1802 1804 1703 1903
1804 1803 1805 1704 1904
1805 1804 1806 1705 1905
1806 1805 1807 1706 1906
1807 1806 1808 1707 1907
1808 1807 1809 1708 1908
1809 1808 1810 1709 1909
1810 1809 1811 1710 1910
1811 1810 1812 1711 1911
1812 1811 1813 1712 1912
1813 1812 1814 1713 1913
1814 1813 1815 1714 1914
1815 1814 1816 1715 1915
1816 1815 1817 1716 1916
1817 1816 1818 1717 1917
1818 1817 1819 1718 1918
1819 1818 1820 1719 1919
1820 1819 1821 1720 1920
1821 1820 1822 1721 1921
1822 1821 1823 1722 1922
1823 1822 1824 1723 1923
1824 1823 1825 1724 1924
1825 1824 1826 1725 1925
1826 1825 1827 1726 1926
1827 1826 1828 1727 1927
1828 1827 1829 1728 1928
1829 1828 1830 1729 1929
1830 1829 1831 1730 1930
1831 1830 1832 1731 1931
1832 1831 1833 1732 1932
1833 1832 1834 1733 1933
1834 1833 1835 1734 1934
1835 1834 1836 1735 1935
1836 1835 1837 1736 1936
1837 1836 1838 1737 1937
1838 1837 1839 1738 1938
1839 1838 1840 1739 1939
1840 1839 1841 1740 1940
1841 1840 1842 1741 1941
1842 1841 1843 1742 1942
1843 1842 1844 1743 1943
1844 1843 1845 1744 1944
1845 1844 1846 1745 1945
1846 1845 1847 1746 1946
1847 1846 1848 1747 1947
1848 1847 1849 1748 1948
1849 1848 1850 1749 1949
1850 1849 1851 1750 1950
1851 1850 1852 1751 1951
1852 1851 1853 1752 1952
1853 1852 1854 1753 1953
1854 1853 1855 1754 1954
1855 1854 1856 1755 1955
1856 1855 1857 1756 1956
1857 1856 1858 1757 1957
1858 1857 1859 1758 1958
1859 1858 1860 1759 1959
1860 1859 1861 1760 1960
1861 1860 1862 1761 1961
1862 1861 1863 1762 1962
1863 1862 1864 1763 1963
1864 1863 1865 1764 1964
1865 1864 1866 1765 1965
1866 1865 1867 1766 1966
1867 1866 1868 1767 1967
1868 1867 1869 1768 1968
1869 1868 1870 1769 1969
1870 1869 1871 1770 1970
1871 1870 1872 1771 1971
1872 1871 1873 1772 1972
1873 1872 1874 1773 1973
1874 1873 1875 1774 1974
1875 1874 1876 1775 1975
1876 1875 1877 1776 1976
1877 1876 1878 1777 1977
1878 1877 1879 1778 1978
1879 1878 1880 1779 1979
1880 1879 1881 1780 1980
1881 1880 1882 1781 1981
1882 1881 1883 1782 1982
1883 1882 1884 1783 1983
1884 1883 1885 1784 1984
1885 1884 1886 1785 1985
1886 1885 1887 1786 1986
1887 1886 1888 1787 1987
1888 1887 1889 1788 1988
1889 1888 1890 1789 1989
1890 1889 1891 1790 1990
1891 1890 1892 1791 1991
1892 1891 1893 1792 1992
1893 1892 1894 1793 1993
1894 1893 1895 1794 1994
1895 1894 1896 1795 1995
1896 1895 1897 1796 1996
1897 1896 1898 1797 1997
1898 1897 1899 1798 1998
1899 1898 1800 1799 1999
1900 1999 1901 1800 2000
1901 1900 1902 1801 2001
1902 1901 1903 1802 2002
1903 1902 1904 1803 2003
1904 1903 1905 1804 2004
1905 1904 1906 1805 2005
1906 1905 1907 1806 2006
1907 1906 1908 1807 2007
1908 1907 1909 1808 2008
1909 1908 1910 1809 2009
1910 1909 1911 1810 2010
1911 1910 1912 1811 2011
1912 1911 1913 1812 2012
1913 1912 1914 1813 2013
1914 1913 1915 1814 2014
1915 1914 1916 1815 2015
1916 1915 1917 1816 2016
1917 1916 1918 1817 2017
1918 1917 1919 1818 2018
1919 1918 1920 1819 2019
1920 1919 1921 1820 2020
1921 1920 1922 1821 2021
1922 1921 1923 1822 2022
1923 1922 1924 1823 2023
1924 1923 1925 1824 2024
1925 1924 1926 1825 2025
1926 1925 1927 1826 2026
1927 1926 1928 1827 2027
1928 1927 1929 1828 2028
1929 1928 1930 1829 2029
1930 1929 1931 1830 2030
1931 1930 1932 1831 2031
1932 1931 1933 1832 2032
1933 1932 1934 1833 2033
1934 1933 1935 1834 2034
1935 1934 1936 1835 2035
1936 1935 1937 1836 2036
1937 1936 1938 1837 2037
1938 1937 1939 1838 2038
1939 1938 1940 1839 2039
1940 1939 1941 1840 2040
1941 1940 1942 1841 2041
1942 1941 1943 1842 2042
1943 1942 1944 1843 2043
1944 1943 1945 1844 2044
1945 1944 1946 1845 2045
1946 1945 1947 1846 2046
1947 1946 1948 1847 2047
1948 1947 1949 1848 2048
1949 1948 1950 1849 2049
1950 1949 1951 1850 2050
1951 1950 1952 1851 2051
1952 1951 1953 1852 2052
1953 1952 1954 1853 2053
1954 1953 1955 1854 2054
1955 1954 1956 1855 2055
1956 1955 1957 1856 2056
1957 1956 1958 1857 2057
1958 1957 1959 1858 2058
1959 1958 1960 1859 2059
1960 1959 1961 1860 2060
1961 1960 1962 1861 2061
1962 1961 1963 1862 2062
1963 1962 1964 1863 2063
1964 1963 1965 1864 2064
1965 1964 1966 1865 2065
1966 1965 1967 1866 2066
1967 1966 1968 1867 2067
1968 1967 1969 1868 2068
1969 1968 1970 1869 2069
1970 1969 1971 1870 2070
1971 1970 1972 1871 2071
1972 1971 1973 1872 2072
1973 1972 1974 1873 2073
1974 1973 1975 1874 2074
1975 1974 1976 1875 2075
1976 1975 1977 1876 2076
1977 1976 1978 1877 2077
1978 1977 1979 1878 2078
1979 1978 1980 1879 2079
1980 1979 1981 1880 2080
1981 1980 1982 1881 2081
1982 1981 1983 1882 2082
1983 1982 1984 1883 2083
1984 1983 1985 1884 2084
1985 1984 1986 1885 2085
1986 1985 1987 1886 2086
1987 1986 1988 1887 2087
1988 1987 1989 1888 2088
1989 1988 1990 1889 2089
1990 1989 1991 1890 2090
1991 1990 1992 1891 2091
1992 1991 1993 1892 2092
1993 1992 1994 1893 2093
1994 1993 1995 1894 2094
1995 1994 1996 1895 2095
1996 1995 1997 1896 2096
1997 1996 1998 1897 2097
1998 1997 1999 1898 2098
1999 1998 1900 1899 2099
2000 2099 2001 1900 2100
2001 2000 2002 1901 2101
2002 2001 2003 1902 2102
2003 2002 2004 1903 2103
2004 2003 2005 1904 2104
2005 2004 2006 1905 2105
2006 2005 2007 1906 2106
2007 2006 2008 1907 2107
2008 2007 2009 1908 2108
2009 2008 2010 1909 2109
2010 2009 2011 1910 2110
2011 2010 2012 1911 2111
2012 2011 2013 1912 2112
2013 2012 2014 1913 2113
2014 2013 2015 1914 2114
2015 2014 2016 1915 2115
2016 2015 2017 1916 2116
2017 2016 2018 1917 2117
2018 2017 2019 1918 2118
2019 2018 2020 1919 2119
2020 2019 2021 1920 2120
2021 2020 2022 1921 2121
2022 2021 2023 1922 2122
2023 2022 2024 1923 2123
2024 2023 2025 1924 2124
2025 2024 2026 1925 2125
2026 2025 2027 1926 2126
2027 2026 2028 1927 2127
2028 2027 2029 1928 2128
2029 2028 2030 1929 2129
2030 2029 2031 1930 2130
2031 2030 2032 1931 2131
2032 2031 2033 1932 2132
2033 2032 2034 1933 2133
2034 2033 2035 1934 2134
2035 2034 2036 1935 2135
2036 2035 2037 1936 2136
2037 2036 2038 1937 2137
2038 2037 2039 1938 2138
2039 2038 2040 1939 2139
2040 2039 2041 1940 2140
2041 2040 2042 1941 2141
2042 2041 2043 1942 2142
2043 2042 2044 1943 2143
2044 2043 2045 1944 2144
2045 2044 2046 1945 2145
2046 2045 2047 1946 2146
2047 2046 2048 1947 2147
2048 2047 2049 1948 2148
2049 2048 2050 1949 2149
2050 2049 2051 1950 2150
2051 2050 2052 1951 2151
2052 2051 2053 1952 2152
2053 2052 2054 1953 2153
2054 2053 2055 1954 2154
2055 2054 2056 1955 2155
2056 2055 2057 1956 2156
2057 2056 2058 1957 2157
2058 2057 2059 1958 2158
2059 2058 2060 1959 2159
2060 2059 2061 1960 2160
2061 2060 2062 1961 2161
2062 2061 2063 1962 2162
2063 2062 2064 1963 2163
2064 2063 2065 1964 2164
2065 2064 2066 1965 2165
2066 2065 2067 1966 2166
2067 2066 2068 1967 2167
2068 2067 2069 1968 2168
2069 2068 2070 1969 2169
2070 2069 2071 1970 2170
2071 2070 2072 1971 2171
2072 2071 2073 1972 2172
2073 2072 2074 1973 2173
2074 2073 2075 1974 2174
2075 2074 2076 1975 2175
2076 2075 2077 1976 2176
2077 2076 2078 1977 2177
2078 2077 2079 1978 2178
2079 2078 2080 1979 2179
2080 2079 2081 1980 2180
2081 2080 2082 1981 2181
2082 2081 2083 1982 2182
2083 2082 2084 1983 2183
2084 2083 2085 1984 2184
2085 2084 2086 1985 2185
2086 2085 2087 1986 2186
2087 2086 2088 1987 2187
2088 2087 2089 1988 2188
2089 2088 2090 1989 2189
2090 2089 2091 1990 2190
2091 2090 2092 1991 2191
2092 2091 2093 1992 2192
2093 2092 2094 1993 2193
2094 2093 2095 1994 2194
2095 2094 2096 1995 2195
2096 2095 2097 1996 2196
2097 2096 2098 1997 2197
2098 2097 2099 1998 2198
2099 2098 2000 1999 2199
2100 2199 2101 2000 2200
2101 2100 2102 2001 2201
2102 2101 2103 2002 2202
2103 2102 2104 2003 2203
2104 2103 2105 2004 2204
2105 2104 2106 2005 2205
2106 2105 2107 2006 2206
2107 2106 2108 2007 2207
2108 2107 2109 2008 2208
2109 2108 2110 2009 2209
2110 2109 2111 2010 2210
2111 2110 2112 2011 2211
2112 2111 2113 2012 2212
2113 2112 2114 2013 2213
2114 2113 2115 2014 2214
2115 2114 2116 2015 2215
2116 2115 2117 2016 2216
2117 2116 2118 2017 2217
2118 2117 2119 2018 2218
2119 2118 2120 2019 2219
2120 2119 2121 2020 2220
2121 2120 2122 2021 2221
2122 2121 2123 2022 2222
2123 2122 2124 2023 2223
2124 2123 2125 2024 2224
2125 2124 2126 2025 2225
2126 2125 2127 2026 2226
2127 2126 2128 2027 2227
2128 2127 2129 2028 2228
2129 2128 2130 2029 2229
2130 2129 2131 2030 2230
2131 2130 2132 2031 2231
2132 2131 2133 2032 2232
2133 2132 2134 2033 2233
2134 2133 2135 2034 2234
2135 2134 2136 2035 2235
2136 2135 2137 2036 2236
2137 2136 2138 2037 2237
2138 2137 2139 2038 2238
2139 2138 2140 2039 2239
2140 2139 2141 2040 2240
2141 2140 2142 2041 2241
2142 2141 2143 2042 2242
2143 2142 2144 2043 2243
2144 2143 2145 2044 2244
2145 2144 2146 2045 2245
2146 2145 2147 2046 2246
2147 2146 2148 2047 2247
2148 2147 2149 2048 2248
2149 2148 2150 2049 2249
2150 2149 2151 2050 2250
2151 2150 2152 2051 2251
2152 2151 2153 2052 2252
2153 2152 2154 2053 2253
2154 2153 2155 2054 2254
2155 2154 2156 2055 2255
2156 2155 2157 2056 2256
2157 2156 2158 2057 2257
2158 2157 2159 2058 2258
2159 2158 2160 2059 2259
2160 2159 2161 2060 2260
2161 2160 2162 2061 2261
2162 2161 2163 2062 2262
2163 2162 2164 2063 2263
2164 2163 2165 2064 2264
2165 2164 2166 2065 2265
2166 2165 2167 2066 2266
2167 2166 2168 2067 2267
2168 2167 2169 2068 2268
2169 2168 2170 2069 2269
2170 2169 2171 2070 2270
2171 2170 2172 2071 2271
2172 2171 2173 2072 2272
2173 2172 2174 2073 2273
2174 2173 2175 2074 2274
2175 2174 2176 2075 2275
2176 2175 2177 2076 2276
2177 2176 2178 2077 2277
2178 2177 2179 2078 2278
2179 2178 2180 2079 2279
2180 2179 2181 2080 2280
2181 2180 2182 2081 2281
2182 2181 2183 2082 2282
2183 2182 2184 2083 2283
2184 2183 2185 2084 2284
2185 2184 2186 2085 2285
2186 2185 2187 2086 2286
2187 2186 2188 2087 2287
2188 2187 2189 2088 2288
2189 2188 2190 2089 2289
2190 2189 2191 2090 2290
2191 2190 2192 2091 2291
2192 2191 2193 2092 2292
2193 2192 2194 2093 2293
2194 2193 2195 2094 2294
2195 2194 2196 2095 2295
2196 2195 2197 2096 2296
2197 2196 2198 2097 2297
2198 2197 2199 2098 2298
2199 2198 2100 2099 2299
2200 2299 2201 2100 2300
2201 2200 2202 2101 2301
2202 2201 2203 2102 2302
2203 2202 2204 2103 2303
2204 2203 2205 2104 2304
2205 2204 2206 2105 2305
2206 2205 2207 2106 2306
2207 2206 2208 2107 2307
2208 2207 2209 2108 2308
2209 2208 2210 2109 2309
2210 2209 2211 2110 2310
2211 2210 2212 2111 2311
2212 2211 2213 2112 2312
2213 2212 2214 2113 2313
2214 2213 2215 2114 2314
2215 2214 2216 2115 2315
2216 2215 2217 2116 2316
2217 2216 2218 2117 2317
2218 2217 2219 2118 2318
2219 2218 2220 2119 2319
2220 2219 2221 2120 2320
2221 2220 2222 2121 2321
2222 2221 2223 2122 2322
2223 2222 2224 2123 2323
2224 2223 2225 2124 2324
2225 2224 2226 2125 2325
2226 2225 2227 2126 2326
2227 2226 2228 2127 2327
2228 2227 2229 2128 2328
2229 2228 2230 2129 2329
2230 2229 2231 2130 2330
2231 2230 2232 2131 2331
2232 2231 2233 2132 2332
2233 2232 2234 2133 2333
2234 2233 2235 2134 2334
2235 2234 2236 2135 2335
2236 2235 2237 2136 2336
2237 2236 2238 2137 2337
2238 2237 2239 2138 2338
2239 2238 2240 2139 2339
2240 2239 2241 2140 2340
2241 2240 2242 2141 2341
2242 2241 2243 2142 2342
2243 2242 2244 2143 2343
2244 2243 2245 2144 2344
2245 2244 2246 2145 2345
2246 2245 2247 2146 2346
2247 2246 2248 2147 2347
2248 2247 2249 2148 2348
2249 2248 2250 2149 2349
2250 2249 2251 2150 2350
2251 2250 2252 2151 2351
2252 2251 2253 2152 2352
2253 2252 2254 2153 2353
2254 2253 2255 2154 2354
2255 2254 2256 2155 2355
2256 2255 2257 2156 2356
2257 2256 2258 2157 2357
2258 2257 2259 2158 2358
2259 2258 2260 2159 2359
2260 2259 2261 2160 2360
2261 2260 2262 2161 2361
2262 2261 2263 2162 2362
2263 2262 2264 2163 2363
2264 2263 2265 2164 2364
2265 2264 2266 2165 2365
2266 2265 2267 2166 2366
2267 2266 2268 2167 2367
2268 2267 2269 2168 2368
2269 2268 2270 2169 2369
2270 2269 2271 2170 2370
2271 2270 2272 2171 2371
2272 2271 2273 2172 2372
2273 2272 2274 2173 2373
2274 2273 2275 2174 2374
2275 2274 2276 2175 2375
2276 2275 2277 2176 2376
2277 2276 2278 2177 2377
2278 2277 2279 2178 2378
2279 2278 2280 2179 2379
2280 2279 2281 2180 2380
2281 2280 2282 2181 2381
2282 2281 2283 2182 2382
2283 2282 2284 2183 2383
2284 2283 2285 2184 2384
2285 2284 2286 2185 2385
2286 2285 2287 2186 2386
2287 2286 2288 2187 2387
2288 2287 2289 2188 2388
2289 2288 2290 2189 2389
2290 2289 2291 2190 2390
2291 2290 2292 2191 2391
2292 2291 2293 2192 2392
2293 2292 2294 2193 2393
2294 2293 2295 2194 2394
2295 2294 2296 2195 2395
2296 2295 2297 2196 2396
2297 2296 2298 2197 2397
2298 2297 2299 2198 2398
2299 2298 2200 2199 2399
2300 2399 2301 2200 2400
2301 2300 2302 2201 2401
2302 2301 2303 2202 2402
2303 2302 2304 2203 2403
2304 2303 2305 2204 2404
2305 2304 2306 2205 2405
2306 2305 2307 2206 2406
2307 2306 2308 2207 2407
2308 2307 2309 2208 2408
2309 2308 2310 2209 2409
2310 2309 2311 2210 2410
2311 2310 2312 2211 2411
2312 2311 2313 2212 2412
2313 2312 2314 2213 2413
2314 2313 2315 2214 2414
2315 2314 2316 2215 2415
2316 2315 2317 2216 2416
2317 2316 2318 2217 2417
2318 2317 2319 2218 2418
2319 2318 2320 2219 2419
2320 2319 2321 2220 2420
2321 2320 2322 2221 2421
2322 2321 2323 2222 2422
2323 2322 2324 2223 2423
2324 2323 2325 2224 2424
2325 2324 2326 2225 2425
2326 2325 2327 2226 2426
2327 2326 2328 2227 2427
2328 2327 2329 2228 2428
2329 2328 2330 2229 2429
2330 2329 2331 2230 2430
2331 2330 2332 2231 2431
2332 2331 2333 2232 2432
2333 2332 2334 2233 2433
2334 2333 2335 2234 2434
2335 2334 2336 2235 2435
2336 2335 2337 2236 2436
2337 2336 2338 2237 2437
2338 2337 2339 2238 2438
2339 2338 2340 2239 2439
2340 2339 2341 2240 2440
2341 2340 2342 2241 2441
2342 2341 2343 2242 2442
2343 2342 2344 2243 2443
2344 2343 2345 2244 2444
2345 2344 2346 2245 2445
2346 2345 2347 2246 2446
2347 2346 2348 2247 2447
2348 2347 2349 2248 2448
2349 2348 2350 2249 2449
2350 2349 2351 2250 2450
2351 2350 2352 2251 2451
2352 2351 2353 2252 2452
2353 2352 2354 2253 2453
2354 2353 2355 2254 2454
2355 2354 2356 2255 2455
2356 2355 2357 2256 2456
2357 2356 2358 2257 2457
2358 2357 2359 2258 2458
2359 2358 2360 2259 2459
2360 2359 2361 2260 2460
2361 2360 2362 2261 2461
2362 2361 2363 2262 2462
2363 2362 2364 2263 2463
2364 2363 2365 2264 2464
2365 2364 2366 2265 2465
2366 2365 2367 2266 2466
2367 2366 2368 2267 2467
2368 2367 2369 2268 2468
2369 2368 2370 2269 2469
2370 2369 2371 2270 2470
2371 2370 2372 2271 2471
2372 2371 2373 2272 2472
2373 2372 2374 2273 2473
2374 2373 2375 2274 2474
2375 2374 2376 2275 2475
2376 2375 2377 2276 2476
2377 2376 2378 2277 2477
2378 2377 2379 2278 2478
2379 2378 2380 2279 2479
2380 2379 2381 2280 2480
2381 2380 2382 2281 2481
2382 2381 2383 2282 2482
2383 2382 2384 2283 2483
2384 2383 2385 2284 2484
2385 2384 2386 2285 2485
2386 2385 2387 2286 2486
2387 2386 2388 2287 2487
2388 2387 2389 2288 2488
2389 2388 2390 2289 2489
2390 2389 2391 2290 2490
2391 2390 2392 2291 2491
2392 2391 2393 2292 2492
2393 2392 2394 2293 2493
2394 2393 2395 2294 2494
2395 2394 2396 2295 2495
2396 2395 2397 2296 2496
2397 2396 2398 2297 2497
2398 2397 2399 2298 2498
2399 2398 2300 2299 2499
2400 2499 2401 2300 2500
2401 2400 2402 2301 2501
2402 2401 2403 2302 2502
2403 2402 2404 2303 2503
2404 2403 2405 2304 2504
2405 2404 2406 2305 2505
2406 2405 2407 2306 2506
2407 2406 2408 2307 2507
2408 2407 2409 2308 2508
2409 2408 2410 2309 2509
2410 2409 2411 2310 2510
2411 2410 2412 2311 2511
2412 2411 2413 2312 2512
2413 2412 2414 2313 2513
2414 2413 2415 2314 2514
2415 2414 2416 2315 2515
2416 2415 2417 2316 2516
2417 2416 2418 2317 2517
2418 2417 2419 2318 2518
2419 2418 2420 2319 2519
2420 2419 2421 2320 2520
2421 2420 2422 2321 2521
2422 2421 2423 2322 2522
2423 2422 2424 2323 2523
2424 2423 2425 2324 2524
2425 2424 2426 2325 2525
2426 2425 2427 2326 2526
2427 2426 2428 2327 2527
2428 2427 2429 2328 2528
2429 2428 2430 2329 2529
2430 2429 2431 2330 2530
2431 2430 2432 2331 2531
2432 2431 2433 2332 2532
2433 2432 2434 2333 2533
2434 2433 2435 2334 2534
2435 2434 2436 2335 2535
2436 2435 2437 2336 2536
2437 2436 2438 2337 2537
2438 2437 2439 2338 2538
2439 2438 2440 2339 2539
2440 2439 2441 2340 2540
2441 2440 2442 2341 2541
2442 2441 2443 2342 2542
2443 2442 2444 2343 2543
2444 2443 2445 2344 2544
2445 2444 2446 2345 2545
2446 2445 2447 2346 2546
2447 2446 2448 2347 2547
2448 2447 2449 2348 2548
2449 2448 2450 2349 2549
2450 2449 2451 2350 2550
2451 2450 2452 2351 2551
2452 2451 2453 2352 2552
2453 2452 2454 2353 2553
2454 2453 2455 2354 2554
2455 2454 2456 2355 2555
2456 2455 2457 2356 2556
2457 2456 2458 2357 2557
2458 2457 2459 2358 2558
2459 2458 2460 2359 2559
2460 2459 2461 2360 2560
2461 2460 2462 2361 2561
2462 2461 2463 2362 2562
2463 2462 2464 2363 2563
2464 2463 2465 2364 2564
2465 2464 2466 2365 2565
2466 2465 2467 2366 2566
2467 2466 2468 2367 2567
2468 2467 2469 2368 2568
2469 2468 2470 2369 2569
2470 2469 2471 2370 2570
2471 2470 2472 2371 2571
2472 2471 2473 2372 2572
2473 2472 2474 2373 2573
2474 2473 2475 2374 2574
2475 2474 2476 2375 2575
2476 2475 2477 2376 2576
2477 2476 2478 2377 2577
2478 2477 2479 2378 2578
2479 2478 2480 2379 2579
2480 2479 2481 2380 2580
2481 2480 2482 2381 2581
2482 2481 2483 2382 2582
2483 2482 2484 2383 2583
2484 2483 2485 2384 2584
2485 2484 2486 2385 2585
2486 2485 2487 2386 2586
2487 2486 2488 2387 2587
2488 2487 2489 2388 2588
2489 2488 2490 2389 2589
2490 2489 2491 2390 2590
2491 2490 2492 2391 2591
2492 2491 2493 2392 2592
2493 2492 2494 2393 2593
2494 2493 2495 2394 2594
2495 2494 2496 2395 2595
2496 2495 2497 2396 2596
2497 2496 2498 2397 2597
2498 2497 2499 2398 2598
2499 2498 2400 2399 2599
2500 2599 2501 2400 2600
2501 2500 2502 2401 2601
2502 2501 2503 2402 2602
2503 2502 2504 2403 2603
2504 2503 2505 2404 2604
2505 2504 2506 2405 2605
2506 2505 2507 2406 2606
2507 2506 2508 2407 2607
2508 2507 2509 2408 2608
2509 2508 2510 2409 2609
2510 2509 2511 2410 2610
2511 2510 2512 2411 2611
2512 2511 2513 2412 2612
2513 2512 2514 2413 2613
2514 2513 2515 2414 2614
2515 2514 2516 2415 2615
2516 2515 2517 2416 2616
2517 2516 2518 2417 2617
2518 2517 2519 2418 2618
2519 2518 2520 2419 2619
2520 2519 2521 2420 2620
2521 2520 2522 2421 2621
2522 2521 2523 2422 2622
2523 2522 2524 2423 2623
2524 2523 2525 2424 2624
2525 2524 2526 2425 2625
2526 2525 2527 2426 2626
2527 2526 2528 2427 2627
2528 2527 2529 2428 2628
2529 2528 2530 2429 2629
2530 2529 2531 2430 2630
2531 2530 2532 2431 2631
2532 2531 2533 2432 2632
2533 2532 2534 2433 2633
2534 2533 2535 2434 2634
2535 2534 2536 2435 2635
2536 2535 2537 2436 2636
2537 2536 2538 2437 2637
2538 2537 2539 2438 2638
2539 2538 2540 2439 2639
2540 2539 2541 2440 2640
2541 2540 2542 2441 2641
2542 2541 2543 2442 2642
2543 2542 2544 2443 2643
2544 2543 2545 2444 2644
2545 2544 2546 2445 2645
2546 2545 2547 2446 2646
2547 2546 2548 2447 2647
2548 2547 2549 2448 2648
2549 2548 2550 2449 2649
2550 2549 2551 2450 2650
2551 2550 2552 2451 2651
2552 2551 2553 2452 2652
2553 2552 2554 2453 2653
2554 2553 2555 2454 2654
2555 2554 2556 2455 2655
2556 2555 2557 2456 2656
2557 2556 2558 2457 2657
2558 2557 2559 2458 2658
2559 2558 2560 2459 2659
2560 2559 2561 2460 2660
2561 2560 2562 2461 2661
2562 2561 2563 2462 2662
2563 2562 2564 2463 2663
2564 2563 2565 2464 2664
2565 2564 2566 2465 2665
2566 2565 2567 2466 2666
2567 2566 2568 2467 2667
2568 2567 2569 2468 2668
2569 2568 2570 2469 2669
2570 2569 2571 2470 2670
2571 2570 2572 2471 2671
2572 2571 2573 2472 2672
2573 2572 2574 2473 2673
2574 2573 2575 2474 2674
2575 2574 2576 2475 2675
2576 2575 2577 2476 2676
2577 2576 2578 2477 2677
2578 2577 2579 2478 2678
2579 2578 2580 2479 2679
2580 2579 2581 2480 2680
2581 2580 2582 2481 2681
2582 2581 2583 2482 2682
2583 2582 2584 2483 2683
2584 2583 2585 2484 2684
2585 2584 2586 2485 2685
2586 2585 2587 2486 2686
2587 2586 2588 2487 2687
2588 2587 2589 2488 2688
2589 2588 2590 2489 2689
2590 2589 2591 2490 2690
2591 2590 2592 2491 2691
2592 2591 2593 2492 2692
2593 2592 2594 2493 2693
2594 2593 2595 2494 2694
2595 2594 2596 2495 2695
2596 2595 2597 2496 2696
2597 2596 2598 2497 2697
2598 2597 2599 2498 2698
2599 2598 2500 2499 2699
2600 2699 2601 2500 2700
2601 2600 2602 2501 2701
2602 2601 2603 2502 2702
2603 2602 2604 2503 2703
2604 2603 2605 2504 2704
2605 2604 2606 2505 2705
2606 2605 2607 2506 2706
2607 2606 2608 2507 2707
2608 2607 2609 2508 2708
2609 2608 2610 2509 2709
2610 2609 2611 2510 2710
2611 2610 2612 2511 2711
2612 2611 2613 2512 2712
2613 2612 2614 2513 2713
2614 2613 2615 2514 2714
2615 2614 2616 2515 2715
2616 2615 2617 2516 2716
2617 2616 2618 2517 2717
2618 2617 2619 2518 2718
2619 2618 2620 2519 2719
2620 2619 2621 2520 2720
2621 2620 2622 2521 2721
2622 2621 2623 2522 2722
2623 2622 2624 2523 2723
2624 2623 2625 2524 2724
2625 2624 2626 2525 2725
2626 2625 2627 2526 2726
2627 2626 2628 2527 2727
2628 2627 2629 2528 2728
2629 2628 2630 2529 2729
2630 2629 2631 2530 2730
2631 2630 2632 2531 2731
2632 2631 2633 2532 2732
2633 2632 2634 2533 2733
2634 2633 2635 2534 2734
2635 2634 2636 2535 2735
2636 2635 2637 2536 2736
2637 2636 2638 2537 2737
2638 2637 2639 2538 2738
2639 2638 2640 2539 2739
2640 2639 2641 2540 2740
2641 2640 2642 2541 2741
2642 2641 2643 2542 2742
2643 2642 2644 2543 2743
2644 2643 2645 2544 2744
2645 2644 2646 2545 2745
2646 2645 2647 2546 2746
2647 2646 2648 2547 2747
2648 2647 2649 2548 2748
2649 2648 2650 2549 2749
2650 2649 2651 2550 2750
2651 2650 2652 2551 2751
2652 2651 2653 2552 2752
2653 2652 2654 2553 2753
2654 2653 2655 2554 2754
2655 2654 2656 2555 2755
2656 2655 2657 2556 2756
2657 2656 2658 2557 2757
2658 2657 2659 2558 2758
2659 2658 2660 2559 2759
2660 2659 2661 2560 2760
2661 2660 2662 2561 2761
2662 2661 2663 2562 2762
2663 2662 2664 2563 2763
2664 2663 2665 2564 2764
2665 2664 2666 2565 2765
2666 2665 2667 2566 2766
2667 2666 2668 2567 2767
2668 2667 2669 2568 2768
2669 2668 2670 2569 2769
2670 2669 2671 2570 2770
2671 2670 2672 2571 2771
2672 2671 2673 2572 2772
2673 2672 2674 2573 2773
2674 2673 2675 2574 2774
2675 2674 2676 2575 2775
2676 2675 2677 2576 2776
2677 2676 2678 2577 2777
2678 2677 2679 2578 2778
2679 2678 2680 2579 2779
2680 2679 2681 2580 2780
2681 2680 2682 2581 2781
2682 2681 2683 2582 2782
2683 2682 2684 2583 2783
2684 2683 2685 2584 2784
2685 2684 2686 2585 2785
2686 2685 2687 2586 2786
2687 2686 2688 2587 2787
2688 2687 2689 2588 2788
2689 2688 2690 2589 2789
2690 2689 2691 2590 2790
2691 2690 2692 2591 2791
2692 2691 2693 2592 2792
2693 2692 2694 2593 2793
2694 2693 2695 2594 2794
2695 2694 2696 2595 2795
2696 2695 2697 2596 2796
2697 2696 2698 2597 2797
2698 2697 2699 2598 2798
2699 2698 2600 2599 2799
2700 2799 2701 2600 2800
2701 2700 2702 2601 2801
2702 2701 2703 2602 2802
2703 2702 2704 2603 2803
2704 2703 2705 2604 2804
2705 2704 2706 2605 2805
2706 2705 2707 2606 2806
2707 2706 2708 2607 2807
2708 2707 2709 2608 2808
2709 2708 2710 2609 2809
2710 2709 2711 2610 2810
2711 2710 2712 2611 2811
2712 2711 2713 2612 2812
2713 2712 2714 2613 2813
2714 2713 2715 2614 2814
2715 2714 2716 2615 2815
2716 2715 2717 2616 2816
2717 2716 2718 2617 2817
2718 2717 2719 2618 2818
2719 2718 2720 2619 2819
2720 2719 2721 2620 2820
2721 2720 2722 2621 2821
2722 2721 2723 2622 2822
2723 2722 2724 2623 2823
2724 2723 2725 2624 2824
2725 2724 2726 2625 2825
2726 2725 2727 2626 2826
2727 2726 2728 2627 2827
2728 2727 2729 2628 2828
2729 2728 2730 2629 2829
2730 2729 2731 2630 2830
2731 2730 2732 2631 2831
2732 2731 2733 2632 2832
2733 2732 2734 2633 2833
2734 2733 2735 2634 2834
2735 2734 2736 2635 2835
2736 2735 2737 2636 2836
2737 2736 2738 2637 2837
2738 2737 2739 2638 2838
2739 2738 2740 2639 2839
2740 2739 2741 2640 2840
2741 2740 2742 2641 2841
2742 2741 2743 2642 2842
2743 2742 2744 2643 2843
2744 2743 2745 2644 2844
2745 2744 2746 2645 2845
2746 2745 2747 2646 2846
2747 2746 2748 2647 2847
2748 2747 2749 2648 2848
2749 2748 2750 2649 2849
2750 2749 2751 2650 2850
2751 2750 2752 2651 2851
2752 2751 2753 2652 2852
2753 2752 2754 2653 2853
2754 2753 2755 2654 2854
2755 2754 2756 2655 2855
2756 2755 2757 2656 2856
2757 2756 2758 2657 2857
2758 2757 2759 2658 2858
2759 2758 2760 2659 2859
2760 2759 2761 2660 2860
2761 2760 2762 2661 2861
2762 2761 2763 2662 2862
2763 2762 2764 2663 2863
2764 2763 2765 2664 2864
2765 2764 2766 2665 2865
2766 2765 2767 2666 2866
2767 2766 2768 2667 2867
2768 2767 2769 2668 2868
2769 2768 2770 2669 2869
2770 2769 2771 2670 2870
2771 2770 2772 2671 2871
2772 2771 2773 2672 2872
2773 2772 2774 2673 2873
2774 2773 2775 2674 2874
2775 2774 2776 2675 2875
2776 2775 2777 2676 2876
2777 2776 2778 2677 2877
2778 2777 2779 2678 2878
2779 2778 2780 2679 2879
2780 2779 2781 2680 2880
2781 2780 2782 2681 2881
2782 2781 2783 2682 2882
2783 2782 2784 2683 2883
2784 2783 2785 2684 2884
2785 2784 2786 2685 2885
2786 2785 2787 2686 2886
2787 2786 2788 2687 2887
2788 2787 2789 2688 2888
2789 2788 2790 2689 2889
2790 2789 2791 2690 2890
2791 2790 2792 2691 2891
2792 2791 2793 2692 2892
2793 2792 2794 2693 2893
2794 2793 2795 2694 2894
2795 2794 2796 2695 2895
2796 2795 2797 2696 2896
2797 2796 2798 2697 2897
2798 2797 2799 2698 2898
2799 2798 2700 2699 2899
2800 2899 2801 2700 2900
2801 2800 2802 2701 2901
2802 2801 2803 2702 2902
2803 2802 2804 2703 2903
2804 2803 2805 2704 2904
2805 2804 2806 2705 2905
2806 2805 2807 2706 2906
2807 2806 2808 2707 2907
2808 2807 2809 2708 2908
2809 2808 2810 2709 2909
2810 2809 2811 2710 2910
2811 2810 2812 2711 2911
2812 2811 2813 2712 2912
2813 2812 2814 2713 2913
2814 2813 2815 2714 2914
2815 2814 2816 2715 2915
2816 2815 2817 2716 2916
2817 2816 2818 2717 2917
2818 2817 2819 2718 2918
2819 2818 2820 2719 2919
2820 2819 2821 2720 2920
2821 2820 2822 2721 2921
2822 2821 2823 2722 2922
2823 2822 2824 2723 2923
2824 2823 2825 2724 2924
2825 2824 2826 2725 2925
2826 2825 2827 2726 2926
2827 2826 2828 2727 2927
2828 2827 2829 2728 2928
2829 2828 2830 2729 2929
2830 2829 2831 2730 2930
2831 2830 2832 2731 2931
2832 2831 2833 2732 2932
2833 2832 2834 2733 2933
2834 2833 2835 2734 2934
2835 2834 2836 2735 2935
2836 2835 2837 2736 2936
2837 2836 2838 2737 2937
2838 2837 2839 2738 2938
2839 2838 2840 2739 2939
2840 2839 2841 2740 2940
2841 2840 2842 2741 2941
2842 2841 2843 2742 2942
2843 2842 2844 2743 2943
2844 2843 2845 2744 2944
2845 2844 2846 2745 2945
2846 2845 2847 2746 2946
2847 2846 2848 2747 2947
2848 2847 2849 2748 2948
2849 2848 2850 2749 2949
2850 2849 2851 2750 2950
2851 2850 2852 2751 2951
2852 2851 2853 2752 2952
2853 2852 2854 2753 2953
2854 2853 2855 2754 2954
2855 2854 2856 2755 2955
2856 2855 2857 2756 2956
2857 2856 2858 2757 2957
2858 2857 2859 2758 2958
2859 2858 2860 2759 2959
2860 2859 2861 2760 2960
2861 2860 2862 2761 2961
2862 2861 2863 2762 2962
2863 2862 2864 2763 2963
2864 2863 2865 2764 2964
2865 2864 2866 2765 2965
2866 2865 2867 2766 2966
2867 2866 2868 2767 2967
2868 2867 2869 2768 2968
2869 2868 2870 2769 2969
2870 2869 2871 2770 2970
2871 2870 2872 2771 2971
2872 2871 2873 2772 2972
2873 2872 2874 2773 2973
2874 2873 2875 2774 2974
2875 2874 2876 2775 2975
2876 2875 2877 2776 2976
2877 2876 2878 2777 2977
2878 2877 2879 2778 2978
2879 2878 2880 2779 2979
2880 2879 2881 2780 2980
2881 2880 2882 2781 2981
2882 2881 2883 2782 2982
2883 2882 2884 2783 2983
2884 2883 2885 2784 2984
2885 2884 2886 2785 2985
2886 2885 2887 2786 2986
2887 2886 2888 2787 2987
2888 2887 2889 2788 2988
2889 2888 2890 2789 2989
2890 2889 2891 2790 2990
2891 2890 2892 2791 2991
2892 2891 2893 2792 2992
2893 2892 2894 2793 2993
2894 2893 2895 2794 2994
2895 2894 2896 2795 2995
2896 2895 2897 2796 2996
2897 2896 2898 2797 2997
2898 2897 2899 2798 2998
2899 2898 2800 2799 2999
2900 2999 2901 2800 3000
2901 2900 2902 2801 3001
2902 2901 2903 2802 3002
2903 2902 2904 2803 3003
2904 2903 2905 2804 3004
2905 2904 2906 2805 3005
2906 2905 2907 2806 3006
2907 2906 2908 2807 3007
2908 2907 2909 2808 3008
2909 2908 2910 2809 3009
2910 2909 2911 2810 3010
2911 2910 2912 2811 3011
2912 2911 2913 2812 3012
2913 2912 2914 2813 3013
2914 2913 2915 2814 3014
2915 2914 2916 2815 3015
2916 2915 2917 2816 3016
2917 2916 2918 2817 3017
2918 2917 2919 2818 3018
2919 2918 2920 2819 3019
2920 2919 2921 2820 3020
2921 2920 2922 2821 3021
2922 2921 2923 2822 3022
2923 2922 2924 2823 3023
2924 2923 2925 2824 3024
2925 2924 2926 2825 3025
2926 2925 2927 2826 3026
2927 2926 2928 2827 3027
2928 2927 2929 2828 3028
2929 2928 2930 2829 3029
2930 2929 2931 2830 3030
2931 2930 2932 2831 3031
2932 2931 2933 2832 3032
2933 2932 2934 2833 3033
2934 2933 2935 2834 3034
2935 2934 2936 2835 3035
2936 2935 2937 2836 3036
2937 2936 2938 2837 3037
2938 2937 2939 2838 3038
2939 2938 2940 2839 3039
2940 2939 2941 2840 3040
2941 2940 2942 2841 3041
2942 2941 2943 2842 3042
2943 2942 2944 2843 3043
2944 2943 2945 2844 3044
2945 2944 2946 2845 3045
2946 2945 2947 2846 3046
2947 2946 2948 2847 3047
2948 2947 2949 2848 3048
2949 2948 2950 2849 3049
2950 2949 2951 2850 3050
2951 2950 2952 2851 3051
2952 2951 2953 2852 3052
2953 2952 2954 2853 3053
2954 2953 2955 2854 3054
2955 2954 2956 2855 3055
2956 2955 2957 2856 3056
2957 2956 2958 2857 3057
2958 2957 2959 2858 3058
2959 2958 2960 2859 3059
2960 2959 2961 2860 3060
2961 2960 2962 2861 3061
2962 2961 2963 2862 3062
2963 2962 2964 2863 3063
2964 2963 2965 2864 3064
2965 2964 2966 2865 3065
2966 2965 2967 2866 3066
2967 2966 2968 2867 3067
2968 2967 2969 2868 3068
2969 2968 2970 2869 3069
2970 2969 2971 2870 3070
2971 2970 2972 2871 3071
2972 2971 2973 2872 3072
2973 2972 2974 2873 3073
2974 2973 2975 2874 3074
2975 2974 2976 2875 3075
2976 2975 2977 2876 3076
2977 2976 2978 2877 3077
2978 2977 2979 2878 3078
2979 2978 2980 2879 3079
2980 2979 2981 2880 3080
2981 2980 2982 2881 3081
2982 2981 2983 2882 3082
2983 2982 2984 2883 3083
2984 2983 2985 2884 3084
2985 2984 2986 2885 3085
2986 2985 2987 2886 3086
2987 2986 2988 2887 3087
2988 2987 2989 2888 3088
2989 2988 2990 2889 3089
2990 2989 2991 2890 3090
2991 2990 2992 2891 3091
2992 2991 2993 2892 3092
2993 2992 2994 2893 3093
2994 2993 2995 2894 3094
2995 2994 2996 2895 3095
2996 2995 2997 2896 3096
2997 2996 2998 2897 3097
2998 2997 2999 2898 3098
2999 2998 2900 2899 3099
3000 3099 3001 2900 3100
3001 3000 3002 2901 3101
3002 3001 3003 2902 3102
3003 3002 3004 2903 3103
3004 3003 3005 2904 3104
3005 3004 3006 2905 3105
3006 3005 3007 2906 3106
3007 3006 3008 2907 3107
3008 3007 3009 2908 3108
3009 3008 3010 2909 3109
3010 3009 3011 2910 3110
3011 3010 3012 2911 3111
3012 3011 3013 2912 3112
3013 3012 3014 2913 3113
3014 3013 3015 2914 3114
3015 3014 3016 2915 3115
3016 3015 3017 2916 3116
3017 3016 3018 2917 3117
3018 3017 3019 2918 3118
3019 3018 3020 2919 3119
3020 3019 3021 2920 3120
3021 3020 3022 2921 3121
3022 3021 3023 2922 3122
3023 3022 3024 2923 3123
3024 3023 3025 2924 3124
3025 3024 3026 2925 3125
3026 3025 3027 2926 3126
3027 3026 3028 2927 3127
3028 3027 3029 2928 3128
3029 3028 3030 2929 3129
3030 3029 3031 2930 3130
3031 3030 3032 2931 3131
3032 3031 3033 2932 3132
3033 3032 3034 2933 3133
3034 3033 3035 2934 3134
3035 3034 3036 2935 3135
3036 3035 3037 2936 3136
3037 3036 3038 2937 3137
3038 3037 3039 2938 3138
3039 3038 3040 2939 3139
3040 3039 3041 2940 3140
3041 3040 3042 2941 3141
3042 3041 3043 2942 3142
3043 3042 3044 2943 3143
3044 3043 3045 2944 3144
3045 3044 3046 2945 3145
3046 3045 3047 2946 3146
3047 3046 3048 2947 3147
3048 3047 3049 2948 3148
3049 3048 3050 2949 3149
3050 3049 3051 2950 3150
3051 3050 3052 2951 3151
3052 3051 3053 2952 3152
3053 3052 3054 2953 3153
3054 3053 3055 2954 3154
3055 3054 3056 2955 3155
3056 3055 3057 2956 3156
3057 3056 3058 2957 3157
3058 3057 3059 2958 3158
3059 3058 3060 2959 3159
3060 3059 3061 2960 3160
3061 3060 3062 2961 3161
3062 3061 3063 2962 3162
3063 3062 3064 2963 3163
3064 3063 3065 2964 3164
3065 3064 3066 2965 3165
3066 3065 3067 2966 3166
3067 3066 3068 2967 3167
3068 3067 3069 2968 3168
3069 3068 3070 2969 3169
3070 3069 3071 2970 3170
3071 3070 3072 2971 3171
3072 3071 3073 2972 3172
3073 3072 3074 2973 3173
3074 3073 3075 2974 3174
3075 3074 3076 2975 3175
3076 3075 3077 2976 3176
3077 3076 3078 2977 3177
3078 3077 3079 2978 3178
3079 3078 3080 2979 3179
3080 3079 3081 2980 3180
3081 3080 3082 2981 3181
3082 3081 3083 2982 3182
3083 3082 3084 2983 3183
3084 3083 3085 2984 3184
3085 3084 3086 2985 3185
3086 3085 3087 2986 3186
3087 3086 3088 2987 3187
3088 3087 3089 2988 3188
3089 3088 3090 2989 3189
3090 3089 3091 2990 3190
3091 3090 3092 2991 3191
3092 3091 3093 2992 3192
3093 3092 3094 2993 3193
3094 3093 3095 2994 3194
3095 3094 3096 2995 3195
3096 3095 3097 2996 3196
3097 3096 3098 2997 3197
3098 3097 3099 2998 3198
3099 3098 3000 2999 3199
3100 3199 3101 3000 3200
3101 3100 3102 3001 3201
3102 3101 3103 3002 3202
3103 3102 3104 3003 3203
3104 3103 3105 3004 3204
3105 3104 3106 3005 3205
3106 3105 3107 3006 3206
3107 3106 3108 3007 3207
3108 3107 3109 3008 3208
3109 3108 3110 3009 3209
3110 3109 3111 3010 3210
3111 3110 3112 3011 3211
3112 3111 3113 3012 3212
3113 3112 3114 3013 3213
3114 3113 3115 3014 3214
3115 3114 3116 3015 3215
3116 3115 3117 3016 3216
3117 3116 3118 3017 3217
3118 3117 3119 3018 3218
3119 3118 3120 3019 3219
3120 3119 3121 3020 3220
3121 3120 3122 3021 3221
3122 3121 3123 3022 3222
3123 3122 3124 3023 3223
3124 3123 3125 3024 3224
3125 3124 3126 3025 3225
3126 3125 3127 3026 3226
3127 3126 3128 3027 3227
3128 3127 3129 3028 3228
3129 3128 3130 3029 3229
3130 3129 3131 3030 3230
3131 3130 3132 3031 3231
3132 3131 3133 3032 3232
3133 3132 3134 3033 3233
3134 3133 3135 3034 3234
3135 3134 3136 3035 3235
3136 3135 3137 3036 3236
3137 3136 3138 3037 3237
3138 3137 3139 3038 3238
3139 3138 3140 3039 3239
3140 3139 3141 3040 3240
3141 3140 3142 3041 3241
3142 3141 3143 3042 3242
3143 3142 3144 3043 3243
3144 3143 3145 3044 3244
3145 3144 3146 3045 3245
3146 3145 3147 3046 3246
3147 3146 3148 3047 3247
3148 3147 3149 3048 3248
3149 3148 3150 3049 3249
3150 3149 3151 3050 3250
3151 3150 3152 3051 3251
3152 3151 3153 3052 3252
3153 3152 3154 3053 3253
3154 3153 3155 3054 3254
3155 3154 3156 3055 3255
3156 3155 3157 3056 3256
3157 3156 3158 3057 3257
3158 3157 3159 3058 3258
3159 3158 3160 3059 3259
3160 3159 3161 3060 3260
3161 3160 3162 3061 3261
3162 3161 3163 3062 3262
3163 3162 3164 3063 3263
3164 3163 3165 3064 3264
3165 3164 3166 3065 3265
3166 3165 3167 3066 3266
3167 3166 3168 3067 3267
3168 3167 3169 3068 3268
3169 3168 3170 3069 3269
3170 3169 3171 3070 3270
3171 3170 3172 3071 3271
3172 3171 3173 3072 3272
3173 3172 3174 3073 3273
3174 3173 3175 3074 3274
3175 3174 3176 3075 3275
3176 3175 3177 3076 3276
3177 3176 3178 3077 3277
3178 3177 3179 3078 3278
3179 3178 3180 3079 3279
3180 3179 3181 3080 3280
3181 3180 3182 3081 3281
3182 3181 3183 3082 3282
3183 3182 3184 3083 3283
3184 3183 3185 3084 3284
3185 3184 3186 3085 3285
3186 3185 3187 3086 3286
3187 3186 3188 3087 3287
3188 3187 3189 3088 3288
3189 3188 3190 3089 3289
3190 3189 3191 3090 3290
3191 3190 3192 3091 3291
3192 3191 3193 3092 3292
3193 3192 3194 3093 3293
3194 3193 3195 3094 3294
3195 3194 3196 3095 3295
3196 3195 3197 3096 3296
3197 3196 3198 3097 3297
3198 3197 3199 3098 3298
3199 3198 3100 3099 3299
3200 3299 3201 3100 3300
3201 3200 3202 3101 3301
3202 3201 3203 3102 3302
3203 3202 3204 3103 3303
3204 3203 3205 3104 3304
3205 3204 3206 3105 3305
3206 3205 3207 3106 3306
3207 3206 3208 3107 3307
3208 3207 3209 3108 3308
3209 3208 3210 3109 3309
3210 3209 3211 3110 3310
3211 3210 3212 3111 3311
3212 3211 3213 3112 3312
3213 3212 3214 3113 3313
3214 3213 3215 3114 3314
3215 3214 3216 3115 3315
3216 3215 3217 3116 3316
3217 3216 3218 3117 3317
3218 3217 3219 3118 3318
3219 3218 3220 3119 3319
3220 3219 3221 3120 3320
3221 3220 3222 3121 3321
3222 3221 3223 3122 3322
3223 3222 3224 3123 3323
3224 3223 3225 3124 3324
3225 3224 3226 3125 3325
3226 3225 3227 3126 3326
3227 3226 3228 3127 3327
3228 3227 3229 3128 3328
3229 3228 3230 3129 3329
3230 3229 3231 3130 3330
3231 3230 3232 3131 3331
3232 3231 3233 3132 3332
3233 3232 3234 3133 3333
3234 3233 3235 3134 3334
3235 3234 3236 3135 3335
3236 3235 3237 3136 3336
3237 3236 3238 3137 3337
3238 3237 3239 3138 3338
3239 3238 3240 3139 3339
3240 3239 3241 3140 3340
3241 3240 3242 3141 3341
3242 3241 3243 3142 3342
3243 3242 3244 3143 3343
3244 3243 3245 3144 3344
3245 3244 3246 3145 3345
3246 3245 3247 3146 3346
3247 3246 3248 3147 3347
3248 3247 3249 3148 3348
3249 3248 3250 3149 3349
3250 3249 3251 3150 3350
3251 3250 3252 3151 3351
3252 3251 3253 3152 3352
3253 3252 3254 3153 3353
3254 3253 3255 3154 3354
3255 3254 3256 3155 3355
3256 3255 3257 3156 3356
3257 3256 3258 3157 3357
3258 3257 3259 3158 3358
3259 3258 3260 3159 3359
3260 3259 3261 3160 3360
3261 3260 3262 3161 3361
3262 3261 3263 3162 3362
3263 3262 3264 3163 3363
3264 3263 3265 3164 3364
3265 3264 3266 3165 3365
3266 3265 3267 3166 3366
3267 3266 3268 3167 3367
3268 3267 3269 3168 3368
3269 3268 3270 3169 3369
3270 3269 3271 3170 3370
3271 3270 3272 3171 3371
3272 3271 3273 3172 3372
3273 3272 3274 3173 3373
3274 3273 3275 3174 3374
3275 3274 3276 3175 3375
3276 3275 3277 3176 3376
3277 3276 3278 3177 3377
3278 3277 3279 3178 3378
3279 3278 3280 3179 3379
3280 3279 3281 3180 3380
3281 3280 3282 3181 3381
3282 3281 3283 3182 3382
3283 3282 3284 3183 3383
3284 3283 3285 3184 3384
3285 3284 3286 3185 3385
3286 3285 3287 3186 3386
3287 3286 3288 3187 3387
3288 3287 3289 3188 3388
3289 3288 3290 3189 3389
3290 3289 3291 3190 3390
3291 3290 3292 3191 3391
3292 3291 3293 3192 3392
3293 3292 3294 3193 3393
3294 3293 3295 3194 3394
3295 3294 3296 3195 3395
3296 3295 3297 3196 3396
3297 3296 3298 3197 3397
3298 3297 3299 3198 3398
3299 3298 3200 3199 3399
3300 3399 3301 3200 3400
3301 3300 3302 3201 3401
3302 3301 3303 3202 3402
3303 3302 3304 3203 3403
3304 3303 3305 3204 3404
3305 3304 3306 3205 3405
3306 3305 3307 3206 3406
3307 3306 3308 3207 3407
3308 3307 3309 3208 3408
3309 3308 3310 3209 3409
3310 3309 3311 3210 3410
3311 3310 3312 3211 3411
3312 3311 3313 3212 3412
3313 3312 3314 3213 3413
3314 3313 3315 3214 3414
3315 3314 3316 3215 3415
3316 3315 3317 3216 3416
3317 3316 3318 3217 3417
3318 3317 3319 3218 3418
3319 3318 3320 3219 3419
3320 3319 3321 3220 3420
3321 3320 3322 3221 3421
3322 3321 3323 3222 3422
3323 3322 3324 3223 3423
3324 3323 3325 3224 3424
3325 3324 3326 3225 3425
3326 3325 3327 3226 3426
3327 3326 3328 3227 3427
3328 3327 3329 3228 3428
3329 3328 3330 3229 3429
3330 3329 3331 3230 3430
3331 3330 3332 3231 3431
3332 3331 3333 3232 3432
3333 3332 3334 3233 3433
3334 3333 3335 3234 3434
3335 3334 3336 3235 3435
3336 3335 3337 3236 3436
3337 3336 3338 3237 3437
3338 3337 3339 3238 3438
3339 3338 3340 3239 3439
3340 3339 3341 3240 3440
3341 3340 3342 3241 3441
3342 3341 3343 3242 3442
3343 3342 3344 3243 3443
3344 3343 3345 3244 3444
3345 3344 3346 3245 3445
3346 3345 3347 3246 3446
3347 3346 3348 3247 3447
3348 3347 3349 3248 3448
3349 3348 3350 3249 3449
3350 3349 3351 3250 3450
3351 3350 3352 3251 3451
3352 3351 3353 3252 3452
3353 3352 3354 3253 3453
3354 3353 3355 3254 3454
3355 3354 3356 3255 3455
3356 3355 3357 3256 3456
3357 3356 3358 3257 3457
3358 3357 3359 3258 3458
3359 3358 3360 3259 3459
3360 3359 3361 3260 3460
3361 3360 3362 3261 3461
3362 3361 3363 3262 3462
3363 3362 3364 3263 3463
3364 3363 3365 3264 3464
3365 3364 3366 3265 3465
3366 3365 3367 3266 3466
3367 3366 3368 3267 3467
3368 3367 3369 3268 3468
3369 3368 3370 3269 3469
3370 3369 3371 3270 3470
3371 3370 3372 3271 3471
3372 3371 3373 3272 3472
3373 3372 3374 3273 3473
3374 3373 3375 3274 3474
3375 3374 3376 3275 3475
3376 3375 3377 3276 3476
3377 3376 3378 3277 3477
3378 3377 3379 3278 3478
3379 3378 3380 3279 3479
3380 3379 3381 3280 3480
3381 3380 3382 3281 3481
3382 3381 3383 3282 3482
3383 3382 3384 3283 3483
3384 3383 3385 3284 3484
3385 3384 3386 3285 3485
3386 3385 3387 3286 3486
3387 3386 3388 3287 3487
3388 3387 3389 3288 3488
3389 3388 3390 3289 3489
3390 3389 3391 3290 3490
3391 3390 3392 3291 3491
3392 3391 3393 3292 3492
3393 3392 3394 3293 3493
3394 3393 3395 3294 3494
3395 3394 3396 3295 3495
3396 3395 3397 3296 3496
3397 3396 3398 3297 3497
3398 3397 3399 3298 3498
3399 3398 3300 3299 3499
3400 3499 3401 3300 3500
3401 3400 3402 3301 3501
3402 3401 3403 3302 3502
3403 3402 3404 3303 3503
3404 3403 3405 3304 3504
3405 3404 3406 3305 3505
3406 3405 3407 3306 3506
3407 3406 3408 3307 3507
3408 3407 3409 3308 3508
3409 3408 3410 3309 3509
3410 3409 3411 3310 3510
3411 3410 3412 3311 3511
3412 3411 3413 3312 3512
3413 3412 3414 3313 3513
3414 3413 3415 3314 3514
3415 3414 3416 3315 3515
3416 3415 3417 3316 3516
3417 3416 3418 3317 3517
3418 3417 3419 3318 3518
3419 3418 3420 3319 3519
3420 3419 3421 3320 3520
3421 3420 3422 3321 3521
3422 3421 3423 3322 3522
3423 3422 3424 3323 3523
3424 3423 3425 3324 3524
3425 3424 3426 3325 3525
3426 3425 3427 3326 3526
3427 3426 3428 3327 3527
3428 3427 3429 3328 3528
3429 3428 3430 3329 3529
3430 3429 3431 3330 3530
3431 3430 3432 3331 3531
3432 3431 3433 3332 3532
3433 3432 3434 3333 3533
3434 3433 3435 3334 3534
3435 3434 3436 3335 3535
3436 3435 3437 3336 3536
3437 3436 3438 3337 3537
3438 3437 3439 3338 3538
3439 3438 3440 3339 3539
3440 3439 3441 3340 3540
3441 3440 3442 3341 3541
3442 3441 3443 3342 3542
3443 3442 3444 3343 3543
3444 3443 3445 3344 3544
3445 3444 3446 3345 3545
3446 3445 3447 3346 3546
3447 3446 3448 3347 3547
3448 3447 3449 3348 3548
3449 3448 3450 3349 3549
3450 3449 3451 3350 3550
3451 3450 3452 3351 3551
3452 3451 3453 3352 3552
3453 3452 3454 3353 3553
3454 3453 3455 3354 3554
3455 3454 3456 3355 3555
3456 3455 3457 3356 3556
3457 3456 3458 3357 3557
3458 3457 3459 3358 3558
3459 3458 3460 3359 3559
3460 3459 3461 3360 3560
3461 3460 3462 3361 3561
3462 3461 3463 3362 3562
3463 3462 3464 3363 3563
3464 3463 3465 3364 3564
3465 3464 3466 3365 3565
3466 3465 3467 3366 3566
3467 3466 3468 3367 3567
3468 3467 3469 3368 3568
3469 3468 3470 3369 3569
3470 3469 3471 3370 3570
3471 3470 3472 3371 3571
3472 3471 3473 3372 3572
3473 3472 3474 3373 3573
3474 3473 3475 3374 3574
3475 3474 3476 3375 3575
3476 3475 3477 3376 3576
3477 3476 3478 3377 3577
3478 3477 3479 3378 3578
3479 3478 3480 3379 3579
3480 3479 3481 3380 3580
3481 3480 3482 3381 3581
3482 3481 3483 3382 3582
3483 3482 3484 3383 3583
3484 3483 3485 3384 3584
3485 3484 3486 3385 3585
3486 3485 3487 3386 3586
3487 3486 3488 3387 3587
3488 3487 3489 3388 3588
3489 3488 3490 3389 3589
3490 3489 3491 3390 3590
3491 3490 3492 3391 3591
3492 3491 3493 3392 3592
3493 3492 3494 3393 3593
3494 3493 3495 3394 3594
3495 3494 3496 3395 3595
3496 3495 3497 3396 3596
3497 3496 3498 3397 3597
3498 3497 3499 3398 3598
3499 3498 3400 3399 3599
3500 3599 3501 3400 3600
3501 3500 3502 3401 3601
3502 3501 3503 3402 3602
3503 3502 3504 3403 3603
3504 3503 3505 3404 3604
3505 3504 3506 3405 3605
3506 3505 3507 3406 3606
3507 3506 3508 3407 3607
3508 3507 3509 3408 3608
3509 3508 3510 3409 3609
3510 3509 3511 3410 3610
3511 3510 3512 3411 3611
3512 3511 3513 3412 3612
3513 3512 3514 3413 3613
3514 3513 3515 3414 3614
3515 3514 3516 3415 3615
3516 3515 3517 3416 3616
3517 3516 3518 3417 3617
3518 3517 3519 3418 3618
3519 3518 3520 3419 3619
3520 3519 3521 3420 3620
3521 3520 3522 3421 3621
3522 3521 3523 3422 3622
3523 3522 3524 3423 3623
3524 3523 3525 3424 3624
3525 3524 3526 3425 3625
3526 3525 3527 3426 3626
3527 3526 3528 3427 3627
3528 3527 3529 3428 3628
3529 3528 3530 3429 3629
3530 3529 3531 3430 3630
3531 3530 3532 3431 3631
3532 3531 3533 3432 3632
3533 3532 3534 3433 3633
3534 3533 3535 3434 3634
3535 3534 3536 3435 3635
3536 3535 3537 3436 3636
3537 3536 3538 3437 3637
3538 3537 3539 3438 3638
3539 3538 3540 3439 3639
3540 3539 3541 3440 3640
3541 3540 3542 3441 3641
3542 3541 3543 3442 3642
3543 3542 3544 3443 3643
3544 3543 3545 3444 3644
3545 3544 3546 3445 3645
3546 3545 3547 3446 3646
3547 3546 3548 3447 3647
3548 3547 3549 3448 3648
3549 3548 3550 3449 3649
3550 3549 3551 3450 3650
3551 3550 3552 3451 3651
3552 3551 3553 3452 3652
3553 3552 3554 3453 3653
3554 3553 3555 3454 3654
3555 3554 3556 3455 3655
3556 3555 3557 3456 3656
3557 3556 3558 3457 3657
3558 3557 3559 3458 3658
3559 3558 3560 3459 3659
3560 3559 3561 3460 3660
3561 3560 3562 3461 3661
3562 3561 3563 3462 3662
3563 3562 3564 3463 3663
3564 3563 3565 3464 3664
3565 3564 3566 3465 3665
3566 3565 3567 3466 3666
3567 3566 3568 3467 3667
3568 3567 3569 3468 3668
3569 3568 3570 3469 3669
3570 3569 3571 3470 3670
3571 3570 3572 3471 3671
3572 3571 3573 3472 3672
3573 3572 3574 3473 3673
3574 3573 3575 3474 3674
3575 3574 3576 3475 3675
3576 3575 3577 3476 3676
3577 3576 3578 3477 3677
3578 3577 3579 3478 3678
3579 3578 3580 3479 3679
3580 3579 3581 3480 3680
3581 3580 3582 3481 3681
3582 3581 3583 3482 3682
3583 3582 3584 3483 3683
3584 3583 3585 3484 3684
3585 3584 3586 3485 3685
3586 3585 3587 3486 3686
3587 3586 3588 3487 3687
3588 3587 3589 3488 3688
3589 3588 3590 3489 3689
3590 3589 3591 3490 3690
3591 3590 3592 3491 3691
3592 3591 3593 3492 3692
3593 3592 3594 3493 3693
3594 3593 3595 3494 3694
3595 3594 3596 3495 3695
3596 3595 3597 3496 3696
3597 3596 3598 3497 3697
3598 3597 3599 3498 3698
3599 3598 3500 3499 3699
3600 3699 3601 3500 3700
3601 3600 3602 3501 3701
3602 3601 3603 3502 3702
3603 3602 3604 3503 3703
3604 3603 3605 3504 3704
3605 3604 3606 3505 3705
3606 3605 3607 3506 3706
3607 3606 3608 3507 3707
3608 3607 3609 3508 3708
3609 3608 3610 3509 3709
3610 3609 3611 3510 3710
3611 3610 3612 3511 3711
3612 3611 3613 3512 3712
3613 3612 3614 3513 3713
3614 3613 3615 3514 3714
3615 3614 3616 3515 3715
3616 3615 3617 3516 3716
3617 3616 3618 3517 3717
3618 3617 3619 3518 3718
3619 3618 3620 3519 3719
3620 3619 3621 3520 3720
3621 3620 3622 3521 3721
3622 3621 3623 3522 3722
3623 3622 3624 3523 3723
3624 3623 3625 3524 3724
3625 3624 3626 3525 3725
3626 3625 3627 3526 3726
3627 3626 3628 3527 3727
3628 3627 3629 3528 3728
3629 3628 3630 3529 3729
3630 3629 3631 3530 3730
3631 3630 3632 3531 3731
3632 3631 3633 3532 3732
3633 3632 3634 3533 3733
3634 3633 3635 3534 3734
3635 3634 3636 3535 3735
3636 3635 3637 3536 3736
3637 3636 3638 3537 3737
3638 3637 3639 3538 3738
3639 3638 3640 3539 3739
3640 3639 3641 3540 3740
3641 3640 3642 3541 3741
3642 3641 3643 3542 3742
3643 3642 3644 3543 3743
3644 3643 3645 3544 3744
3645 3644 3646 3545 3745
3646 3645 3647 3546 3746
3647 3646 3648 3547 3747
3648 3647 3649 3548 3748
3649 3648 3650 3549 3749
3650 3649 3651 3550 3750
3651 3650 3652 3551 3751
3652 3651 3653 3552 3752
3653 3652 3654 3553 3753
3654 3653 3655 3554 3754
3655 3654 3656 3555 3755
3656 3655 3657 3556 3756
3657 3656 3658 3557 3757
3658 3657 3659 3558 3758
3659 3658 3660 3559 3759
3660 3659 3661 3560 3760
3661 3660 3662 3561 3761
3662 3661 3663 3562 3762
3663 3662 3664 3563 3763
3664 3663 3665 3564 3764
3665 3664 3666 3565 3765
3666 3665 3667 3566 3766
3667 3666 3668 3567 3767
3668 3667 3669 3568 3768
3669 3668 3670 3569 3769
3670 3669 3671 3570 3770
3671 3670 3672 3571 3771
3672 3671 3673 3572 3772
3673 3672 3674 3573 3773
3674 3673 3675 3574 3774
3675 3674 3676 3575 3775
3676 3675 3677 3576 3776
3677 3676 3678 3577 3777
3678 3677 3679 3578 3778
3679 3678 3680 3579 3779
3680 3679 3681 3580 3780
3681 3680 3682 3581 3781
3682 3681 3683 3582 3782
3683 3682 3684 3583 3783
3684 3683 3685 3584 3784
3685 3684 3686 3585 3785
3686 3685 3687 3586 3786
3687 3686 3688 3587 3787
3688 3687 3689 3588 3788
3689 3688 3690 3589 3789
3690 3689 3691 3590 3790
3691 3690 3692 3591 3791
3692 3691 3693 3592 3792
3693 3692 3694 3593 3793
3694 3693 3695 3594 3794
3695 3694 3696 3595 3795
3696 3695 3697 3596 3796
3697 3696 3698 3597 3797
3698 3697 3699 3598 3798
3699 3698 3600 3599 3799
3700 3799 3701 3600 3800
3701 3700 3702 3601 3801
3702 3701 3703 3602 3802
3703 3702 3704 3603 3803
3704 3703 3705 3604 3804
3705 3704 3706 3605 3805
3706 3705 3707 3606 3806
3707 3706 3708 3607 3807
3708 3707 3709 3608 3808
3709 3708 3710 3609 3809
3710 3709 3711 3610 3810
3711 3710 3712 3611 3811
3712 3711 3713 3612 3812
3713 3712 3714 3613 3813
3714 3713 3715 3614 3814
3715 3714 3716 3615 3815
3716 3715 3717 3616 3816
3717 3716 3718 3617 3817
3718 3717 3719 3618 3818
3719 3718 3720 3619 3819
3720 3719 3721 3620 3820
3721 3720 3722 3621 3821
3722 3721 3723 3622 3822
3723 3722 3724 3623 3823
3724 3723 3725 3624 3824
3725 3724 3726 3625 3825
3726 3725 3727 3626 3826
3727 3726 3728 3627 3827
3728 3727 3729 3628 3828
3729 3728 3730 3629 3829
3730 3729 3731 3630 3830
3731 3730 3732 3631 3831
3732 3731 3733 3632 3832
3733 3732 3734 3633 3833
3734 3733 3735 3634 3834
3735 3734 3736 3635 3835
3736 3735 3737 3636 3836
3737 3736 3738 3637 3837
3738 3737 3739 3638 3838
3739 3738 3740 3639 3839
3740 3739 3741 3640 3840
3741 3740 3742 3641 3841
3742 3741 3743 3642 3842
3743 3742 3744 3643 3843
3744 3743 3745 3644 3844
3745 3744 3746 3645 3845
3746 3745 3747 3646 3846
3747 3746 3748 3647 3847
3748 3747 3749 3648 3848
3749 3748 3750 3649 3849
3750 3749 3751 3650 3850
3751 3750 3752 3651 3851
3752 3751 3753 3652 3852
3753 3752 3754 3653 3853
3754 3753 3755 3654 3854
3755 3754 3756 3655 3855
3756 3755 3757 3656 3856
3757 3756 3758 3657 3857
3758 3757 3759 3658 3858
3759 3758 3760 3659 3859
3760 3759 3761 3660 3860
3761 3760 3762 3661 3861
3762 3761 3763 3662 3862
3763 3762 3764 3663 3863
3764 3763 3765 3664 3864
3765 3764 3766 3665 3865
3766 3765 3767 3666 3866
3767 3766 3768 3667 3867
3768 3767 3769 3668 3868
3769 3768 3770 3669 3869
3770 3769 3771 3670 3870
3771 3770 3772 3671 3871
3772 3771 3773 3672 3872
3773 3772 3774 3673 3873
3774 3773 3775 3674 3874
3775 3774 3776 3675 3875
3776 3775 3777 3676 3876
3777 3776 3778 3677 3877
3778 3777 3779 3678 3878
3779 3778 3780 3679 3879
3780 3779 3781 3680 3880
3781 3780 3782 3681 3881
3782 3781 3783 3682 3882
3783 3782 3784 3683 3883
3784 3783 3785 3684 3884
3785 3784 3786 3685 3885
3786 3785 3787 3686 3886
3787 3786 3788 3687 3887
3788 3787 3789 3688 3888
3789 3788 3790 3689 3889
3790 3789 3791 3690 3890
3791 3790 3792 3691 3891
3792 3791 3793 3692 3892
3793 3792 3794 3693 3893
3794 3793 3795 3694 3894
3795 3794 3796 3695 3895
3796 3795 3797 3696 3896
3797 3796 3798 3697 3897
3798 3797 3799 3698 3898
3799 3798 3700 3699 3899
3800 3899 3801 3700 3900
3801 3800 3802 3701 3901
3802 3801 3803 3702 3902
3803 3802 3804 3703 3903
3804 3803 3805 3704 3904
3805 3804 3806 3705 3905
3806 3805 3807 3706 3906
3807 3806 3808 3707 3907
3808 3807 3809 3708 3908
3809 3808 3810 3709 3909
3810 3809 3811 3710 3910
3811 3810 3812 3711 3911
3812 3811 3813 3712 3912
3813 3812 3814 3713 3913
3814 3813 3815 3714 3914
3815 3814 3816 3715 3915
3816 3815 3817 3716 3916
3817 3816 3818 3717 3917
3818 3817 3819 3718 3918
3819 3818 3820 3719 3919
3820 3819 3821 3720 3920
3821 3820 3822 3721 3921
3822 3821 3823 3722 3922
3823 3822 3824 3723 3923
3824 3823 3825 3724 3924
3825 3824 3826 3725 3925
3826 3825 3827 3726 3926
3827 3826 3828 3727 3927
3828 3827 3829 3728 3928
3829 3828 3830 3729 3929
3830 3829 3831 3730 3930
3831 3830 3832 3731 3931
3832 3831 3833 3732 3932
3833 3832 3834 3733 3933
3834 3833 3835 3734 3934
3835 3834 3836 3735 3935
3836 3835 3837 3736 3936
3837 3836 3838 3737 3937
3838 3837 3839 3738 3938
3839 3838 3840 3739 3939
3840 3839 3841 3740 3940
3841 3840 3842 3741 3941
3842 3841 3843 3742 3942
3843 3842 3844 3743 3943
3844 3843 3845 3744 3944
3845 3844 3846 3745 3945
3846 3845 3847 3746 3946
3847 3846 3848 3747 3947
3848 3847 3849 3748 3948
3849 3848 3850 3749 3949
3850 3849 3851 3750 3950
3851 3850 3852 3751 3951
3852 3851 3853 3752 3952
3853 3852 3854 3753 3953
3854 3853 3855 3754 3954
3855 3854 3856 3755 3955
3856 3855 3857 3756 3956
3857 3856 3858 3757 3957
3858 3857 3859 3758 3958
3859 3858 3860 3759 3959
3860 3859 3861 3760 3960
3861 3860 3862 3761 3961
3862 3861 3863 3762 3962
3863 3862 3864 3763 3963
3864 3863 3865 3764 3964
3865 3864 3866 3765 3965
3866 3865 3867 3766 3966
3867 3866 3868 3767 3967
3868 3867 3869 3768 3968
3869 3868 3870 3769 3969
3870 3869 3871 3770 3970
3871 3870 3872 3771 3971
3872 3871 3873 3772 3972
3873 3872 3874 3773 3973
3874 3873 3875 3774 3974
3875 3874 3876 3775 3975
3876 3875 3877 3776 3976
3877 3876 3878 3777 3977
3878 3877 3879 3778 3978
3879 3878 3880 3779 3979
3880 3879 3881 3780 3980
3881 3880 3882 3781 3981
3882 3881 3883 3782 3982
3883 3882 3884 3783 3983
3884 3883 3885 3784 3984
3885 3884 3886 3785 3985
3886 3885 3887 3786 3986
3887 3886 3888 3787 3987
3888 3887 3889 3788 3988
3889 3888 3890 3789 3989
3890 3889 3891 3790 3990
3891 3890 3892 3791 3991
3892 3891 3893 3792 3992
3893 3892 3894 3793 3993
3894 3893 3895 3794 3994
3895 3894 3896 3795 3995
3896 3895 3897 3796 3996
3897 3896 3898 3797 3997
3898 3897 3899 3798 3998
3899 3898 3800 3799 3999
3900 3999 3901 3800 4000
3901 3900 3902 3801 4001
3902 3901 3903 3802 4002
3903 3902 3904 3803 4003
3904 3903 3905 3804 4004
3905 3904 3906 3805 4005
3906 3905 3907 3806 4006
3907 3906 3908 3807 4007
3908 3907 3909 3808 4008
3909 3908 3910 3809 4009
3910 3909 3911 3810 4010
3911 3910 3912 3811 4011
3912 3911 3913 3812 4012
3913 3912 3914 3813 4013
3914 3913 3915 3814 4014
3915 3914 3916 3815 4015
3916 3915 3917 3816 4016
3917 3916 3918 3817 4017
3918 3917 3919 3818 4018
3919 3918 3920 3819 4019
3920 3919 3921 3820 4020
3921 3920 3922 3821 4021
3922 3921 3923 3822 4022
3923 3922 3924 3823 4023
3924 3923 3925 3824 4024
3925 3924 3926 3825 4025
3926 3925 3927 3826 4026
3927 3926 3928 3827 4027
3928 3927 3929 3828 4028
3929 3928 3930 3829 4029
3930 3929 3931 3830 4030
3931 3930 3932 3831 4031
3932 3931 3933 3832 4032
3933 3932 3934 3833 4033
3934 3933 3935 3834 4034
3935 3934 3936 3835 4035
3936 3935 3937 3836 4036
3937 3936 3938 3837 4037
3938 3937 3939 3838 4038
3939 3938 3940 3839 4039
3940 3939 3941 3840 4040
3941 3940 3942 3841 4041
3942 3941 3943 3842 4042
3943 3942 3944 3843 4043
3944 3943 3945 3844 4044
3945 3944 3946 3845 4045
3946 3945 3947 3846 4046
3947 3946 3948 3847 4047
3948 3947 3949 3848 4048
3949 3948 3950 3849 4049
3950 3949 3951 3850 4050
3951 3950 3952 3851 4051
3952 3951 3953 3852 4052
3953 3952 3954 3853 4053
3954 3953 3955 3854 4054
3955 3954 3956 3855 4055
3956 3955 3957 3856 4056
3957 3956 3958 3857 4057
3958 3957 3959 3858 4058
3959 3958 3960 3859 4059
3960 3959 3961 3860 4060
3961 3960 3962 3861 4061
3962 3961 3963 3862 4062
3963 3962 3964 3863 4063
3964 3963 3965 3864 4064
3965 3964 3966 3865 4065
3966 3965 3967 3866 4066
3967 3966 3968 3867 4067
3968 3967 3969 3868 4068
3969 3968 3970 3869 4069
3970 3969 3971 3870 4070
3971 3970 3972 3871 4071
3972 3971 3973 3872 4072
3973 3972 3974 3873 4073
3974 3973 3975 3874 4074
3975 3974 3976 3875 4075
3976 3975 3977 3876 4076
3977 3976 3978 3877 4077
3978 3977 3979 3878 4078
3979 3978 3980 3879 4079
3980 3979 3981 3880 4080
3981 3980 3982 3881 4081
3982 3981 3983 3882 4082
3983 3982 3984 3883 4083
3984 3983 3985 3884 4084
3985 3984 3986 3885 4085
3986 3985 3987 3886 4086
3987 3986 3988 3887 4087
3988 3987 3989 3888 4088
3989 3988 3990 3889 4089
3990 3989 3991 3890 4090
3991 3990 3992 3891 4091
3992 3991 3993 3892 4092
3993 3992 3994 3893 4093
3994 3993 3995 3894 4094
3995 3994 3996 3895 4095
3996 3995 3997 3896 4096
3997 3996 3998 3897 4097
3998 3997 3999 3898 4098
3999 3998 3900 3899 4099
4000 4099 4001 3900 4100
4001 4000 4002 3901 4101
4002 4001 4003 3902 4102
4003 4002 4004 3903 4103
4004 4003 4005 3904 4104
4005 4004 4006 3905 4105
4006 4005 4007 3906 4106
4007 4006 4008 3907 4107
4008 4007 4009 3908 4108
4009 4008 4010 3909 4109
4010 4009 4011 3910 4110
4011 4010 4012 3911 4111
4012 4011 4013 3912 4112
4013 4012 4014 3913 4113
4014 4013 4015 3914 4114
4015 4014 4016 3915 4115
4016 4015 4017 3916 4116
4017 4016 4018 3917 4117
4018 4017 4019 3918 4118
4019 4018 4020 3919 4119
4020 4019 4021 3920 4120
4021 4020 4022 3921 4121
4022 4021 4023 3922 4122
4023 4022 4024 3923 4123
4024 4023 4025 3924 4124
4025 4024 4026 3925 4125
4026 4025 4027 3926 4126
4027 4026 4028 3927 4127
4028 4027 4029 3928 4128
4029 4028 4030 3929 4129
4030 4029 4031 3930 4130
4031 4030 4032 3931 4131
4032 4031 4033 3932 4132
4033 4032 4034 3933 4133
4034 4033 4035 3934 4134
4035 4034 4036 3935 4135
4036 4035 4037 3936 4136
4037 4036 4038 3937 4137
4038 4037 4039 3938 4138
4039 4038 4040 3939 4139
4040 4039 4041 3940 4140
4041 4040 4042 3941 4141
4042 4041 4043 3942 4142
4043 4042 4044 3943 4143
4044 4043 4045 3944 4144
4045 4044 4046 3945 4145
4046 4045 4047 3946 4146
4047 4046 4048 3947 4147
4048 4047 4049 3948 4148
4049 4048 4050 3949 4149
4050 4049 4051 3950 4150
4051 4050 4052 3951 4151
4052 4051 4053 3952 4152
4053 4052 4054 3953 4153
4054 4053 4055 3954 4154
4055 4054 4056 3955 4155
4056 4055 4057 3956 4156
4057 4056 4058 3957 4157
4058 4057 4059 3958 4158
4059 4058 4060 3959 4159
4060 4059 4061 3960 4160
4061 4060 4062 3961 4161
4062 4061 4063 3962 4162
4063 4062 4064 3963 4163
4064 4063 4065 3964 4164
4065 4064 4066 3965 4165
4066 4065 4067 3966 4166
4067 4066 4068 3967 4167
4068 4067 4069 3968 4168
4069 4068 4070 3969 4169
4070 4069 4071 3970 4170
4071 4070 4072 3971 4171
4072 4071 4073 3972 4172
4073 4072 4074 3973 4173
4074 4073 4075 3974 4174
4075 4074 4076 3975 4175
4076 4075 4077 3976 4176
4077 4076 4078 3977 4177
4078 4077 4079 3978 4178
4079 4078 4080 3979 4179
4080 4079 4081 3980 4180
4081 4080 4082 3981 4181
4082 4081 4083 3982 4182
4083 4082 4084 3983 4183
4084 4083 4085 3984 4184
4085 4084 4086 3985 4185
4086 4085 4087 3986 4186
4087 4086 4088 3987 4187
4088 4087 4089 3988 4188
4089 4088 4090 3989 4189
4090 4089 4091 3990 4190
4091 4090 4092 3991 4191
4092 4091 4093 3992 4192
4093 4092 4094 3993 4193
4094 4093 4095 3994 4194
4095 4094 4096 3995 4195
4096 4095 4097 3996 4196
4097 4096 4098 3997 4197
4098 4097 4099 3998 4198
4099 4098 4000 3999 4199
4100 4199 4101 4000 4200
4101 4100 4102 4001 4201
4102 4101 4103 4002 4202
4103 4102 4104 4003 4203
4104 4103 4105 4004 4204
4105 4104 4106 4005 4205
4106 4105 4107 4006 4206
4107 4106 4108 4007 4207
4108 4107 4109 4008 4208
4109 4108 4110 4009 4209
4110 4109 4111 4010 4210
4111 4110 4112 4011 4211
4112 4111 4113 4012 4212
4113 4112 4114 4013 4213
4114 4113 4115 4014 4214
4115 4114 4116 4015 4215
4116 4115 4117 4016 4216
4117 4116 4118 4017 4217
4118 4117 4119 4018 4218
4119 4118 4120 4019 4219
4120 4119 4121 4020 4220
4121 4120 4122 4021 4221
4122 4121 4123 4022 4222
4123 4122 4124 4023 4223
4124 4123 4125 4024 4224
4125 4124 4126 4025 4225
4126 4125 4127 4026 4226
4127 4126 4128 4027 4227
4128 4127 4129 4028 4228
4129 4128 4130 4029 4229
4130 4129 4131 4030 4230
4131 4130 4132 4031 4231
4132 4131 4133 4032 4232
4133 4132 4134 4033 4233
4134 4133 4135 4034 4234
4135 4134 4136 4035 4235
4136 4135 4137 4036 4236
4137 4136 4138 4037 4237
4138 4137 4139 4038 4238
4139 4138 4140 4039 4239
4140 4139 4141 4040 4240
4141 4140 4142 4041 4241
4142 4141 4143 4042 4242
4143 4142 4144 4043 4243
4144 4143 4145 4044 4244
4145 4144 4146 4045 4245
4146 4145 4147 4046 4246
4147 4146 4148 4047 4247
4148 4147 4149 4048 4248
4149 4148 4150 4049 4249
4150 4149 4151 4050 4250
4151 4150 4152 4051 4251
4152 4151 4153 4052 4252
4153 4152 4154 4053 4253
4154 4153 4155 4054 4254
4155 4154 4156 4055 4255
4156 4155 4157 4056 4256
4157 4156 4158 4057 4257
4158 4157 4159 4058 4258
4159 4158 4160 4059 4259
4160 4159 4161 4060 4260
4161 4160 4162 4061 4261
4162 4161 4163 4062 4262
4163 4162 4164 4063 4263
4164 4163 4165 4064 4264
4165 4164 4166 4065 4265
4166 4165 4167 4066 4266
4167 4166 4168 4067 4267
4168 4167 4169 4068 4268
4169 4168 4170 4069 4269
4170 4169 4171 4070 4270
4171 4170 4172 4071 4271
4172 4171 4173 4072 4272
4173 4172 4174 4073 4273
4174 4173 4175 4074 4274
4175 4174 4176 4075 4275
4176 4175 4177 4076 4276
4177 4176 4178 4077 4277
4178 4177 4179 4078 4278
4179 4178 4180 4079 4279
4180 4179 4181 4080 4280
4181 4180 4182 4081 4281
4182 4181 4183 4082 4282
4183 4182 4184 4083 4283
4184 4183 4185 4084 4284
4185 4184 4186 4085 4285
4186 4185 4187 4086 4286
4187 4186 4188 4087 4287
4188 4187 4189 4088 4288
4189 4188 4190 4089 4289
4190 4189 4191 4090 4290
4191 4190 4192 4091 4291
4192 4191 4193 4092 4292
4193 4192 4194 4093 4293
4194 4193 4195 4094 4294
4195 4194 4196 4095 4295
4196 4195 4197 4096 4296
4197 4196 4198 4097 4297
4198 4197 4199 4098 4298
4199 4198 4100 4099 4299
4200 4299 4201 4100 4300
4201 4200 4202 4101 4301
4202 4201 4203 4102 4302
4203 4202 4204 4103 4303
4204 4203 4205 4104 4304
4205 4204 4206 4105 4305
4206 4205 4207 4106 4306
4207 4206 4208 4107 4307
4208 4207 4209 4108 4308
4209 4208 4210 4109 4309
4210 4209 4211 4110 4310
4211 4210 4212 4111 4311
4212 4211 4213 4112 4312
4213 4212 4214 4113 4313
4214 4213 4215 4114 4314
4215 4214 4216 4115 4315
4216 4215 4217 4116 4316
4217 4216 4218 4117 4317
4218 4217 4219 4118 4318
4219 4218 4220 4119 4319
4220 4219 4221 4120 4320
4221 4220 4222 4121 4321
4222 4221 4223 4122 4322
4223 4222 4224 4123 4323
4224 4223 4225 4124 4324
4225 4224 4226 4125 4325
4226 4225 4227 4126 4326
4227 4226 4228 4127 4327
4228 4227 4229 4128 4328
4229 4228 4230 4129 4329
4230 4229 4231 4130 4330
4231 4230 4232 4131 4331
4232 4231 4233 4132 4332
4233 4232 4234 4133 4333
4234 4233 4235 4134 4334
4235 4234 4236 4135 4335
4236 4235 4237 4136 4336
4237 4236 4238 4137 4337
4238 4237 4239 4138 4338
4239 4238 4240 4139 4339
4240 4239 4241 4140 4340
4241 4240 4242 4141 4341
4242 4241 4243 4142 4342
4243 4242 4244 4143 4343
4244 4243 4245 4144 4344
4245 4244 4246 4145 4345
4246 4245 4247 4146 4346
4247 4246 4248 4147 4347
4248 4247 4249 4148 4348
4249 4248 4250 4149 4349
4250 4249 4251 4150 4350
4251 4250 4252 4151 4351
4252 4251 4253 4152 4352
4253 4252 4254 4153 4353
4254 4253 4255 4154 4354
4255 4254 4256 4155 4355
4256 4255 4257 4156 4356
4257 4256 4258 4157 4357
4258 4257 4259 4158 4358
4259 4258 4260 4159 4359
4260 4259 4261 4160 4360
4261 4260 4262 4161 4361
4262 4261 4263 4162 4362
4263 4262 4264 4163 4363
4264 4263 4265 4164 4364
4265 4264 4266 4165 4365
4266 4265 4267 4166 4366
4267 4266 4268 4167 4367
4268 4267 4269 4168 4368
4269 4268 4270 4169 4369
4270 4269 4271 4170 4370
4271 4270 4272 4171 4371
4272 4271 4273 4172 4372
4273 4272 4274 4173 4373
4274 4273 4275 4174 4374
4275 4274 4276 4175 4375
4276 4275 4277 4176 4376
4277 4276 4278 4177 4377
4278 4277 4279 4178 4378
4279 4278 4280 4179 4379
4280 4279 4281 4180 4380
4281 4280 4282 4181 4381
4282 4281 4283 4182 4382
4283 4282 4284 4183 4383
4284 4283 4285 4184 4384
4285 4284 4286 4185 4385
4286 4285 4287 4186 4386
4287 4286 4288 4187 4387
4288 4287 4289 4188 4388
4289 4288 4290 4189 4389
4290 4289 4291 4190 4390
4291 4290 4292 4191 4391
4292 4291 4293 4192 4392
4293 4292 4294 4193 4393
4294 4293 4295 4194 4394
4295 4294 4296 4195 4395
4296 4295 4297 4196 4396
4297 4296 4298 4197 4397
4298 4297 4299 4198 4398
4299 4298 4200 4199 4399
4300 4399 4301 4200 4400
4301 4300 4302 4201 4401
4302 4301 4303 4202 4402
4303 4302 4304 4203 4403
4304 4303 4305 4204 4404
4305 4304 4306 4205 4405
4306 4305 4307 4206 4406
4307 4306 4308 4207 4407
4308 4307 4309 4208 4408
4309 4308 4310 4209 4409
4310 4309 4311 4210 4410
4311 4310 4312 4211 4411
4312 4311 4313 4212 4412
4313 4312 4314 4213 4413
4314 4313 4315 4214 4414
4315 4314 4316 4215 4415
4316 4315 4317 4216 4416
4317 4316 4318 4217 4417
4318 4317 4319 4218 4418
4319 4318 4320 4219 4419
4320 4319 4321 4220 4420
4321 4320 4322 4221 4421
4322 4321 4323 4222 4422
4323 4322 4324 4223 4423
4324 4323 4325 4224 4424
4325 4324 4326 4225 4425
4326 4325 4327 4226 4426
4327 4326 4328 4227 4427
4328 4327 4329 4228 4428
4329 4328 4330 4229 4429
4330 4329 4331 4230 4430
4331 4330 4332 4231 4431
4332 4331 4333 4232 4432
4333 4332 4334 4233 4433
4334 4333 4335 4234 4434
4335 4334 4336 4235 4435
4336 4335 4337 4236 4436
4337 4336 4338 4237 4437
4338 4337 4339 4238 4438
4339 4338 4340 4239 4439
4340 4339 4341 4240 4440
4341 4340 4342 4241 4441
4342 4341 4343 4242 4442
4343 4342 4344 4243 4443
4344 4343 4345 4244 4444
4345 4344 4346 4245 4445
4346 4345 4347 4246 4446
4347 4346 4348 4247 4447
4348 4347 4349 4248 4448
4349 4348 4350 4249 4449
4350 4349 4351 4250 4450
4351 4350 4352 4251 4451
4352 4351 4353 4252 4452
4353 4352 4354 4253 4453
4354 4353 4355 4254 4454
4355 4354 4356 4255 4455
4356 4355 4357 4256 4456
4357 4356 4358 4257 4457
4358 4357 4359 4258 4458
4359 4358 4360 4259 4459
4360 4359 4361 4260 4460
4361 4360 4362 4261 4461
4362 4361 4363 4262 4462
4363 4362 4364 4263 4463
4364 4363 4365 4264 4464
4365 4364 4366 4265 4465
4366 4365 4367 4266 4466
4367 4366 4368 4267 4467
4368 4367 4369 4268 4468
4369 4368 4370 4269 4469
4370 4369 4371 4270 4470
4371 4370 4372 4271 4471
4372 4371 4373 4272 4472
4373 4372 4374 4273 4473
4374 4373 4375 4274 4474
4375 4374 4376 4275 4475
4376 4375 4377 4276 4476
4377 4376 4378 4277 4477
4378 4377 4379 4278 4478
4379 4378 4380 4279 4479
4380 4379 4381 4280 4480
4381 4380 4382 4281 4481
4382 4381 4383 4282 4482
4383 4382 4384 4283 4483
4384 4383 4385 4284 4484
4385 4384 4386 4285 4485
4386 4385 4387 4286 4486
4387 4386 4388 4287 4487
4388 4387 4389 4288 4488
4389 4388 4390 4289 4489
4390 4389 4391 4290 4490
4391 4390 4392 4291 4491
4392 4391 4393 4292 4492
4393 4392 4394 4293 4493
4394 4393 4395 4294 4494
4395 4394 4396 4295 4495
4396 4395 4397 4296 4496
4397 4396 4398 4297 4497
4398 4397 4399 4298 4498
4399 4398 4300 4299 4499
4400 4499 4401 4300 4500
4401 4400 4402 4301 4501
4402 4401 4403 4302 4502
4403 4402 4404 4303 4503
4404 4403 4405 4304 4504
4405 4404 4406 4305 4505
4406 4405 4407 4306 4506
4407 4406 4408 4307 4507
4408 4407 4409 4308 4508
4409 4408 4410 4309 4509
4410 4409 4411 4310 4510
4411 4410 4412 4311 4511
4412 4411 4413 4312 4512
4413 4412 4414 4313 4513
4414 4413 4415 4314 4514
4415 4414 4416 4315 4515
4416 4415 4417 4316 4516
4417 4416 4418 4317 4517
4418 4417 4419 4318 4518
4419 4418 4420 4319 4519
4420 4419 4421 4320 4520
4421 4420 4422 4321 4521
4422 4421 4423 4322 4522
4423 4422 4424 4323 4523
4424 4423 4425 4324 4524
4425 4424 4426 4325 4525
4426 4425 4427 4326 4526
4427 4426 4428 4327 4527
4428 4427 4429 4328 4528
4429 4428 4430 4329 4529
4430 4429 4431 4330 4530
4431 4430 4432 4331 4531
4432 4431 4433 4332 4532
4433 4432 4434 4333 4533
4434 4433 4435 4334 4534
4435 4434 4436 4335 4535
4436 4435 4437 4336 4536
4437 4436 4438 4337 4537
4438 4437 4439 4338 4538
4439 4438 4440 4339 4539
4440 4439 4441 4340 4540
4441 4440 4442 4341 4541
4442 4441 4443 4342 4542
4443 4442 4444 4343 4543
4444 4443 4445 4344 4544
4445 4444 4446 4345 4545
4446 4445 4447 4346 4546
4447 4446 4448 4347 4547
4448 4447 4449 4348 4548
4449 4448 4450 4349 4549
4450 4449 4451 4350 4550
4451 4450 4452 4351 4551
4452 4451 4453 4352 4552
4453 4452 4454 4353 4553
4454 4453 4455 4354 4554
4455 4454 4456 4355 4555
4456 4455 4457 4356 4556
4457 4456 4458 4357 4557
4458 4457 4459 4358 4558
4459 4458 4460 4359 4559
4460 4459 4461 4360 4560
4461 4460 4462 4361 4561
4462 4461 4463 4362 4562
4463 4462 4464 4363 4563
4464 4463 4465 4364 4564
4465 4464 4466 4365 4565
4466 4465 4467 4366 4566
4467 4466 4468 4367 4567
4468 4467 4469 4368 4568
4469 4468 4470 4369 4569
4470 4469 4471 4370 4570
4471 4470 4472 4371 4571
4472 4471 4473 4372 4572
4473 4472 4474 4373 4573
4474 4473 4475 4374 4574
4475 4474 4476 4375 4575
4476 4475 4477 4376 4576
4477 4476 4478 4377 4577
4478 4477 4479 4378 4578
4479 4478 4480 4379 4579
4480 4479 4481 4380 4580
4481 4480 4482 4381 4581
4482 4481 4483 4382 4582
4483 4482 4484 4383 4583
4484 4483 4485 4384 4584
4485 4484 4486 4385 4585
4486 4485 4487 4386 4586
4487 4486 4488 4387 4587
4488 4487 4489 4388 4588
4489 4488 4490 4389 4589
4490 4489 4491 4390 4590
4491 4490 4492 4391 4591
4492 4491 4493 4392 4592
4493 4492 4494 4393 4593
4494 4493 4495 4394 4594
4495 4494 4496 4395 4595
4496 4495 4497 4396 4596
4497 4496 4498 4397 4597
4498 4497 4499 4398 4598
4499 4498 4400 4399 4599
4500 4599 4501 4400 4600
4501 4500 4502 4401 4601
4502 4501 4503 4402 4602
4503 4502 4504 4403 4603
4504 4503 4505 4404 4604
4505 4504 4506 4405 4605
4506 4505 4507 4406 4606
4507 4506 4508 4407 4607
4508 4507 4509 4408 4608
4509 4508 4510 4409 4609
4510 4509 4511 4410 4610
4511 4510 4512 4411 4611
4512 4511 4513 4412 4612
4513 4512 4514 4413 4613
4514 4513 4515 4414 4614
4515 4514 4516 4415 4615
4516 4515 4517 4416 4616
4517 4516 4518 4417 4617
4518 4517 4519 4418 4618
4519 4518 4520 4419 4619
4520 4519 4521 4420 4620
4521 4520 4522 4421 4621
4522 4521 4523 4422 4622
4523 4522 4524 4423 4623
4524 4523 4525 4424 4624
4525 4524 4526 4425 4625
4526 4525 4527 4426 4626
4527 4526 4528 4427 4627
4528 4527 4529 4428 4628
4529 4528 4530 4429 4629
4530 4529 4531 4430 4630
4531 4530 4532 4431 4631
4532 4531 4533 4432 4632
4533 4532 4534 4433 4633
4534 4533 4535 4434 4634
4535 4534 4536 4435 4635
4536 4535 4537 4436 4636
4537 4536 4538 4437 4637
4538 4537 4539 4438 4638
4539 4538 4540 4439 4639
4540 4539 4541 4440 4640
4541 4540 4542 4441 4641
4542 4541 4543 4442 4642
4543 4542 4544 4443 4643
4544 4543 4545 4444 4644
4545 4544 4546 4445 4645
4546 4545 4547 4446 4646
4547 4546 4548 4447 4647
4548 4547 4549 4448 4648
4549 4548 4550 4449 4649
4550 4549 4551 4450 4650
4551 4550 4552 4451 4651
4552 4551 4553 4452 4652
4553 4552 4554 4453 4653
4554 4553 4555 4454 4654
4555 4554 4556 4455 4655
4556 4555 4557 4456 4656
4557 4556 4558 4457 4657
4558 4557 4559 4458 4658
4559 4558 4560 4459 4659
4560 4559 4561 4460 4660
4561 4560 4562 4461 4661
4562 4561 4563 4462 4662
4563 4562 4564 4463 4663
4564 4563 4565 4464 4664
4565 4564 4566 4465 4665
4566 4565 4567 4466 4666
4567 4566 4568 4467 4667
4568 4567 4569 4468 4668
4569 4568 4570 4469 4669
4570 4569 4571 4470 4670
4571 4570 4572 4471 4671
4572 4571 4573 4472 4672
4573 4572 4574 4473 4673
4574 4573 4575 4474 4674
4575 4574 4576 4475 4675
4576 4575 4577 4476 4676
4577 4576 4578 4477 4677
4578 4577 4579 4478 4678
4579 4578 4580 4479 4679
4580 4579 4581 4480 4680
4581 4580 4582 4481 4681
4582 4581 4583 4482 4682
4583 4582 4584 4483 4683
4584 4583 4585 4484 4684
4585 4584 4586 4485 4685
4586 4585 4587 4486 4686
4587 4586 4588 4487 4687
4588 4587 4589 4488 4688
4589 4588 4590 4489 4689
4590 4589 4591 4490 4690
4591 4590 4592 4491 4691
4592 4591 4593 4492 4692
4593 4592 4594 4493 4693
4594 4593 4595 4494 4694
4595 4594 4596 4495 4695
4596 4595 4597 4496 4696
4597 4596 4598 4497 4697
4598 4597 4599 4498 4698
4599 4598 4500 4499 4699
4600 4699 4601 4500 4700
4601 4600 4602 4501 4701
4602 4601 4603 4502 4702
4603 4602 4604 4503 4703
4604 4603 4605 4504 4704
4605 4604 4606 4505 4705
4606 4605 4607 4506 4706
4607 4606 4608 4507 4707
4608 4607 4609 4508 4708
4609 4608 4610 4509 4709
4610 4609 4611 4510 4710
4611 4610 4612 4511 4711
4612 4611 4613 4512 4712
4613 4612 4614 4513 4713
4614 4613 4615 4514 4714
4615 4614 4616 4515 4715
4616 4615 4617 4516 4716
4617 4616 4618 4517 4717
4618 4617 4619 4518 4718
4619 4618 4620 4519 4719
4620 4619 4621 4520 4720
4621 4620 4622 4521 4721
4622 4621 4623 4522 4722
4623 4622 4624 4523 4723
4624 4623 4625 4524 4724
4625 4624 4626 4525 4725
4626 4625 4627 4526 4726
4627 4626 4628 4527 4727
4628 4627 4629 4528 4728
4629 4628 4630 4529 4729
4630 4629 4631 4530 4730
4631 4630 4632 4531 4731
4632 4631 4633 4532 4732
4633 4632 4634 4533 4733
4634 4633 4635 4534 4734
4635 4634 4636 4535 4735
4636 4635 4637 4536 4736
4637 4636 4638 4537 4737
4638 4637 4639 4538 4738
4639 4638 4640 4539 4739
4640 4639 4641 4540 4740
4641 4640 4642 4541 4741
4642 4641 4643 4542 4742
4643 4642 4644 4543 4743
4644 4643 4645 4544 4744
4645 4644 4646 4545 4745
4646 4645 4647 4546 4746
4647 4646 4648 4547 4747
4648 4647 4649 4548 4748
4649 4648 4650 4549 4749
4650 4649 4651 4550 4750
4651 4650 4652 4551 4751
4652 4651 4653 4552 4752
4653 4652 4654 4553 4753
4654 4653 4655 4554 4754
4655 4654 4656 4555 4755
4656 4655 4657 4556 4756
4657 4656 4658 4557 4757
4658 4657 4659 4558 4758
4659 4658 4660 4559 4759
4660 4659 4661 4560 4760
4661 4660 4662 4561 4761
4662 4661 4663 4562 4762
4663 4662 4664 4563 4763
4664 4663 4665 4564 4764
4665 4664 4666 4565 4765
4666 4665 4667 4566 4766
4667 4666 4668 4567 4767
4668 4667 4669 4568 4768
4669 4668 4670 4569 4769
4670 4669 4671 4570 4770
4671 4670 4672 4571 4771
4672 4671 4673 4572 4772
4673 4672 4674 4573 4773
4674 4673 4675 4574 4774
4675 4674 4676 4575 4775
4676 4675 4677 4576 4776
4677 4676 4678 4577 4777
4678 4677 4679 4578 4778
4679 4678 4680 4579 4779
4680 4679 4681 4580 4780
4681 4680 4682 4581 4781
4682 4681 4683 4582 4782
4683 4682 4684 4583 4783
4684 4683 4685 4584 4784
4685 4684 4686 4585 4785
4686 4685 4687 4586 4786
4687 4686 4688 4587 4787
4688 4687 4689 4588 4788
4689 4688 4690 4589 4789
4690 4689 4691 4590 4790
4691 4690 4692 4591 4791
4692 4691 4693 4592 4792
4693 4692 4694 4593 4793
4694 4693 4695 4594 4794
4695 4694 4696 4595 4795
4696 4695 4697 4596 4796
4697 4696 4698 4597 4797
4698 4697 4699 4598 4798
4699 4698 4600 4599 4799
4700 4799 4701 4600 4800
4701 4700 4702 4601 4801
4702 4701 4703 4602 4802
4703 4702 4704 4603 4803
4704 4703 4705 4604 4804
4705 4704 4706 4605 4805
4706 4705 4707 4606 4806
4707 4706 4708 4607 4807
4708 4707 4709 4608 4808
4709 4708 4710 4609 4809
4710 4709 4711 4610 4810
4711 4710 4712 4611 4811
4712 4711 4713 4612 4812
4713 4712 4714 4613 4813
4714 4713 4715 4614 4814
4715 4714 4716 4615 4815
4716 4715 4717 4616 4816
4717 4716 4718 4617 4817
4718 4717 4719 4618 4818
4719 4718 4720 4619 4819
4720 4719 4721 4620 4820
4721 4720 4722 4621 4821
4722 4721 4723 4622 4822
4723 4722 4724 4623 4823
4724 4723 4725 4624 4824
4725 4724 4726 4625 4825
4726 4725 4727 4626 4826
4727 4726 4728 4627 4827
4728 4727 4729 4628 4828
4729 4728 4730 4629 4829
4730 4729 4731 4630 4830
4731 4730 4732 4631 4831
4732 4731 4733 4632 4832
4733 4732 4734 4633 4833
4734 4733 4735 4634 4834
4735 4734 4736 4635 4835
4736 4735 4737 4636 4836
4737 4736 4738 4637 4837
4738 4737 4739 4638 4838
4739 4738 4740 4639 4839
4740 4739 4741 4640 4840
4741 4740 4742 4641 4841
4742 4741 4743 4642 4842
4743 4742 4744 4643 4843
4744 4743 4745 4644 4844
4745 4744 4746 4645 4845
4746 4745 4747 4646 4846
4747 4746 4748 4647 4847
4748 4747 4749 4648 4848
4749 4748 4750 4649 4849
4750 4749 4751 4650 4850
4751 4750 4752 4651 4851
4752 4751 4753 4652 4852
4753 4752 4754 4653 4853
4754 4753 4755 4654 4854
4755 4754 4756 4655 4855
4756 4755 4757 4656 4856
4757 4756 4758 4657 4857
4758 4757 4759 4658 4858
4759 4758 4760 4659 4859
4760 4759 4761 4660 4860
4761 4760 4762 4661 4861
4762 4761 4763 4662 4862
4763 4762 4764 4663 4863
4764 4763 4765 4664 4864
4765 4764 4766 4665 4865
4766 4765 4767 4666 4866
4767 4766 4768 4667 4867
4768 4767 4769 4668 4868
4769 4768 4770 4669 4869
4770 4769 4771 4670 4870
4771 4770 4772 4671 4871
4772 4771 4773 4672 4872
4773 4772 4774 4673 4873
4774 4773 4775 4674 4874
4775 4774 4776 4675 4875
4776 4775 4777 4676 4876
4777 4776 4778 4677 4877
4778 4777 4779 4678 4878
4779 4778 4780 4679 4879
4780 4779 4781 4680 4880
4781 4780 4782 4681 4881
4782 4781 4783 4682 4882
4783 4782 4784 4683 4883
4784 4783 4785 4684 4884
4785 4784 4786 4685 4885
4786 4785 4787 4686 4886
4787 4786 4788 4687 4887
4788 4787 4789 4688 4888
4789 4788 4790 4689 4889
4790 4789 4791 4690 4890
4791 4790 4792 4691 4891
4792 4791 4793 4692 4892
4793 4792 4794 4693 4893
4794 4793 4795 4694 4894
4795 4794 4796 4695 4895
4796 4795 4797 4696 4896
4797 4796 4798 4697 4897
4798 4797 4799 4698 4898
4799 4798 4700 4699 4899
4800 4899 4801 4700 4900
4801 4800 4802 4701 4901
4802 4801 4803 4702 4902
4803 4802 4804 4703 4903
4804 4803 4805 4704 4904
4805 4804 4806 4705 4905
4806 4805 4807 4706 4906
4807 4806 4808 4707 4907
4808 4807 4809 4708 4908
4809 4808 4810 4709 4909
4810 4809 4811 4710 4910
4811 4810 4812 4711 4911
4812 4811 4813 4712 4912
4813 4812 4814 4713 4913
4814 4813 4815 4714 4914
4815 4814 4816 4715 4915
4816 4815 4817 4716 4916
4817 4816 4818 4717 4917
4818 4817 4819 4718 4918
4819 4818 4820 4719 4919
4820 4819 4821 4720 4920
4821 4820 4822 4721 4921
4822 4821 4823 4722 4922
4823 4822 4824 4723 4923
4824 4823 4825 4724 4924
4825 4824 4826 4725 4925
4826 4825 4827 4726 4926
4827 4826 4828 4727 4927
4828 4827 4829 4728 4928
4829 4828 4830 4729 4929
4830 4829 4831 4730 4930
4831 4830 4832 4731 4931
4832 4831 4833 4732 4932
4833 4832 4834 4733 4933
4834 4833 4835 4734 4934
4835 4834 4836 4735 4935
4836 4835 4837 4736 4936
4837 4836 4838 4737 4937
4838 4837 4839 4738 4938
4839 4838 4840 4739 4939
4840 4839 4841 4740 4940
4841 4840 4842 4741 4941
4842 4841 4843 4742 4942
4843 4842 4844 4743 4943
4844 4843 4845 4744 4944
4845 4844 4846 4745 4945
4846 4845 4847 4746 4946
4847 4846 4848 4747 4947
4848 4847 4849 4748 4948
4849 4848 4850 4749 4949
4850 4849 4851 4750 4950
4851 4850 4852 4751 4951
4852 4851 4853 4752 4952
4853 4852 4854 4753 4953
4854 4853 4855 4754 4954
4855 4854 4856 4755 4955
4856 4855 4857 4756 4956
4857 4856 4858 4757 4957
4858 4857 4859 4758 4958
4859 4858 4860 4759 4959
4860 4859 4861 4760 4960
4861 4860 4862 4761 4961
4862 4861 4863 4762 4962
4863 4862 4864 4763 4963
4864 4863 4865 4764 4964
4865 4864 4866 4765 4965
4866 4865 4867 4766 4966
4867 4866 4868 4767 4967
4868 4867 4869 4768 4968
4869 4868 4870 4769 4969
4870 4869 4871 4770 4970
4871 4870 4872 4771 4971
4872 4871 4873 4772 4972
4873 4872 4874 4773 4973
4874 4873 4875 4774 4974
4875 4874 4876 4775 4975
4876 4875 4877 4776 4976
4877 4876 4878 4777 4977
4878 4877 4879 4778 4978
4879 4878 4880 4779 4979
4880 4879 4881 4780 4980
4881 4880 4882 4781 4981
4882 4881 4883 4782 4982
4883 4882 4884 4783 4983
4884 4883 4885 4784 4984
4885 4884 4886 4785 4985
4886 4885 4887 4786 4986
4887 4886 4888 4787 4987
4888 4887 4889 4788 4988
4889 4888 4890 4789 4989
4890 4889 4891 4790 4990
4891 4890 4892 4791 4991
4892 4891 4893 4792 4992
4893 4892 4894 4793 4993
4894 4893 4895 4794 4994
4895 4894 4896 4795 4995
4896 4895 4897 4796 4996
4897 4896 4898 4797 4997
4898 4897 4899 4798 4998
4899 4898 4800 4799 4999
4900 4999 4901 4800 5000
4901 4900 4902 4801 5001
4902 4901 4903 4802 5002
4903 4902 4904 4803 5003
4904 4903 4905 4804 5004
4905 4904 4906 4805 5005
4906 4905 4907 4806 5006
4907 4906 4908 4807 5007
4908 4907 4909 4808 5008
4909 4908 4910 4809 5009
4910 4909 4911 4810 5010
4911 4910 4912 4811 5011
4912 4911 4913 4812 5012
4913 4912 4914 4813 5013
4914 4913 4915 4814 5014
4915 4914 4916 4815 5015
4916 4915 4917 4816 5016
4917 4916 4918 4817 5017
4918 4917 4919 4818 5018
4919 4918 4920 4819 5019
4920 4919 4921 4820 5020
4921 4920 4922 4821 5021
4922 4921 4923 4822 5022
4923 4922 4924 4823 5023
4924 4923 4925 4824 5024
4925 4924 4926 4825 5025
4926 4925 4927 4826 5026
4927 4926 4928 4827 5027
4928 4927 4929 4828 5028
4929 4928 4930 4829 5029
4930 4929 4931 4830 5030
4931 4930 4932 4831 5031
4932 4931 4933 4832 5032
4933 4932 4934 4833 5033
4934 4933 4935 4834 5034
4935 4934 4936 4835 5035
4936 4935 4937 4836 5036
4937 4936 4938 4837 5037
4938 4937 4939 4838 5038
4939 4938 4940 4839 5039
4940 4939 4941 4840 5040
4941 4940 4942 4841 5041
4942 4941 4943 4842 5042
4943 4942 4944 4843 5043
4944 4943 4945 4844 5044
4945 4944 4946 4845 5045
4946 4945 4947 4846 5046
4947 4946 4948 4847 5047
4948 4947 4949 4848 5048
4949 4948 4950 4849 5049
4950 4949 4951 4850 5050
4951 4950 4952 4851 5051
4952 4951 4953 4852 5052
4953 4952 4954 4853 5053
4954 4953 4955 4854 5054
4955 4954 4956 4855 5055
4956 4955 4957 4856 5056
4957 4956 4958 4857 5057
4958 4957 4959 4858 5058
4959 4958 4960 4859 5059
4960 4959 4961 4860 5060
4961 4960 4962 4861 5061
4962 4961 4963 4862 5062
4963 4962 4964 4863 5063
4964 4963 4965 4864 5064
4965 4964 4966 4865 5065
4966 4965 4967 4866 5066
4967 4966 4968 4867 5067
4968 4967 4969 4868 5068
4969 4968 4970 4869 5069
4970 4969 4971 4870 5070
4971 4970 4972 4871 5071
4972 4971 4973 4872 5072
4973 4972 4974 4873 5073
4974 4973 4975 4874 5074
4975 4974 4976 4875 5075
4976 4975 4977 4876 5076
4977 4976 4978 4877 5077
4978 4977 4979 4878 5078
4979 4978 4980 4879 5079
4980 4979 4981 4880 5080
4981 4980 4982 4881 5081
4982 4981 4983 4882 5082
4983 4982 4984 4883 5083
4984 4983 4985 4884 5084
4985 4984 4986 4885 5085
4986 4985 4987 4886 5086
4987 4986 4988 4887 5087
4988 4987 4989 4888 5088
4989 4988 4990 4889 5089
4990 4989 4991 4890 5090
4991 4990 4992 4891 5091
4992 4991 4993 4892 5092
4993 4992 4994 4893 5093
4994 4993 4995 4894 5094
4995 4994 4996 4895 5095
4996 4995 4997 4896 5096
4997 4996 4998 4897 5097
4998 4997 4999 4898 5098
4999 4998 4900 4899 5099
5000 5099 5001 4900 5100
5001 5000 5002 4901 5101
5002 5001 5003 4902 5102
5003 5002 5004 4903 5103
5004 5003 5005 4904 5104
5005 5004 5006 4905 5105
5006 5005 5007 4906 5106
5007 5006 5008 4907 5107
5008 5007 5009 4908 5108
5009 5008 5010 4909 5109
5010 5009 5011 4910 5110
5011 5010 5012 4911 5111
5012 5011 5013 4912 5112
5013 5012 5014 4913 5113
5014 5013 5015 4914 5114
5015 5014 5016 4915 5115
5016 5015 5017 4916 5116
5017 5016 5018 4917 5117
5018 5017 5019 4918 5118
5019 5018 5020 4919 5119
5020 5019 5021 4920 5120
5021 5020 5022 4921 5121
5022 5021 5023 4922 5122
5023 5022 5024 4923 5123
5024 5023 5025 4924 5124
5025 5024 5026 4925 5125
5026 5025 5027 4926 5126
5027 5026 5028 4927 5127
5028 5027 5029 4928 5128
5029 5028 5030 4929 5129
5030 5029 5031 4930 5130
5031 5030 5032 4931 5131
5032 5031 5033 4932 5132
5033 5032 5034 4933 5133
5034 5033 5035 4934 5134
5035 5034 5036 4935 5135
5036 5035 5037 4936 5136
5037 5036 5038 4937 5137
5038 5037 5039 4938 5138
5039 5038 5040 4939 5139
5040 5039 5041 4940 5140
5041 5040 5042 4941 5141
5042 5041 5043 4942 5142
5043 5042 5044 4943 5143
5044 5043 5045 4944 5144
5045 5044 5046 4945 5145
5046 5045 5047 4946 5146
5047 5046 5048 4947 5147
5048 5047 5049 4948 5148
5049 5048 5050 4949 5149
5050 5049 5051 4950 5150
5051 5050 5052 4951 5151
5052 5051 5053 4952 5152
5053 5052 5054 4953 5153
5054 5053 5055 4954 5154
5055 5054 5056 4955 5155
5056 5055 5057 4956 5156
5057 5056 5058 4957 5157
5058 5057 5059 4958 5158
5059 5058 5060 4959 5159
5060 5059 5061 4960 5160
5061 5060 5062 4961 5161
5062 5061 5063 4962 5162
5063 5062 5064 4963 5163
5064 5063 5065 4964 5164
5065 5064 5066 4965 5165
5066 5065 5067 4966 5166
5067 5066 5068 4967 5167
5068 5067 5069 4968 5168
5069 5068 5070 4969 5169
5070 5069 5071 4970 5170
5071 5070 5072 4971 5171
5072 5071 5073 4972 5172
5073 5072 5074 4973 5173
5074 5073 5075 4974 5174
5075 5074 5076 4975 5175
5076 5075 5077 4976 5176
5077 5076 5078 4977 5177
5078 5077 5079 4978 5178
5079 5078 5080 4979 5179
5080 5079 5081 4980 5180
5081 5080 5082 4981 5181
5082 5081 5083 4982 5182
5083 5082 5084 4983 5183
5084 5083 5085 4984 5184
5085 5084 5086 4985 5185
5086 5085 5087 4986 5186
5087 5086 5088 4987 5187
5088 5087 5089 4988 5188
5089 5088 5090 4989 5189
5090 5089 5091 4990 5190
5091 5090 5092 4991 5191
5092 5091 5093 4992 5192
5093 5092 5094 4993 5193
5094 5093 5095 4994 5194
5095 5094 5096 4995 5195
5096 5095 5097 4996 5196
5097 5096 5098 4997 5197
5098 5097 5099 4998 5198
5099 5098 5000 4999 5199
5100 5199 5101 5000 5200
5101 5100 5102 5001 5201
5102 5101 5103 5002 5202
5103 5102 5104 5003 5203
5104 5103 5105 5004 5204
5105 5104 5106 5005 5205
5106 5105 5107 5006 5206
5107 5106 5108 5007 5207
5108 5107 5109 5008 5208
5109 5108 5110 5009 5209
5110 5109 5111 5010 5210
5111 5110 5112 5011 5211
5112 5111 5113 5012 5212
5113 5112 5114 5013 5213
5114 5113 5115 5014 5214
5115 5114 5116 5015 5215
5116 5115 5117 5016 5216
5117 5116 5118 5017 5217
5118 5117 5119 5018 5218
5119 5118 5120 5019 5219
5120 5119 5121 5020 5220
5121 5120 5122 5021 5221
5122 5121 5123 5022 5222
5123 5122 5124 5023 5223
5124 5123 5125 5024 5224
5125 5124 5126 5025 5225
5126 5125 5127 5026 5226
5127 5126 5128 5027 5227
5128 5127 5129 5028 5228
5129 5128 5130 5029 5229
5130 5129 5131 5030 5230
5131 5130 5132 5031 5231
5132 5131 5133 5032 5232
5133 5132 5134 5033 5233
5134 5133 5135 5034 5234
5135 5134 5136 5035 5235
5136 5135 5137 5036 5236
5137 5136 5138 5037 5237
5138 5137 5139 5038 5238
5139 5138 5140 5039 5239
5140 5139 5141 5040 5240
5141 5140 5142 5041 5241
5142 5141 5143 5042 5242
5143 5142 5144 5043 5243
5144 5143 5145 5044 5244
5145 5144 5146 5045 5245
5146 5145 5147 5046 5246
5147 5146 5148 5047 5247
5148 5147 5149 5048 5248
5149 5148 5150 5049 5249
5150 5149 5151 5050 5250
5151 5150 5152 5051 5251
5152 5151 5153 5052 5252
5153 5152 5154 5053 5253
5154 5153 5155 5054 5254
5155 5154 5156 5055 5255
5156 5155 5157 5056 5256
5157 5156 5158 5057 5257
5158 5157 5159 5058 5258
5159 5158 5160 5059 5259
5160 5159 5161 5060 5260
5161 5160 5162 5061 5261
5162 5161 5163 5062 5262
5163 5162 5164 5063 5263
5164 5163 5165 5064 5264
5165 5164 5166 5065 5265
5166 5165 5167 5066 5266
5167 5166 5168 5067 5267
5168 5167 5169 5068 5268
5169 5168 5170 5069 5269
5170 5169 5171 5070 5270
5171 5170 5172 5071 5271
5172 5171 5173 5072 5272
5173 5172 5174 5073 5273
5174 5173 5175 5074 5274
5175 5174 5176 5075 5275
5176 5175 5177 5076 5276
5177 5176 5178 5077 5277
5178 5177 5179 5078 5278
5179 5178 5180 5079 5279
5180 5179 5181 5080 5280
5181 5180 5182 5081 5281
5182 5181 5183 5082 5282
5183 5182 5184 5083 5283
5184 5183 5185 5084 5284
5185 5184 5186 5085 5285
5186 5185 5187 5086 5286
5187 5186 5188 5087 5287
5188 5187 5189 5088 5288
5189 5188 5190 5089 5289
5190 5189 5191 5090 5290
5191 5190 5192 5091 5291
5192 5191 5193 5092 5292
5193 5192 5194 5093 5293
5194 5193 5195 5094 5294
5195 5194 5196 5095 5295
5196 5195 5197 5096 5296
5197 5196 5198 5097 5297
5198 5197 5199 5098 5298
5199 5198 5100 5099 5299
5200 5299 5201 5100 5300
5201 5200 5202 5101 5301
5202 5201 5203 5102 5302
5203 5202 5204 5103 5303
5204 5203 5205 5104 5304
5205 5204 5206 5105 5305
5206 5205 5207 5106 5306
5207 5206 5208 5107 5307
5208 5207 5209 5108 5308
5209 5208 5210 5109 5309
5210 5209 5211 5110 5310
5211 5210 5212 5111 5311
5212 5211 5213 5112 5312
5213 5212 5214 5113 5313
5214 5213 5215 5114 5314
5215 5214 5216 5115 5315
5216 5215 5217 5116 5316
5217 5216 5218 5117 5317
5218 5217 5219 5118 5318
5219 5218 5220 5119 5319
5220 5219 5221 5120 5320
5221 5220 5222 5121 5321
5222 5221 5223 5122 5322
5223 5222 5224 5123 5323
5224 5223 5225 5124 5324
5225 5224 5226 5125 5325
5226 5225 5227 5126 5326
5227 5226 5228 5127 5327
5228 5227 5229 5128 5328
5229 5228 5230 5129 5329
5230 5229 5231 5130 5330
5231 5230 5232 5131 5331
5232 5231 5233 5132 5332
5233 5232 5234 5133 5333
5234 5233 5235 5134 5334
5235 5234 5236 5135 5335
5236 5235 5237 5136 5336
5237 5236 5238 5137 5337
5238 5237 5239 5138 5338
5239 5238 5240 5139 5339
5240 5239 5241 5140 5340
5241 5240 5242 5141 5341
5242 5241 5243 5142 5342
5243 5242 5244 5143 5343
5244 5243 5245 5144 5344
5245 5244 5246 5145 5345
5246 5245 5247 5146 5346
5247 5246 5248 5147 5347
5248 5247 5249 5148 5348
5249 5248 5250 5149 5349
5250 5249 5251 5150 5350
5251 5250 5252 5151 5351
5252 5251 5253 5152 5352
5253 5252 5254 5153 5353
5254 5253 5255 5154 5354
5255 5254 5256 5155 5355
5256 5255 5257 5156 5356
5257 5256 5258 5157 5357
5258 5257 5259 5158 5358
5259 5258 5260 5159 5359
5260 5259 5261 5160 5360
5261 5260 5262 5161 5361
5262 5261 5263 5162 5362
5263 5262 5264 5163 5363
5264 5263 5265 5164 5364
5265 5264 5266 5165 5365
5266 5265 5267 5166 5366
5267 5266 5268 5167 5367
5268 5267 5269 5168 5368
5269 5268 5270 5169 5369
5270 5269 5271 5170 5370
5271 5270 5272 5171 5371
5272 5271 5273 5172 5372
5273 5272 5274 5173 5373
5274 5273 5275 5174 5374
5275 5274 5276 5175 5375
5276 5275 5277 5176 5376
5277 5276 5278 5177 5377
5278 5277 5279 5178 5378
5279 5278 5280 5179 5379
5280 5279 5281 5180 5380
5281 5280 5282 5181 5381
5282 5281 5283 5182 5382
5283 5282 5284 5183 5383
5284 5283 5285 5184 5384
5285 5284 5286 5185 5385
5286 5285 5287 5186 5386
5287 5286 5288 5187 5387
5288 5287 5289 5188 5388
5289 5288 5290 5189 5389
5290 5289 5291 5190 5390
5291 5290 5292 5191 5391
5292 5291 5293 5192 5392
5293 5292 5294 5193 5393
5294 5293 5295 5194 5394
5295 5294 5296 5195 5395
5296 5295 5297 5196 5396
5297 5296 5298 5197 5397
5298 5297 5299 5198 5398
5299 5298 5200 5199 5399
5300 5399 5301 5200 5400
5301 5300 5302 5201 5401
5302 5301 5303 5202 5402
5303 5302 5304 5203 5403
5304 5303 5305 5204 5404
5305 5304 5306 5205 5405
5306 5305 5307 5206 5406
5307 5306 5308 5207 5407
5308 5307 5309 5208 5408
5309 5308 5310 5209 5409
5310 5309 5311 5210 5410
5311 5310 5312 5211 5411
5312 5311 5313 5212 5412
5313 5312 5314 5213 5413
5314 5313 5315 5214 5414
5315 5314 5316 5215 5415
5316 5315 5317 5216 5416
5317 5316 5318 5217 5417
5318 5317 5319 5218 5418
5319 5318 5320 5219 5419
5320 5319 5321 5220 5420
5321 5320 5322 5221 5421
5322 5321 5323 5222 5422
5323 5322 5324 5223 5423
5324 5323 5325 5224 5424
5325 5324 5326 5225 5425
5326 5325 5327 5226 5426
5327 5326 5328 5227 5427
5328 5327 5329 5228 5428
5329 5328 5330 5229 5429
5330 5329 5331 5230 5430
5331 5330 5332 5231 5431
5332 5331 5333 5232 5432
5333 5332 5334 5233 5433
5334 5333 5335 5234 5434
5335 5334 5336 5235 5435
5336 5335 5337 5236 5436
5337 5336 5338 5237 5437
5338 5337 5339 5238 5438
5339 5338 5340 5239 5439
5340 5339 5341 5240 5440
5341 5340 5342 5241 5441
5342 5341 5343 5242 5442
5343 5342 5344 5243 5443
5344 5343 5345 5244 5444
5345 5344 5346 5245 5445
5346 5345 5347 5246 5446
5347 5346 5348 5247 5447
5348 5347 5349 5248 5448
5349 5348 5350 5249 5449
5350 5349 5351 5250 5450
5351 5350 5352 5251 5451
5352 5351 5353 5252 5452
5353 5352 5354 5253 5453
5354 5353 5355 5254 5454
5355 5354 5356 5255 5455
5356 5355 5357 5256 5456
5357 5356 5358 5257 5457
5358 5357 5359 5258 5458
5359 5358 5360 5259 5459
5360 5359 5361 5260 5460
5361 5360 5362 5261 5461
5362 5361 5363 5262 5462
5363 5362 5364 5263 5463
5364 5363 5365 5264 5464
5365 5364 5366 5265 5465
5366 5365 5367 5266 5466
5367 5366 5368 5267 5467
5368 5367 5369 5268 5468
5369 5368 5370 5269 5469
5370 5369 5371 5270 5470
5371 5370 5372 5271 5471
5372 5371 5373 5272 5472
5373 5372 5374 5273 5473
5374 5373 5375 5274 5474
5375 5374 5376 5275 5475
5376 5375 5377 5276 5476
5377 5376 5378 5277 5477
5378 5377 5379 5278 5478
5379 5378 5380 5279 5479
5380 5379 5381 5280 5480
5381 5380 5382 5281 5481
5382 5381 5383 5282 5482
5383 5382 5384 5283 5483
5384 5383 5385 5284 5484
5385 5384 5386 5285 5485
5386 5385 5387 5286 5486
5387 5386 5388 5287 5487
5388 5387 5389 5288 5488
5389 5388 5390 5289 5489
5390 5389 5391 5290 5490
5391 5390 5392 5291 5491
5392 5391 5393 5292 5492
5393 5392 5394 5293 5493
5394 5393 5395 5294 5494
5395 5394 5396 5295 5495
5396 5395 5397 5296 5496
5397 5396 5398 5297 5497
5398 5397 5399 5298 5498
5399 5398 5300 5299 5499
5400 5499 5401 5300 5500
5401 5400 5402 5301 5501
5402 5401 5403 5302 5502
5403 5402 5404 5303 5503
5404 5403 5405 5304 5504
5405 5404 5406 5305 5505
5406 5405 5407 5306 5506
5407 5406 5408 5307 5507
5408 5407 5409 5308 5508
5409 5408 5410 5309 5509
5410 5409 5411 5310 5510
5411 5410 5412 5311 5511
5412 5411 5413 5312 5512
5413 5412 5414 5313 5513
5414 5413 5415 5314 5514
5415 5414 5416 5315 5515
5416 5415 5417 5316 5516
5417 5416 5418 5317 5517
5418 5417 5419 5318 5518
5419 5418 5420 5319 5519
5420 5419 5421 5320 5520
5421 5420 5422 5321 5521
5422 5421 5423 5322 5522
5423 5422 5424 5323 5523
5424 5423 5425 5324 5524
5425 5424 5426 5325 5525
5426 5425 5427 5326 5526
5427 5426 5428 5327 5527
5428 5427 5429 5328 5528
5429 5428 5430 5329 5529
5430 5429 5431 5330 5530
5431 5430 5432 5331 5531
5432 5431 5433 5332 5532
5433 5432 5434 5333 5533
5434 5433 5435 5334 5534
5435 5434 5436 5335 5535
5436 5435 5437 5336 5536
5437 5436 5438 5337 5537
5438 5437 5439 5338 5538
5439 5438 5440 5339 5539
5440 5439 5441 5340 5540
5441 5440 5442 5341 5541
5442 5441 5443 5342 5542
5443 5442 5444 5343 5543
5444 5443 5445 5344 5544
5445 5444 5446 5345 5545
5446 5445 5447 5346 5546
5447 5446 5448 5347 5547
5448 5447 5449 5348 5548
5449 5448 5450 5349 5549
5450 5449 5451 5350 5550
5451 5450 5452 5351 5551
5452 5451 5453 5352 5552
5453 5452 5454 5353 5553
5454 5453 5455 5354 5554
5455 5454 5456 5355 5555
5456 5455 5457 5356 5556
5457 5456 5458 5357 5557
5458 5457 5459 5358 5558
5459 5458 5460 5359 5559
5460 5459 5461 5360 5560
5461 5460 5462 5361 5561
5462 5461 5463 5362 5562
5463 5462 5464 5363 5563
5464 5463 5465 5364 5564
5465 5464 5466 5365 5565
5466 5465 5467 5366 5566
5467 5466 5468 5367 5567
5468 5467 5469 5368 5568
5469 5468 5470 5369 5569
5470 5469 5471 5370 5570
5471 5470 5472 5371 5571
5472 5471 5473 5372 5572
5473 5472 5474 5373 5573
5474 5473 5475 5374 5574
5475 5474 5476 5375 5575
5476 5475 5477 5376 5576
5477 5476 5478 5377 5577
5478 5477 5479 5378 5578
5479 5478 5480 5379 5579
5480 5479 5481 5380 5580
5481 5480 5482 5381 5581
5482 5481 5483 5382 5582
5483 5482 5484 5383 5583
5484 5483 5485 5384 5584
5485 5484 5486 5385 5585
5486 5485 5487 5386 5586
5487 5486 5488 5387 5587
5488 5487 5489 5388 5588
5489 5488 5490 5389 5589
5490 5489 5491 5390 5590
5491 5490 5492 5391 5591
5492 5491 5493 5392 5592
5493 5492 5494 5393 5593
5494 5493 5495 5394 5594
5495 5494 5496 5395 5595
5496 5495 5497 5396 5596
5497 5496 5498 5397 5597
5498 5497 5499 5398 5598
5499 5498 5400 5399 5599
5500 5599 5501 5400 5600
5501 5500 5502 5401 5601
5502 5501 5503 5402 5602
5503 5502 5504 5403 5603
5504 5503 5505 5404 5604
5505 5504 5506 5405 5605
5506 5505 5507 5406 5606
5507 5506 5508 5407 5607
5508 5507 5509 5408 5608
5509 5508 5510 5409 5609
5510 5509 5511 5410 5610
5511 5510 5512 5411 5611
5512 5511 5513 5412 5612
5513 5512 5514 5413 5613
5514 5513 5515 5414 5614
5515 5514 5516 5415 5615
5516 5515 5517 5416 5616
5517 5516 5518 5417 5617
5518 5517 5519 5418 5618
5519 5518 5520 5419 5619
5520 5519 5521 5420 5620
5521 5520 5522 5421 5621
5522 5521 5523 5422 5622
5523 5522 5524 5423 5623
5524 5523 5525 5424 5624
5525 5524 5526 5425 5625
5526 5525 5527 5426 5626
5527 5526 5528 5427 5627
5528 5527 5529 5428 5628
5529 5528 5530 5429 5629
5530 5529 5531 5430 5630
5531 5530 5532 5431 5631
5532 5531 5533 5432 5632
5533 5532 5534 5433 5633
5534 5533 5535 5434 5634
5535 5534 5536 5435 5635
5536 5535 5537 5436 5636
5537 5536 5538 5437 5637
5538 5537 5539 5438 5638
5539 5538 5540 5439 5639
5540 5539 5541 5440 5640
5541 5540 5542 5441 5641
5542 5541 5543 5442 5642
5543 5542 5544 5443 5643
5544 5543 5545 5444 5644
5545 5544 5546 5445 5645
5546 5545 5547 5446 5646
5547 5546 5548 5447 5647
5548 5547 5549 5448 5648
5549 5548 5550 5449 5649
5550 5549 5551 5450 5650
5551 5550 5552 5451 5651
5552 5551 5553 5452 5652
5553 5552 5554 5453 5653
5554 5553 5555 5454 5654
5555 5554 5556 5455 5655
5556 5555 5557 5456 5656
5557 5556 5558 5457 5657
5558 5557 5559 5458 5658
5559 5558 5560 5459 5659
5560 5559 5561 5460 5660
5561 5560 5562 5461 5661
5562 5561 5563 5462 5662
5563 5562 5564 5463 5663
5564 5563 5565 5464 5664
5565 5564 5566 5465 5665
5566 5565 5567 5466 5666
5567 5566 5568 5467 5667
5568 5567 5569 5468 5668
5569 5568 5570 5469 5669
5570 5569 5571 5470 5670
5571 5570 5572 5471 5671
5572 5571 5573 5472 5672
5573 5572 5574 5473 5673
5574 5573 5575 5474 5674
5575 5574 5576 5475 5675
5576 5575 5577 5476 5676
5577 5576 5578 5477 5677
5578 5577 5579 5478 5678
5579 5578 5580 5479 5679
5580 5579 5581 5480 5680
5581 5580 5582 5481 5681
5582 5581 5583 5482 5682
5583 5582 5584 5483 5683
5584 5583 5585 5484 5684
5585 5584 5586 5485 5685
5586 5585 5587 5486 5686
5587 5586 5588 5487 5687
5588 5587 5589 5488 5688
5589 5588 5590 5489 5689
5590 5589 5591 5490 5690
5591 5590 5592 5491 5691
5592 5591 5593 5492 5692
5593 5592 5594 5493 5693
5594 5593 5595 5494 5694
5595 5594 5596 5495 5695
5596 5595 5597 5496 5696
5597 5596 5598 5497 5697
5598 5597 5599 5498 5698
5599 5598 5500 5499 5699
5600 5699 5601 5500 5700
5601 5600 5602 5501 5701
5602 5601 5603 5502 5702
5603 5602 5604 5503 5703
5604 5603 5605 5504 5704
5605 5604 5606 5505 5705
5606 5605 5607 5506 5706
5607 5606 5608 5507 5707
5608 5607 5609 5508 5708
5609 5608 5610 5509 5709
5610 5609 5611 5510 5710
5611 5610 5612 5511 5711
5612 5611 5613 5512 5712
5613 5612 5614 5513 5713
5614 5613 5615 5514 5714
5615 5614 5616 5515 5715
5616 5615 5617 5516 5716
5617 5616 5618 5517 5717
5618 5617 5619 5518 5718
5619 5618 5620 5519 5719
5620 5619 5621 5520 5720
5621 5620 5622 5521 5721
5622 5621 5623 5522 5722
5623 5622 5624 5523 5723
5624 5623 5625 5524 5724
5625 5624 5626 5525 5725
5626 5625 5627 5526 5726
5627 5626 5628 5527 5727
5628 5627 5629 5528 5728
5629 5628 5630 5529 5729
5630 5629 5631 5530 5730
5631 5630 5632 5531 5731
5632 5631 5633 5532 5732
5633 5632 5634 5533 5733
5634 5633 5635 5534 5734
5635 5634 5636 5535 5735
5636 5635 5637 5536 5736
5637 5636 5638 5537 5737
5638 5637 5639 5538 5738
5639 5638 5640 5539 5739
5640 5639 5641 5540 5740
5641 5640 5642 5541 5741
5642 5641 5643 5542 5742
5643 5642 5644 5543 5743
5644 5643 5645 5544 5744
5645 5644 5646 5545 5745
5646 5645 5647 5546 5746
5647 5646 5648 5547 5747
5648 5647 5649 5548 5748
5649 5648 5650 5549 5749
5650 5649 5651 5550 5750
5651 5650 5652 5551 5751
5652 5651 5653 5552 5752
5653 5652 5654 5553 5753
5654 5653 5655 5554 5754
5655 5654 5656 5555 5755
5656 5655 5657 5556 5756
5657 5656 5658 5557 5757
5658 5657 5659 5558 5758
5659 5658 5660 5559 5759
5660 5659 5661 5560 5760
5661 5660 5662 5561 5761
5662 5661 5663 5562 5762
5663 5662 5664 5563 5763
5664 5663 5665 5564 5764
5665 5664 5666 5565 5765
5666 5665 5667 5566 5766
5667 5666 5668 5567 5767
5668 5667 5669 5568 5768
5669 5668 5670 5569 5769
5670 5669 5671 5570 5770
5671 5670 5672 5571 5771
5672 5671 5673 5572 5772
5673 5672 5674 5573 5773
5674 5673 5675 5574 5774
5675 5674 5676 5575 5775
5676 5675 5677 5576 5776
5677 5676 5678 5577 5777
5678 5677 5679 5578 5778
5679 5678 5680 5579 5779
5680 5679 5681 5580 5780
5681 5680 5682 5581 5781
5682 5681 5683 5582 5782
5683 5682 5684 5583 5783
5684 5683 5685 5584 5784
5685 5684 5686 5585 5785
5686 5685 5687 5586 5786
5687 5686 5688 5587 5787
5688 5687 5689 5588 5788
5689 5688 5690 5589 5789
5690 5689 5691 5590 5790
5691 5690 5692 5591 5791
5692 5691 5693 5592 5792
5693 5692 5694 5593 5793
5694 5693 5695 5594 5794
5695 5694 5696 5595 5795
5696 5695 5697 5596 5796
5697 5696 5698 5597 5797
5698 5697 5699 5598 5798
5699 5698 5600 5599 5799
5700 5799 5701 5600 5800
5701 5700 5702 5601 5801
5702 5701 5703 5602 5802
5703 5702 5704 5603 5803
5704 5703 5705 5604 5804
5705 5704 5706 5605 5805
5706 5705 5707 5606 5806
5707 5706 5708 5607 5807
5708 5707 5709 5608 5808
5709 5708 5710 5609 5809
5710 5709 5711 5610 5810
5711 5710 5712 5611 5811
5712 5711 5713 5612 5812
5713 5712 5714 5613 5813
5714 5713 5715 5614 5814
5715 5714 5716 5615 5815
5716 5715 5717 5616 5816
5717 5716 5718 5617 5817
5718 5717 5719 5618 5818
5719 5718 5720 5619 5819
5720 5719 5721 5620 5820
5721 5720 5722 5621 5821
5722 5721 5723 5622 5822
5723 5722 5724 5623 5823
5724 5723 5725 5624 5824
5725 5724 5726 5625 5825
5726 5725 5727 5626 5826
5727 5726 5728 5627 5827
5728 5727 5729 5628 5828
5729 5728 5730 5629 5829
5730 5729 5731 5630 5830
5731 5730 5732 5631 5831
5732 5731 5733 5632 5832
5733 5732 5734 5633 5833
5734 5733 5735 5634 5834
5735 5734 5736 5635 5835
5736 5735 5737 5636 5836
5737 5736 5738 5637 5837
5738 5737 5739 5638 5838
5739 5738 5740 5639 5839
5740 5739 5741 5640 5840
5741 5740 5742 5641 5841
5742 5741 5743 5642 5842
5743 5742 5744 5643 5843
5744 5743 5745 5644 5844
5745 5744 5746 5645 5845
5746 5745 5747 5646 5846
5747 5746 5748 5647 5847
5748 5747 5749 5648 5848
5749 5748 5750 5649 5849
5750 5749 5751 5650 5850
5751 5750 5752 5651 5851
5752 5751 5753 5652 5852
5753 5752 5754 5653 5853
5754 5753 5755 5654 5854
5755 5754 5756 5655 5855
5756 5755 5757 5656 5856
5757 5756 5758 5657 5857
5758 5757 5759 5658 5858
5759 5758 5760 5659 5859
5760 5759 5761 5660 5860
5761 5760 5762 5661 5861
5762 5761 5763 5662 5862
5763 5762 5764 5663 5863
5764 5763 5765 5664 5864
5765 5764 5766 5665 5865
5766 5765 5767 5666 5866
5767 5766 5768 5667 5867
5768 5767 5769 5668 5868
5769 5768 5770 5669 5869
5770 5769 5771 5670 5870
5771 5770 5772 5671 5871
5772 5771 5773 5672 5872
5773 5772 5774 5673 5873
5774 5773 5775 5674 5874
5775 5774 5776 5675 5875
5776 5775 5777 5676 5876
5777 5776 5778 5677 5877
5778 5777 5779 5678 5878
5779 5778 5780 5679 5879
5780 5779 5781 5680 5880
5781 5780 5782 5681 5881
5782 5781 5783 5682 5882
5783 5782 5784 5683 5883
5784 5783 5785 5684 5884
5785 5784 5786 5685 5885
5786 5785 5787 5686 5886
5787 5786 5788 5687 5887
5788 5787 5789 5688 5888
5789 5788 5790 5689 5889
5790 5789 5791 5690 5890
5791 5790 5792 5691 5891
5792 5791 5793 5692 5892
5793 5792 5794 5693 5893
5794 5793 5795 5694 5894
5795 5794 5796 5695 5895
5796 5795 5797 5696 5896
5797 5796 5798 5697 5897
5798 5797 5799 5698 5898
5799 5798 5700 5699 5899
5800 5899 5801 5700 5900
5801 5800 5802 5701 5901
5802 5801 5803 5702 5902
5803 5802 5804 5703 5903
5804 5803 5805 5704 5904
5805 5804 5806 5705 5905
5806 5805 5807 5706 5906
5807 5806 5808 5707 5907
5808 5807 5809 5708 5908
5809 5808 5810 5709 5909
5810 5809 5811 5710 5910
5811 5810 5812 5711 5911
5812 5811 5813 5712 5912
5813 5812 5814 5713 5913
5814 5813 5815 5714 5914
5815 5814 5816 5715 5915
5816 5815 5817 5716 5916
5817 5816 5818 5717 5917
5818 5817 5819 5718 5918
5819 5818 5820 5719 5919
5820 5819 5821 5720 5920
5821 5820 5822 5721 5921
5822 5821 5823 5722 5922
5823 5822 5824 5723 5923
5824 5823 5825 5724 5924
5825 5824 5826 5725 5925
5826 5825 5827 5726 5926
5827 5826 5828 5727 5927
5828 5827 5829 5728 5928
5829 5828 5830 5729 5929
5830 5829 5831 5730 5930
5831 5830 5832 5731 5931
5832 5831 5833 5732 5932
5833 5832 5834 5733 5933
5834 5833 5835 5734 5934
5835 5834 5836 5735 5935
5836 5835 5837 5736 5936
5837 5836 5838 5737 5937
5838 5837 5839 5738 5938
5839 5838 5840 5739 5939
5840 5839 5841 5740 5940
5841 5840 5842 5741 5941
5842 5841 5843 5742 5942
5843 5842 5844 5743 5943
5844 5843 5845 5744 5944
5845 5844 5846 5745 5945
5846 5845 5847 5746 5946
5847 5846 5848 5747 5947
5848 5847 5849 5748 5948
5849 5848 5850 5749 5949
5850 5849 5851 5750 5950
5851 5850 5852 5751 5951
5852 5851 5853 5752 5952
5853 5852 5854 5753 5953
5854 5853 5855 5754 5954
5855 5854 5856 5755 5955
5856 5855 5857 5756 5956
5857 5856 5858 5757 5957
5858 5857 5859 5758 5958
5859 5858 5860 5759 5959
5860 5859 5861 5760 5960
5861 5860 5862 5761 5961
5862 5861 5863 5762 5962
5863 5862 5864 5763 5963
5864 5863 5865 5764 5964
5865 5864 5866 5765 5965
5866 5865 5867 5766 5966
5867 5866 5868 5767 5967
5868 5867 5869 5768 5968
5869 5868 5870 5769 5969
5870 5869 5871 5770 5970
5871 5870 5872 5771 5971
5872 5871 5873 5772 5972
5873 5872 5874 5773 5973
5874 5873 5875 5774 5974
5875 5874 5876 5775 5975
5876 5875 5877 5776 5976
5877 5876 5878 5777 5977
5878 5877 5879 5778 5978
5879 5878 5880 5779 5979
5880 5879 5881 5780 5980
5881 5880 5882 5781 5981
5882 5881 5883 5782 5982
5883 5882 5884 5783 5983
5884 5883 5885 5784 5984
5885 5884 5886 5785 5985
5886 5885 5887 5786 5986
5887 5886 5888 5787 5987
5888 5887 5889 5788 5988
5889 5888 5890 5789 5989
5890 5889 5891 5790 5990
5891 5890 5892 5791 5991
5892 5891 5893 5792 5992
5893 5892 5894 5793 5993
5894 5893 5895 5794 5994
5895 5894 5896 5795 5995
5896 5895 5897 5796 5996
5897 5896 5898 5797 5997
5898 5897 5899 5798 5998
5899 5898 5800 5799 5999
5900 5999 5901 5800 6000
5901 5900 5902 5801 6001
5902 5901 5903 5802 6002
5903 5902 5904 5803 6003
5904 5903 5905 5804 6004
5905 5904 5906 5805 6005
5906 5905 5907 5806 6006
5907 5906 5908 5807 6007
5908 5907 5909 5808 6008
5909 5908 5910 5809 6009
5910 5909 5911 5810 6010
5911 5910 5912 5811 6011
5912 5911 5913 5812 6012
5913 5912 5914 5813 6013
5914 5913 5915 5814 6014
5915 5914 5916 5815 6015
5916 5915 5917 5816 6016
5917 5916 5918 5817 6017
5918 5917 5919 5818 6018
5919 5918 5920 5819 6019
5920 5919 5921 5820 6020
5921 5920 5922 5821 6021
5922 5921 5923 5822 6022
5923 5922 5924 5823 6023
5924 5923 5925 5824 6024
5925 5924 5926 5825 6025
5926 5925 5927 5826 6026
5927 5926 5928 5827 6027
5928 5927 5929 5828 6028
5929 5928 5930 5829 6029
5930 5929 5931 5830 6030
5931 5930 5932 5831 6031
5932 5931 5933 5832 6032
5933 5932 5934 5833 6033
5934 5933 5935 5834 6034
5935 5934 5936 5835 6035
5936 5935 5937 5836 6036
5937 5936 5938 5837 6037
5938 5937 5939 5838 6038
5939 5938 5940 5839 6039
5940 5939 5941 5840 6040
5941 5940 5942 5841 6041
5942 5941 5943 5842 6042
5943 5942 5944 5843 6043
5944 5943 5945 5844 6044
5945 5944 5946 5845 6045
5946 5945 5947 5846 6046
5947 5946 5948 5847 6047
5948 5947 5949 5848 6048
5949 5948 5950 5849 6049
5950 5949 5951 5850 6050
5951 5950 5952 5851 6051
5952 5951 5953 5852 6052
5953 5952 5954 5853 6053
5954 5953 5955 5854 6054
5955 5954 5956 5855 6055
5956 5955 5957 5856 6056
5957 5956 5958 5857 6057
5958 5957 5959 5858 6058
5959 5958 5960 5859 6059
5960 5959 5961 5860 6060
5961 5960 5962 5861 6061
5962 5961 5963 5862 6062
5963 5962 5964 5863 6063
5964 5963 5965 5864 6064
5965 5964 5966 5865 6065
5966 5965 5967 5866 6066
5967 5966 5968 5867 6067
5968 5967 5969 5868 6068
5969 5968 5970 5869 6069
5970 5969 5971 5870 6070
5971 5970 5972 5871 6071
5972 5971 5973 5872 6072
5973 5972 5974 5873 6073
5974 5973 5975 5874 6074
5975 5974 5976 5875 6075
5976 5975 5977 5876 6076
5977 5976 5978 5877 6077
5978 5977 5979 5878 6078
5979 5978 5980 5879 6079
5980 5979 5981 5880 6080
5981 5980 5982 5881 6081
5982 5981 5983 5882 6082
5983 5982 5984 5883 6083
5984 5983 5985 5884 6084
5985 5984 5986 5885 6085
5986 5985 5987 5886 6086
5987 5986 5988 5887 6087
5988 5987 5989 5888 6088
5989 5988 5990 5889 6089
5990 5989 5991 5890 6090
5991 5990 5992 5891 6091
5992 5991 5993 5892 6092
5993 5992 5994 5893 6093
5994 5993 5995 5894 6094
5995 5994 5996 5895 6095
5996 5995 5997 5896 6096
5997 5996 5998 5897 6097
5998 5997 5999 5898 6098
5999 5998 5900 5899 6099
6000 6099 6001 5900 6100
6001 6000 6002 5901 6101
6002 6001 6003 5902 6102
6003 6002 6004 5903 6103
6004 6003 6005 5904 6104
6005 6004 6006 5905 6105
6006 6005 6007 5906 6106
6007 6006 6008 5907 6107
6008 6007 6009 5908 6108
6009 6008 6010 5909 6109
6010 6009 6011 5910 6110
6011 6010 6012 5911 6111
6012 6011 6013 5912 6112
6013 6012 6014 5913 6113
6014 6013 6015 5914 6114
6015 6014 6016 5915 6115
6016 6015 6017 5916 6116
6017 6016 6018 5917 6117
6018 6017 6019 5918 6118
6019 6018 6020 5919 6119
6020 6019 6021 5920 6120
6021 6020 6022 5921 6121
6022 6021 6023 5922 6122
6023 6022 6024 5923 6123
6024 6023 6025 5924 6124
6025 6024 6026 5925 6125
6026 6025 6027 5926 6126
6027 6026 6028 5927 6127
6028 6027 6029 5928 6128
6029 6028 6030 5929 6129
6030 6029 6031 5930 6130
6031 6030 6032 5931 6131
6032 6031 6033 5932 6132
6033 6032 6034 5933 6133
6034 6033 6035 5934 6134
6035 6034 6036 5935 6135
6036 6035 6037 5936 6136
6037 6036 6038 5937 6137
6038 6037 6039 5938 6138
6039 6038 6040 5939 6139
6040 6039 6041 5940 6140
6041 6040 6042 5941 6141
6042 6041 6043 5942 6142
6043 6042 6044 5943 6143
6044 6043 6045 5944 6144
6045 6044 6046 5945 6145
6046 6045 6047 5946 6146
6047 6046 6048 5947 6147
6048 6047 6049 5948 6148
6049 6048 6050 5949 6149
6050 6049 6051 5950 6150
6051 6050 6052 5951 6151
6052 6051 6053 5952 6152
6053 6052 6054 5953 6153
6054 6053 6055 5954 6154
6055 6054 6056 5955 6155
6056 6055 6057 5956 6156
6057 6056 6058 5957 6157
6058 6057 6059 5958 6158
6059 6058 6060 5959 6159
6060 6059 6061 5960 6160
6061 6060 6062 5961 6161
6062 6061 6063 5962 6162
6063 6062 6064 5963 6163
6064 6063 6065 5964 6164
6065 6064 6066 5965 6165
6066 6065 6067 5966 6166
6067 6066 6068 5967 6167
6068 6067 6069 5968 6168
6069 6068 6070 5969 6169
6070 6069 6071 5970 6170
6071 6070 6072 5971 6171
6072 6071 6073 5972 6172
6073 6072 6074 5973 6173
6074 6073 6075 5974 6174
6075 6074 6076 5975 6175
6076 6075 6077 5976 6176
6077 6076 6078 5977 6177
6078 6077 6079 5978 6178
6079 6078 6080 5979 6179
6080 6079 6081 5980 6180
6081 6080 6082 5981 6181
6082 6081 6083 5982 6182
6083 6082 6084 5983 6183
6084 6083 6085 5984 6184
6085 6084 6086 5985 6185
6086 6085 6087 5986 6186
6087 6086 6088 5987 6187
6088 6087 6089 5988 6188
6089 6088 6090 5989 6189
6090 6089 6091 5990 6190
6091 6090 6092 5991 6191
6092 6091 6093 5992 6192
6093 6092 6094 5993 6193
6094 6093 6095 5994 6194
6095 6094 6096 5995 6195
6096 6095 6097 5996 6196
6097 6096 6098 5997 6197
6098 6097 6099 5998 6198
6099 6098 6000 5999 6199
6100 6199 6101 6000 6200
6101 6100 6102 6001 6201
6102 6101 6103 6002 6202
6103 6102 6104 6003 6203
6104 6103 6105 6004 6204
6105 6104 6106 6005 6205
6106 6105 6107 6006 6206
6107 6106 6108 6007 6207
6108 6107 6109 6008 6208
6109 6108 6110 6009 6209
6110 6109 6111 6010 6210
6111 6110 6112 6011 6211
6112 6111 6113 6012 6212
6113 6112 6114 6013 6213
6114 6113 6115 6014 6214
6115 6114 6116 6015 6215
6116 6115 6117 6016 6216
6117 6116 6118 6017 6217
6118 6117 6119 6018 6218
6119 6118 6120 6019 6219
6120 6119 6121 6020 6220
6121 6120 6122 6021 6221
6122 6121 6123 6022 6222
6123 6122 6124 6023 6223
6124 6123 6125 6024 6224
6125 6124 6126 6025 6225
6126 6125 6127 6026 6226
6127 6126 6128 6027 6227
6128 6127 6129 6028 6228
6129 6128 6130 6029 6229
6130 6129 6131 6030 6230
6131 6130 6132 6031 6231
6132 6131 6133 6032 6232
6133 6132 6134 6033 6233
6134 6133 6135 6034 6234
6135 6134 6136 6035 6235
6136 6135 6137 6036 6236
6137 6136 6138 6037 6237
6138 6137 6139 6038 6238
6139 6138 6140 6039 6239
6140 6139 6141 6040 6240
6141 6140 6142 6041 6241
6142 6141 6143 6042 6242
6143 6142 6144 6043 6243
6144 6143 6145 6044 6244
6145 6144 6146 6045 6245
6146 6145 6147 6046 6246
6147 6146 6148 6047 6247
6148 6147 6149 6048 6248
6149 6148 6150 6049 6249
6150 6149 6151 6050 6250
6151 6150 6152 6051 6251
6152 6151 6153 6052 6252
6153 6152 6154 6053 6253
6154 6153 6155 6054 6254
6155 6154 6156 6055 6255
6156 6155 6157 6056 6256
6157 6156 6158 6057 6257
6158 6157 6159 6058 6258
6159 6158 6160 6059 6259
6160 6159 6161 6060 6260
6161 6160 6162 6061 6261
6162 6161 6163 6062 6262
6163 6162 6164 6063 6263
6164 6163 6165 6064 6264
6165 6164 6166 6065 6265
6166 6165 6167 6066 6266
6167 6166 6168 6067 6267
6168 6167 6169 6068 6268
6169 6168 6170 6069 6269
6170 6169 6171 6070 6270
6171 6170 6172 6071 6271
6172 6171 6173 6072 6272
6173 6172 6174 6073 6273
6174 6173 6175 6074 6274
6175 6174 6176 6075 6275
6176 6175 6177 6076 6276
6177 6176 6178 6077 6277
6178 6177 6179 6078 6278
6179 6178 6180 6079 6279
6180 6179 6181 6080 6280
6181 6180 6182 6081 6281
6182 6181 6183 6082 6282
6183 6182 6184 6083 6283
6184 6183 6185 6084 6284
6185 6184 6186 6085 6285
6186 6185 6187 6086 6286
6187 6186 6188 6087 6287
6188 6187 6189 6088 6288
6189 6188 6190 6089 6289
6190 6189 6191 6090 6290
6191 6190 6192 6091 6291
6192 6191 6193 6092 6292
6193 6192 6194 6093 6293
6194 6193 6195 6094 6294
6195 6194 6196 6095 6295
6196 6195 6197 6096 6296
6197 6196 6198 6097 6297
6198 6197 6199 6098 6298
6199 6198 6100 6099 6299
6200 6299 6201 6100 6300
6201 6200 6202 6101 6301
6202 6201 6203 6102 6302
6203 6202 6204 6103 6303
6204 6203 6205 6104 6304
6205 6204 6206 6105 6305
6206 6205 6207 6106 6306
6207 6206 6208 6107 6307
6208 6207 6209 6108 6308
6209 6208 6210 6109 6309
6210 6209 6211 6110 6310
6211 6210 6212 6111 6311
6212 6211 6213 6112 6312
6213 6212 6214 6113 6313
6214 6213 6215 6114 6314
6215 6214 6216 6115 6315
6216 6215 6217 6116 6316
6217 6216 6218 6117 6317
6218 6217 6219 6118 6318
6219 6218 6220 6119 6319
6220 6219 6221 6120 6320
6221 6220 6222 6121 6321
6222 6221 6223 6122 6322
6223 6222 6224 6123 6323
6224 6223 6225 6124 6324
6225 6224 6226 6125 6325
6226 6225 6227 6126 6326
6227 6226 6228 6127 6327
6228 6227 6229 6128 6328
6229 6228 6230 6129 6329
6230 6229 6231 6130 6330
6231 6230 6232 6131 6331
6232 6231 6233 6132 6332
6233 6232 6234 6133 6333
6234 6233 6235 6134 6334
6235 6234 6236 6135 6335
6236 6235 6237 6136 6336
6237 6236 6238 6137 6337
6238 6237 6239 6138 6338
6239 6238 6240 6139 6339
6240 6239 6241 6140 6340
6241 6240 6242 6141 6341
6242 6241 6243 6142 6342
6243 6242 6244 6143 6343
6244 6243 6245 6144 6344
6245 6244 6246 6145 6345
6246 6245 6247 6146 6346
6247 6246 6248 6147 6347
6248 6247 6249 6148 6348
6249 6248 6250 6149 6349
6250 6249 6251 6150 6350
6251 6250 6252 6151 6351
6252 6251 6253 6152 6352
6253 6252 6254 6153 6353
6254 6253 6255 6154 6354
6255 6254 6256 6155 6355
6256 6255 6257 6156 6356
6257 6256 6258 6157 6357
6258 6257 6259 6158 6358
6259 6258 6260 6159 6359
6260 6259 6261 6160 6360
6261 6260 6262 6161 6361
6262 6261 6263 6162 6362
6263 6262 6264 6163 6363
6264 6263 6265 6164 6364
6265 6264 6266 6165 6365
6266 6265 6267 6166 6366
6267 6266 6268 6167 6367
6268 6267 6269 6168 6368
6269 6268 6270 6169 6369
6270 6269 6271 6170 6370
6271 6270 6272 6171 6371
6272 6271 6273 6172 6372
6273 6272 6274 6173 6373
6274 6273 6275 6174 6374
6275 6274 6276 6175 6375
6276 6275 6277 6176 6376
6277 6276 6278 6177 6377
6278 6277 6279 6178 6378
6279 6278 6280 6179 6379
6280 6279 6281 6180 6380
6281 6280 6282 6181 6381
6282 6281 6283 6182 6382
6283 6282 6284 6183 6383
6284 6283 6285 6184 6384
6285 6284 6286 6185 6385
6286 6285 6287 6186 6386
6287 6286 6288 6187 6387
6288 6287 6289 6188 6388
6289 6288 6290 6189 6389
6290 6289 6291 6190 6390
6291 6290 6292 6191 6391
6292 6291 6293 6192 6392
6293 6292 6294 6193 6393
6294 6293 6295 6194 6394
6295 6294 6296 6195 6395
6296 6295 6297 6196 6396
6297 6296 6298 6197 6397
6298 6297 6299 6198 6398
6299 6298 6200 6199 6399
6300 6399 6301 6200 6400
6301 6300 6302 6201 6401
6302 6301 6303 6202 6402
6303 6302 6304 6203 6403
6304 6303 6305 6204 6404
6305 6304 6306 6205 6405
6306 6305 6307 6206 6406
6307 6306 6308 6207 6407
6308 6307 6309 6208 6408
6309 6308 6310 6209 6409
6310 6309 6311 6210 6410
6311 6310 6312 6211 6411
6312 6311 6313 6212 6412
6313 6312 6314 6213 6413
6314 6313 6315 6214 6414
6315 6314 6316 6215 6415
6316 6315 6317 6216 6416
6317 6316 6318 6217 6417
6318 6317 6319 6218 6418
6319 6318 6320 6219 6419
6320 6319 6321 6220 6420
6321 6320 6322 6221 6421
6322 6321 6323 6222 6422
6323 6322 6324 6223 6423
6324 6323 6325 6224 6424
6325 6324 6326 6225 6425
6326 6325 6327 6226 6426
6327 6326 6328 6227 6427
6328 6327 6329 6228 6428
6329 6328 6330 6229 6429
6330 6329 6331 6230 6430
6331 6330 6332 6231 6431
6332 6331 6333 6232 6432
6333 6332 6334 6233 6433
6334 6333 6335 6234 6434
6335 6334 6336 6235 6435
6336 6335 6337 6236 6436
6337 6336 6338 6237 6437
6338 6337 6339 6238 6438
6339 6338 6340 6239 6439
6340 6339 6341 6240 6440
6341 6340 6342 6241 6441
6342 6341 6343 6242 6442
6343 6342 6344 6243 6443
6344 6343 6345 6244 6444
6345 6344 6346 6245 6445
6346 6345 6347 6246 6446
6347 6346 6348 6247 6447
6348 6347 6349 6248 6448
6349 6348 6350 6249 6449
6350 6349 6351 6250 6450
6351 6350 6352 6251 6451
6352 6351 6353 6252 6452
6353 6352 6354 6253 6453
6354 6353 6355 6254 6454
6355 6354 6356 6255 6455
6356 6355 6357 6256 6456
6357 6356 6358 6257 6457
6358 6357 6359 6258 6458
6359 6358 6360 6259 6459
6360 6359 6361 6260 6460
6361 6360 6362 6261 6461
6362 6361 6363 6262 6462
6363 6362 6364 6263 6463
6364 6363 6365 6264 6464
6365 6364 6366 6265 6465
6366 6365 6367 6266 6466
6367 6366 6368 6267 6467
6368 6367 6369 6268 6468
6369 6368 6370 6269 6469
6370 6369 6371 6270 6470
6371 6370 6372 6271 6471
6372 6371 6373 6272 6472
6373 6372 6374 6273 6473
6374 6373 6375 6274 6474
6375 6374 6376 6275 6475
6376 6375 6377 6276 6476
6377 6376 6378 6277 6477
6378 6377 6379 6278 6478
6379 6378 6380 6279 6479
6380 6379 6381 6280 6480
6381 6380 6382 6281 6481
6382 6381 6383 6282 6482
6383 6382 6384 6283 6483
6384 6383 6385 6284 6484
6385 6384 6386 6285 6485
6386 6385 6387 6286 6486
6387 6386 6388 6287 6487
6388 6387 6389 6288 6488
6389 6388 6390 6289 6489
6390 6389 6391 6290 6490
6391 6390 6392 6291 6491
6392 6391 6393 6292 6492
6393 6392 6394 6293 6493
6394 6393 6395 6294 6494
6395 6394 6396 6295 6495
6396 6395 6397 6296 6496
6397 6396 6398 6297 6497
6398 6397 6399 6298 6498
6399 6398 6300 6299 6499
6400 6499 6401 6300 6500
6401 6400 6402 6301 6501
6402 6401 6403 6302 6502
6403 6402 6404 6303 6503
6404 6403 6405 6304 6504
6405 6404 6406 6305 6505
6406 6405 6407 6306 6506
6407 6406 6408 6307 6507
6408 6407 6409 6308 6508
6409 6408 6410 6309 6509
6410 6409 6411 6310 6510
6411 6410 6412 6311 6511
6412 6411 6413 6312 6512
6413 6412 6414 6313 6513
6414 6413 6415 6314 6514
6415 6414 6416 6315 6515
6416 6415 6417 6316 6516
6417 6416 6418 6317 6517
6418 6417 6419 6318 6518
6419 6418 6420 6319 6519
6420 6419 6421 6320 6520
6421 6420 6422 6321 6521
6422 6421 6423 6322 6522
6423 6422 6424 6323 6523
6424 6423 6425 6324 6524
6425 6424 6426 6325 6525
6426 6425 6427 6326 6526
6427 6426 6428 6327 6527
6428 6427 6429 6328 6528
6429 6428 6430 6329 6529
6430 6429 6431 6330 6530
6431 6430 6432 6331 6531
6432 6431 6433 6332 6532
6433 6432 6434 6333 6533
6434 6433 6435 6334 6534
6435 6434 6436 6335 6535
6436 6435 6437 6336 6536
6437 6436 6438 6337 6537
6438 6437 6439 6338 6538
6439 6438 6440 6339 6539
6440 6439 6441 6340 6540
6441 6440 6442 6341 6541
6442 6441 6443 6342 6542
6443 6442 6444 6343 6543
6444 6443 6445 6344 6544
6445 6444 6446 6345 6545
6446 6445 6447 6346 6546
6447 6446 6448 6347 6547
6448 6447 6449 6348 6548
6449 6448 6450 6349 6549
6450 6449 6451 6350 6550
6451 6450 6452 6351 6551
6452 6451 6453 6352 6552
6453 6452 6454 6353 6553
6454 6453 6455 6354 6554
6455 6454 6456 6355 6555
6456 6455 6457 6356 6556
6457 6456 6458 6357 6557
6458 6457 6459 6358 6558
6459 6458 6460 6359 6559
6460 6459 6461 6360 6560
6461 6460 6462 6361 6561
6462 6461 6463 6362 6562
6463 6462 6464 6363 6563
6464 6463 6465 6364 6564
6465 6464 6466 6365 6565
6466 6465 6467 6366 6566
6467 6466 6468 6367 6567
6468 6467 6469 6368 6568
6469 6468 6470 6369 6569
6470 6469 6471 6370 6570
6471 6470 6472 6371 6571
6472 6471 6473 6372 6572
6473 6472 6474 6373 6573
6474 6473 6475 6374 6574
6475 6474 6476 6375 6575
6476 6475 6477 6376 6576
6477 6476 6478 6377 6577
6478 6477 6479 6378 6578
6479 6478 6480 6379 6579
6480 6479 6481 6380 6580
6481 6480 6482 6381 6581
6482 6481 6483 6382 6582
6483 6482 6484 6383 6583
6484 6483 6485 6384 6584
6485 6484 6486 6385 6585
6486 6485 6487 6386 6586
6487 6486 6488 6387 6587
6488 6487 6489 6388 6588
6489 6488 6490 6389 6589
6490 6489 6491 6390 6590
6491 6490 6492 6391 6591
6492 6491 6493 6392 6592
6493 6492 6494 6393 6593
6494 6493 6495 6394 6594
6495 6494 6496 6395 6595
6496 6495 6497 6396 6596
6497 6496 6498 6397 6597
6498 6497 6499 6398 6598
6499 6498 6400 6399 6599
6500 6599 6501 6400 6600
6501 6500 6502 6401 6601
6502 6501 6503 6402 6602
6503 6502 6504 6403 6603
6504 6503 6505 6404 6604
6505 6504 6506 6405 6605
6506 6505 6507 6406 6606
6507 6506 6508 6407 6607
6508 6507 6509 6408 6608
6509 6508 6510 6409 6609
6510 6509 6511 6410 6610
6511 6510 6512 6411 6611
6512 6511 6513 6412 6612
6513 6512 6514 6413 6613
6514 6513 6515 6414 6614
6515 6514 6516 6415 6615
6516 6515 6517 6416 6616
6517 6516 6518 6417 6617
6518 6517 6519 6418 6618
6519 6518 6520 6419 6619
6520 6519 6521 6420 6620
6521 6520 6522 6421 6621
6522 6521 6523 6422 6622
6523 6522 6524 6423 6623
6524 6523 6525 6424 6624
6525 6524 6526 6425 6625
6526 6525 6527 6426 6626
6527 6526 6528 6427 6627
6528 6527 6529 6428 6628
6529 6528 6530 6429 6629
6530 6529 6531 6430 6630
6531 6530 6532 6431 6631
6532 6531 6533 6432 6632
6533 6532 6534 6433 6633
6534 6533 6535 6434 6634
6535 6534 6536 6435 6635
6536 6535 6537 6436 6636
6537 6536 6538 6437 6637
6538 6537 6539 6438 6638
6539 6538 6540 6439 6639
6540 6539 6541 6440 6640
6541 6540 6542 6441 6641
6542 6541 6543 6442 6642
6543 6542 6544 6443 6643
6544 6543 6545 6444 6644
6545 6544 6546 6445 6645
6546 6545 6547 6446 6646
6547 6546 6548 6447 6647
6548 6547 6549 6448 6648
6549 6548 6550 6449 6649
6550 6549 6551 6450 6650
6551 6550 6552 6451 6651
6552 6551 6553 6452 6652
6553 6552 6554 6453 6653
6554 6553 6555 6454 6654
6555 6554 6556 6455 6655
6556 6555 6557 6456 6656
6557 6556 6558 6457 6657
6558 6557 6559 6458 6658
6559 6558 6560 6459 6659
6560 6559 6561 6460 6660
6561 6560 6562 6461 6661
6562 6561 6563 6462 6662
6563 6562 6564 6463 6663
6564 6563 6565 6464 6664
6565 6564 6566 6465 6665
6566 6565 6567 6466 6666
6567 6566 6568 6467 6667
6568 6567 6569 6468 6668
6569 6568 6570 6469 6669
6570 6569 6571 6470 6670
6571 6570 6572 6471 6671
6572 6571 6573 6472 6672
6573 6572 6574 6473 6673
6574 6573 6575 6474 6674
6575 6574 6576 6475 6675
6576 6575 6577 6476 6676
6577 6576 6578 6477 6677
6578 6577 6579 6478 6678
6579 6578 6580 6479 6679
6580 6579 6581 6480 6680
6581 6580 6582 6481 6681
6582 6581 6583 6482 6682
6583 6582 6584 6483 6683
6584 6583 6585 6484 6684
6585 6584 6586 6485 6685
6586 6585 6587 6486 6686
6587 6586 6588 6487 6687
6588 6587 6589 6488 6688
6589 6588 6590 6489 6689
6590 6589 6591 6490 6690
6591 6590 6592 6491 6691
6592 6591 6593 6492 6692
6593 6592 6594 6493 6693
6594 6593 6595 6494 6694
6595 6594 6596 6495 6695
6596 6595 6597 6496 6696
6597 6596 6598 6497 6697
6598 6597 6599 6498 6698
6599 6598 6500 6499 6699
6600 6699 6601 6500 6700
6601 6600 6602 6501 6701
6602 6601 6603 6502 6702
6603 6602 6604 6503 6703
6604 6603 6605 6504 6704
6605 6604 6606 6505 6705
6606 6605 6607 6506 6706
6607 6606 6608 6507 6707
6608 6607 6609 6508 6708
6609 6608 6610 6509 6709
6610 6609 6611 6510 6710
6611 6610 6612 6511 6711
6612 6611 6613 6512 6712
6613 6612 6614 6513 6713
6614 6613 6615 6514 6714
6615 6614 6616 6515 6715
6616 6615 6617 6516 6716
6617 6616 6618 6517 6717
6618 6617 6619 6518 6718
6619 6618 6620 6519 6719
6620 6619 6621 6520 6720
6621 6620 6622 6521 6721
6622 6621 6623 6522 6722
6623 6622 6624 6523 6723
6624 6623 6625 6524 6724
6625 6624 6626 6525 6725
6626 6625 6627 6526 6726
6627 6626 6628 6527 6727
6628 6627 6629 6528 6728
6629 6628 6630 6529 6729
6630 6629 6631 6530 6730
6631 6630 6632 6531 6731
6632 6631 6633 6532 6732
6633 6632 6634 6533 6733
6634 6633 6635 6534 6734
6635 6634 6636 6535 6735
6636 6635 6637 6536 6736
6637 6636 6638 6537 6737
6638 6637 6639 6538 6738
6639 6638 6640 6539 6739
6640 6639 6641 6540 6740
6641 6640 6642 6541 6741
6642 6641 6643 6542 6742
6643 6642 6644 6543 6743
6644 6643 6645 6544 6744
6645 6644 6646 6545 6745
6646 6645 6647 6546 6746
6647 6646 6648 6547 6747
6648 6647 6649 6548 6748
6649 6648 6650 6549 6749
6650 6649 6651 6550 6750
6651 6650 6652 6551 6751
6652 6651 6653 6552 6752
6653 6652 6654 6553 6753
6654 6653 6655 6554 6754
6655 6654 6656 6555 6755
6656 6655 6657 6556 6756
6657 6656 6658 6557 6757
6658 6657 6659 6558 6758
6659 6658 6660 6559 6759
6660 6659 6661 6560 6760
6661 6660 6662 6561 6761
6662 6661 6663 6562 6762
6663 6662 6664 6563 6763
6664 6663 6665 6564 6764
6665 6664 6666 6565 6765
6666 6665 6667 6566 6766
6667 6666 6668 6567 6767
6668 6667 6669 6568 6768
6669 6668 6670 6569 6769
6670 6669 6671 6570 6770
6671 6670 6672 6571 6771
6672 6671 6673 6572 6772
6673 6672 6674 6573 6773
6674 6673 6675 6574 6774
6675 6674 6676 6575 6775
6676 6675 6677 6576 6776
6677 6676 6678 6577 6777
6678 6677 6679 6578 6778
6679 6678 6680 6579 6779
6680 6679 6681 6580 6780
6681 6680 6682 6581 6781
6682 6681 6683 6582 6782
6683 6682 6684 6583 6783
6684 6683 6685 6584 6784
6685 6684 6686 6585 6785
6686 6685 6687 6586 6786
6687 6686 6688 6587 6787
6688 6687 6689 6588 6788
6689 6688 6690 6589 6789
6690 6689 6691 6590 6790
6691 6690 6692 6591 6791
6692 6691 6693 6592 6792
6693 6692 6694 6593 6793
6694 6693 6695 6594 6794
6695 6694 6696 6595 6795
6696 6695 6697 6596 6796
6697 6696 6698 6597 6797
6698 6697 6699 6598 6798
6699 6698 6600 6599 6799
6700 6799 6701 6600 6800
6701 6700 6702 6601 6801
6702 6701 6703 6602 6802
6703 6702 6704 6603 6803
6704 6703 6705 6604 6804
6705 6704 6706 6605 6805
6706 6705 6707 6606 6806
6707 6706 6708 6607 6807
6708 6707 6709 6608 6808
6709 6708 6710 6609 6809
6710 6709 6711 6610 6810
6711 6710 6712 6611 6811
6712 6711 6713 6612 6812
6713 6712 6714 6613 6813
6714 6713 6715 6614 6814
6715 6714 6716 6615 6815
6716 6715 6717 6616 6816
6717 6716 6718 6617 6817
6718 6717 6719 6618 6818
6719 6718 6720 6619 6819
6720 6719 6721 6620 6820
6721 6720 6722 6621 6821
6722 6721 6723 6622 6822
6723 6722 6724 6623 6823
6724 6723 6725 6624 6824
6725 6724 6726 6625 6825
6726 6725 6727 6626 6826
6727 6726 6728 6627 6827
6728 6727 6729 6628 6828
6729 6728 6730 6629 6829
6730 6729 6731 6630 6830
6731 6730 6732 6631 6831
6732 6731 6733 6632 6832
6733 6732 6734 6633 6833
6734 6733 6735 6634 6834
6735 6734 6736 6635 6835
6736 6735 6737 6636 6836
6737 6736 6738 6637 6837
6738 6737 6739 6638 6838
6739 6738 6740 6639 6839
6740 6739 6741 6640 6840
6741 6740 6742 6641 6841
6742 6741 6743 6642 6842
6743 6742 6744 6643 6843
6744 6743 6745 6644 6844
6745 6744 6746 6645 6845
6746 6745 6747 6646 6846
6747 6746 6748 6647 6847
6748 6747 6749 6648 6848
6749 6748 6750 6649 6849
6750 6749 6751 6650 6850
6751 6750 6752 6651 6851
6752 6751 6753 6652 6852
6753 6752 6754 6653 6853
6754 6753 6755 6654 6854
6755 6754 6756 6655 6855
6756 6755 6757 6656 6856
6757 6756 6758 6657 6857
6758 6757 6759 6658 6858
6759 6758 6760 6659 6859
6760 6759 6761 6660 6860
6761 6760 6762 6661 6861
6762 6761 6763 6662 6862
6763 6762 6764 6663 6863
6764 6763 6765 6664 6864
6765 6764 6766 6665 6865
6766 6765 6767 6666 6866
6767 6766 6768 6667 6867
6768 6767 6769 6668 6868
6769 6768 6770 6669 6869
6770 6769 6771 6670 6870
6771 6770 6772 6671 6871
6772 6771 6773 6672 6872
6773 6772 6774 6673 6873
6774 6773 6775 6674 6874
6775 6774 6776 6675 6875
6776 6775 6777 6676 6876
6777 6776 6778 6677 6877
6778 6777 6779 6678 6878
6779 6778 6780 6679 6879
6780 6779 6781 6680 6880
6781 6780 6782 6681 6881
6782 6781 6783 6682 6882
6783 6782 6784 6683 6883
6784 6783 6785 6684 6884
6785 6784 6786 6685 6885
6786 6785 6787 6686 6886
6787 6786 6788 6687 6887
6788 6787 6789 6688 6888
6789 6788 6790 6689 6889
6790 6789 6791 6690 6890
6791 6790 6792 6691 6891
6792 6791 6793 6692 6892
6793 6792 6794 6693 6893
6794 6793 6795 6694 6894
6795 6794 6796 6695 6895
6796 6795 6797 6696 6896
6797 6796 6798 6697 6897
6798 6797 6799 6698 6898
6799 6798 6700 6699 6899
6800 6899 6801 6700 6900
6801 6800 6802 6701 6901
6802 6801 6803 6702 6902
6803 6802 6804 6703 6903
6804 6803 6805 6704 6904
6805 6804 6806 6705 6905
6806 6805 6807 6706 6906
6807 6806 6808 6707 6907
6808 6807 6809 6708 6908
6809 6808 6810 6709 6909
6810 6809 6811 6710 6910
6811 6810 6812 6711 6911
6812 6811 6813 6712 6912
6813 6812 6814 6713 6913
6814 6813 6815 6714 6914
6815 6814 6816 6715 6915
6816 6815 6817 6716 6916
6817 6816 6818 6717 6917
6818 6817 6819 6718 6918
6819 6818 6820 6719 6919
6820 6819 6821 6720 6920
6821 6820 6822 6721 6921
6822 6821 6823 6722 6922
6823 6822 6824 6723 6923
6824 6823 6825 6724 6924
6825 6824 6826 6725 6925
6826 6825 6827 6726 6926
6827 6826 6828 6727 6927
6828 6827 6829 6728 6928
6829 6828 6830 6729 6929
6830 6829 6831 6730 6930
6831 6830 6832 6731 6931
6832 6831 6833 6732 6932
6833 6832 6834 6733 6933
6834 6833 6835 6734 6934
6835 6834 6836 6735 6935
6836 6835 6837 6736 6936
6837 6836 6838 6737 6937
6838 6837 6839 6738 6938
6839 6838 6840 6739 6939
6840 6839 6841 6740 6940
6841 6840 6842 6741 6941
6842 6841 6843 6742 6942
6843 6842 6844 6743 6943
6844 6843 6845 6744 6944
6845 6844 6846 6745 6945
6846 6845 6847 6746 6946
6847 6846 6848 6747 6947
6848 6847 6849 6748 6948
6849 6848 6850 6749 6949
6850 6849 6851 6750 6950
6851 6850 6852 6751 6951
6852 6851 6853 6752 6952
6853 6852 6854 6753 6953
6854 6853 6855 6754 6954
6855 6854 6856 6755 6955
6856 6855 6857 6756 6956
6857 6856 6858 6757 6957
6858 6857 6859 6758 6958
6859 6858 6860 6759 6959
6860 6859 6861 6760 6960
6861 6860 6862 6761 6961
6862 6861 6863 6762 6962
6863 6862 6864 6763 6963
6864 6863 6865 6764 6964
6865 6864 6866 6765 6965
6866 6865 6867 6766 6966
6867 6866 6868 6767 6967
6868 6867 6869 6768 6968
6869 6868 6870 6769 6969
6870 6869 6871 6770 6970
6871 6870 6872 6771 6971
6872 6871 6873 6772 6972
6873 6872 6874 6773 6973
6874 6873 6875 6774 6974
6875 6874 6876 6775 6975
6876 6875 6877 6776 6976
6877 6876 6878 6777 6977
6878 6877 6879 6778 6978
6879 6878 6880 6779 6979
6880 6879 6881 6780 6980
6881 6880 6882 6781 6981
6882 6881 6883 6782 6982
6883 6882 6884 6783 6983
6884 6883 6885 6784 6984
6885 6884 6886 6785 6985
6886 6885 6887 6786 6986
6887 6886 6888 6787 6987
6888 6887 6889 6788 6988
6889 6888 6890 6789 6989
6890 6889 6891 6790 6990
6891 6890 6892 6791 6991
6892 6891 6893 6792 6992
6893 6892 6894 6793 6993
6894 6893 6895 6794 6994
6895 6894 6896 6795 6995
6896 6895 6897 6796 6996
6897 6896 6898 6797 6997
6898 6897 6899 6798 6998
6899 6898 6800 6799 6999
6900 6999 6901 6800 7000
6901 6900 6902 6801 7001
6902 6901 6903 6802 7002
6903 6902 6904 6803 7003
6904 6903 6905 6804 7004
6905 6904 6906 6805 7005
6906 6905 6907 6806 7006
6907 6906 6908 6807 7007
6908 6907 6909 6808 7008
6909 6908 6910 6809 7009
6910 6909 6911 6810 7010
6911 6910 6912 6811 7011
6912 6911 6913 6812 7012
6913 6912 6914 6813 7013
6914 6913 6915 6814 7014
6915 6914 6916 6815 7015
6916 6915 6917 6816 7016
6917 6916 6918 6817 7017
6918 6917 6919 6818 7018
6919 6918 6920 6819 7019
6920 6919 6921 6820 7020
6921 6920 6922 6821 7021
6922 6921 6923 6822 7022
6923 6922 6924 6823 7023
6924 6923 6925 6824 7024
6925 6924 6926 6825 7025
6926 6925 6927 6826 7026
6927 6926 6928 6827 7027
6928 6927 6929 6828 7028
6929 6928 6930 6829 7029
6930 6929 6931 6830 7030
6931 6930 6932 6831 7031
6932 6931 6933 6832 7032
6933 6932 6934 6833 7033
6934 6933 6935 6834 7034
6935 6934 6936 6835 7035
6936 6935 6937 6836 7036
6937 6936 6938 6837 7037
6938 6937 6939 6838 7038
6939 6938 6940 6839 7039
6940 6939 6941 6840 7040
6941 6940 6942 6841 7041
6942 6941 6943 6842 7042
6943 6942 6944 6843 7043
6944 6943 6945 6844 7044
6945 6944 6946 6845 7045
6946 6945 6947 6846 7046
6947 6946 6948 6847 7047
6948 6947 6949 6848 7048
6949 6948 6950 6849 7049
6950 6949 6951 6850 7050
6951 6950 6952 6851 7051
6952 6951 6953 6852 7052
6953 6952 6954 6853 7053
6954 6953 6955 6854 7054
6955 6954 6956 6855 7055
6956 6955 6957 6856 7056
6957 6956 6958 6857 7057
6958 6957 6959 6858 7058
6959 6958 6960 6859 7059
6960 6959 6961 6860 7060
6961 6960 6962 6861 7061
6962 6961 6963 6862 7062
6963 6962 6964 6863 7063
6964 6963 6965 6864 7064
6965 6964 6966 6865 7065
6966 6965 6967 6866 7066
6967 6966 6968 6867 7067
6968 6967 6969 6868 7068
6969 6968 6970 6869 7069
6970 6969 6971 6870 7070
6971 6970 6972 6871 7071
6972 6971 6973 6872 7072
6973 6972 6974 6873 7073
6974 6973 6975 6874 7074
6975 6974 6976 6875 7075
6976 6975 6977 6876 7076
6977 6976 6978 6877 7077
6978 6977 6979 6878 7078
6979 6978 6980 6879 7079
6980 6979 6981 6880 7080
6981 6980 6982 6881 7081
6982 6981 6983 6882 7082
6983 6982 6984 6883 7083
6984 6983 6985 6884 7084
6985 6984 6986 6885 7085
6986 6985 6987 6886 7086
6987 6986 6988 6887 7087
6988 6987 6989 6888 7088
6989 6988 6990 6889 7089
6990 6989 6991 6890 7090
6991 6990 6992 6891 7091
6992 6991 6993 6892 7092
6993 6992 6994 6893 7093
6994 6993 6995 6894 7094
6995 6994 6996 6895 7095
6996 6995 6997 6896 7096
6997 6996 6998 6897 7097
6998 6997 6999 6898 7098
6999 6998 6900 6899 7099
7000 7099 7001 6900 7100
7001 7000 7002 6901 7101
7002 7001 7003 6902 7102
7003 7002 7004 6903 7103
7004 7003 7005 6904 7104
7005 7004 7006 6905 7105
7006 7005 7007 6906 7106
7007 7006 7008 6907 7107
7008 7007 7009 6908 7108
7009 7008 7010 6909 7109
7010 7009 7011 6910 7110
7011 7010 7012 6911 7111
7012 7011 7013 6912 7112
7013 7012 7014 6913 7113
7014 7013 7015 6914 7114
7015 7014 7016 6915 7115
7016 7015 7017 6916 7116
7017 7016 7018 6917 7117
7018 7017 7019 6918 7118
7019 7018 7020 6919 7119
7020 7019 7021 6920 7120
7021 7020 7022 6921 7121
7022 7021 7023 6922 7122
7023 7022 7024 6923 7123
7024 7023 7025 6924 7124
7025 7024 7026 6925 7125
7026 7025 7027 6926 7126
7027 7026 7028 6927 7127
7028 7027 7029 6928 7128
7029 7028 7030 6929 7129
7030 7029 7031 6930 7130
7031 7030 7032 6931 7131
7032 7031 7033 6932 7132
7033 7032 7034 6933 7133
7034 7033 7035 6934 7134
7035 7034 7036 6935 7135
7036 7035 7037 6936 7136
7037 7036 7038 6937 7137
7038 7037 7039 6938 7138
7039 7038 7040 6939 7139
7040 7039 7041 6940 7140
7041 7040 7042 6941 7141
7042 7041 7043 6942 7142
7043 7042 7044 6943 7143
7044 7043 7045 6944 7144
7045 7044 7046 6945 7145
7046 7045 7047 6946 7146
7047 7046 7048 6947 7147
7048 7047 7049 6948 7148
7049 7048 7050 6949 7149
7050 7049 7051 6950 7150
7051 7050 7052 6951 7151
7052 7051 7053 6952 7152
7053 7052 7054 6953 7153
7054 7053 7055 6954 7154
7055 7054 7056 6955 7155
7056 7055 7057 6956 7156
7057 7056 7058 6957 7157
7058 7057 7059 6958 7158
7059 7058 7060 6959 7159
7060 7059 7061 6960 7160
7061 7060 7062 6961 7161
7062 7061 7063 6962 7162
7063 7062 7064 6963 7163
7064 7063 7065 6964 7164
7065 7064 7066 6965 7165
7066 7065 7067 6966 7166
7067 7066 7068 6967 7167
7068 7067 7069 6968 7168
7069 7068 7070 6969 7169
7070 7069 7071 6970 7170
7071 7070 7072 6971 7171
7072 7071 7073 6972 7172
7073 7072 7074 6973 7173
7074 7073 7075 6974 7174
7075 7074 7076 6975 7175
7076 7075 7077 6976 7176
7077 7076 7078 6977 7177
7078 7077 7079 6978 7178
7079 7078 7080 6979 7179
7080 7079 7081 6980 7180
7081 7080 7082 6981 7181
7082 7081 7083 6982 7182
7083 7082 7084 6983 7183
7084 7083 7085 6984 7184
7085 7084 7086 6985 7185
7086 7085 7087 6986 7186
7087 7086 7088 6987 7187
7088 7087 7089 6988 7188
7089 7088 7090 6989 7189
7090 7089 7091 6990 7190
7091 7090 7092 6991 7191
7092 7091 7093 6992 7192
7093 7092 7094 6993 7193
7094 7093 7095 6994 7194
7095 7094 7096 6995 7195
7096 7095 7097 6996 7196
7097 7096 7098 6997 7197
7098 7097 7099 6998 7198
7099 7098 7000 6999 7199
7100 7199 7101 7000 7200
7101 7100 7102 7001 7201
7102 7101 7103 7002 7202
7103 7102 7104 7003 7203
7104 7103 7105 7004 7204
7105 7104 7106 7005 7205
7106 7105 7107 7006 7206
7107 7106 7108 7007 7207
7108 7107 7109 7008 7208
7109 7108 7110 7009 7209
7110 7109 7111 7010 7210
7111 7110 7112 7011 7211
7112 7111 7113 7012 7212
7113 7112 7114 7013 7213
7114 7113 7115 7014 7214
7115 7114 7116 7015 7215
7116 7115 7117 7016 7216
7117 7116 7118 7017 7217
7118 7117 7119 7018 7218
7119 7118 7120 7019 7219
7120 7119 7121 7020 7220
7121 7120 7122 7021 7221
7122 7121 7123 7022 7222
7123 7122 7124 7023 7223
7124 7123 7125 7024 7224
7125 7124 7126 7025 7225
7126 7125 7127 7026 7226
7127 7126 7128 7027 7227
7128 7127 7129 7028 7228
7129 7128 7130 7029 7229
7130 7129 7131 7030 7230
7131 7130 7132 7031 7231
7132 7131 7133 7032 7232
7133 7132 7134 7033 7233
7134 7133 7135 7034 7234
7135 7134 7136 7035 7235
7136 7135 7137 7036 7236
7137 7136 7138 7037 7237
7138 7137 7139 7038 7238
7139 7138 7140 7039 7239
7140 7139 7141 7040 7240
7141 7140 7142 7041 7241
7142 7141 7143 7042 7242
7143 7142 7144 7043 7243
7144 7143 7145 7044 7244
7145 7144 7146 7045 7245
7146 7145 7147 7046 7246
7147 7146 7148 7047 7247
7148 7147 7149 7048 7248
7149 7148 7150 7049 7249
7150 7149 7151 7050 7250
7151 7150 7152 7051 7251
7152 7151 7153 7052 7252
7153 7152 7154 7053 7253
7154 7153 7155 7054 7254
7155 7154 7156 7055 7255
7156 7155 7157 7056 7256
7157 7156 7158 7057 7257
7158 7157 7159 7058 7258
7159 7158 7160 7059 7259
7160 7159 7161 7060 7260
7161 7160 7162 7061 7261
7162 7161 7163 7062 7262
7163 7162 7164 7063 7263
7164 7163 7165 7064 7264
7165 7164 7166 7065 7265
7166 7165 7167 7066 7266
7167 7166 7168 7067 7267
7168 7167 7169 7068 7268
7169 7168 7170 7069 7269
7170 7169 7171 7070 7270
7171 7170 7172 7071 7271
7172 7171 7173 7072 7272
7173 7172 7174 7073 7273
7174 7173 7175 7074 7274
7175 7174 7176 7075 7275
7176 7175 7177 7076 7276
7177 7176 7178 7077 7277
7178 7177 7179 7078 7278
7179 7178 7180 7079 7279
7180 7179 7181 7080 7280
7181 7180 7182 7081 7281
7182 7181 7183 7082 7282
7183 7182 7184 7083 7283
7184 7183 7185 7084 7284
7185 7184 7186 7085 7285
7186 7185 7187 7086 7286
7187 7186 7188 7087 7287
7188 7187 7189 7088 7288
7189 7188 7190 7089 7289
7190 7189 7191 7090 7290
7191 7190 7192 7091 7291
7192 7191 7193 7092 7292
7193 7192 7194 7093 7293
7194 7193 7195 7094 7294
7195 7194 7196 7095 7295
7196 7195 7197 7096 7296
7197 7196 7198 7097 7297
7198 7197 7199 7098 7298
7199 7198 7100 7099 7299
7200 7299 7201 7100 7300
7201 7200 7202 7101 7301
7202 7201 7203 7102 7302
7203 7202 7204 7103 7303
7204 7203 7205 7104 7304
7205 7204 7206 7105 7305
7206 7205 7207 7106 7306
7207 7206 7208 7107 7307
7208 7207 7209 7108 7308
7209 7208 7210 7109 7309
7210 7209 7211 7110 7310
7211 7210 7212 7111 7311
7212 7211 7213 7112 7312
7213 7212 7214 7113 7313
7214 7213 7215 7114 7314
7215 7214 7216 7115 7315
7216 7215 7217 7116 7316
7217 7216 7218 7117 7317
7218 7217 7219 7118 7318
7219 7218 7220 7119 7319
7220 7219 7221 7120 7320
7221 7220 7222 7121 7321
7222 7221 7223 7122 7322
7223 7222 7224 7123 7323
7224 7223 7225 7124 7324
7225 7224 7226 7125 7325
7226 7225 7227 7126 7326
7227 7226 7228 7127 7327
7228 7227 7229 7128 7328
7229 7228 7230 7129 7329
7230 7229 7231 7130 7330
7231 7230 7232 7131 7331
7232 7231 7233 7132 7332
7233 7232 7234 7133 7333
7234 7233 7235 7134 7334
7235 7234 7236 7135 7335
7236 7235 7237 7136 7336
7237 7236 7238 7137 7337
7238 7237 7239 7138 7338
7239 7238 7240 7139 7339
7240 7239 7241 7140 7340
7241 7240 7242 7141 7341
7242 7241 7243 7142 7342
7243 7242 7244 7143 7343
7244 7243 7245 7144 7344
7245 7244 7246 7145 7345
7246 7245 7247 7146 7346
7247 7246 7248 7147 7347
7248 7247 7249 7148 7348
7249 7248 7250 7149 7349
7250 7249 7251 7150 7350
7251 7250 7252 7151 7351
7252 7251 7253 7152 7352
7253 7252 7254 7153 7353
7254 7253 7255 7154 7354
7255 7254 7256 7155 7355
7256 7255 7257 7156 7356
7257 7256 7258 7157 7357
7258 7257 7259 7158 7358
7259 7258 7260 7159 7359
7260 7259 7261 7160 7360
7261 7260 7262 7161 7361
7262 7261 7263 7162 7362
7263 7262 7264 7163 7363
7264 7263 7265 7164 7364
7265 7264 7266 7165 7365
7266 7265 7267 7166 7366
7267 7266 7268 7167 7367
7268 7267 7269 7168 7368
7269 7268 7270 7169 7369
7270 7269 7271 7170 7370
7271 7270 7272 7171 7371
7272 7271 7273 7172 7372
7273 7272 7274 7173 7373
7274 7273 7275 7174 7374
7275 7274 7276 7175 7375
7276 7275 7277 7176 7376
7277 7276 7278 7177 7377
7278 7277 7279 7178 7378
7279 7278 7280 7179 7379
7280 7279 7281 7180 7380
7281 7280 7282 7181 7381
7282 7281 7283 7182 7382
7283 7282 7284 7183 7383
7284 7283 7285 7184 7384
7285 7284 7286 7185 7385
7286 7285 7287 7186 7386
7287 7286 7288 7187 7387
7288 7287 7289 7188 7388
7289 7288 7290 7189 7389
7290 7289 7291 7190 7390
7291 7290 7292 7191 7391
7292 7291 7293 7192 7392
7293 7292 7294 7193 7393
7294 7293 7295 7194 7394
7295 7294 7296 7195 7395
7296 7295 7297 7196 7396
7297 7296 7298 7197 7397
7298 7297 7299 7198 7398
7299 7298 7200 7199 7399
7300 7399 7301 7200 7400
7301 7300 7302 7201 7401
7302 7301 7303 7202 7402
7303 7302 7304 7203 7403
7304 7303 7305 7204 7404
7305 7304 7306 7205 7405
7306 7305 7307 7206 7406
7307 7306 7308 7207 7407
7308 7307 7309 7208 7408
7309 7308 7310 7209 7409
7310 7309 7311 7210 7410
7311 7310 7312 7211 7411
7312 7311 7313 7212 7412
7313 7312 7314 7213 7413
7314 7313 7315 7214 7414
7315 7314 7316 7215 7415
7316 7315 7317 7216 7416
7317 7316 7318 7217 7417
7318 7317 7319 7218 7418
7319 7318 7320 7219 7419
7320 7319 7321 7220 7420
7321 7320 7322 7221 7421
7322 7321 7323 7222 7422
7323 7322 7324 7223 7423
7324 7323 7325 7224 7424
7325 7324 7326 7225 7425
7326 7325 7327 7226 7426
7327 7326 7328 7227 7427
7328 7327 7329 7228 7428
7329 7328 7330 7229 7429
7330 7329 7331 7230 7430
7331 7330 7332 7231 7431
7332 7331 7333 7232 7432
7333 7332 7334 7233 7433
7334 7333 7335 7234 7434
7335 7334 7336 7235 7435
7336 7335 7337 7236 7436
7337 7336 7338 7237 7437
7338 7337 7339 7238 7438
7339 7338 7340 7239 7439
7340 7339 7341 7240 7440
7341 7340 7342 7241 7441
7342 7341 7343 7242 7442
7343 7342 7344 7243 7443
7344 7343 7345 7244 7444
7345 7344 7346 7245 7445
7346 7345 7347 7246 7446
7347 7346 7348 7247 7447
7348 7347 7349 7248 7448
7349 7348 7350 7249 7449
7350 7349 7351 7250 7450
7351 7350 7352 7251 7451
7352 7351 7353 7252 7452
7353 7352 7354 7253 7453
7354 7353 7355 7254 7454
7355 7354 7356 7255 7455
7356 7355 7357 7256 7456
7357 7356 7358 7257 7457
7358 7357 7359 7258 7458
7359 7358 7360 7259 7459
7360 7359 7361 7260 7460
7361 7360 7362 7261 7461
7362 7361 7363 7262 7462
7363 7362 7364 7263 7463
7364 7363 7365 7264 7464
7365 7364 7366 7265 7465
7366 7365 7367 7266 7466
7367 7366 7368 7267 7467
7368 7367 7369 7268 7468
7369 7368 7370 7269 7469
7370 7369 7371 7270 7470
7371 7370 7372 7271 7471
7372 7371 7373 7272 7472
7373 7372 7374 7273 7473
7374 7373 7375 7274 7474
7375 7374 7376 7275 7475
7376 7375 7377 7276 7476
7377 7376 7378 7277 7477
7378 7377 7379 7278 7478
7379 7378 7380 7279 7479
7380 7379 7381 7280 7480
7381 7380 7382 7281 7481
7382 7381 7383 7282 7482
7383 7382 7384 7283 7483
7384 7383 7385 7284 7484
7385 7384 7386 7285 7485
7386 7385 7387 7286 7486
7387 7386 7388 7287 7487
7388 7387 7389 7288 7488
7389 7388 7390 7289 7489
7390 7389 7391 7290 7490
7391 7390 7392 7291 7491
7392 7391 7393 7292 7492
7393 7392 7394 7293 7493
7394 7393 7395 7294 7494
7395 7394 7396 7295 7495
7396 7395 7397 7296 7496
7397 7396 7398 7297 7497
7398 7397 7399 7298 7498
7399 7398 7300 7299 7499
7400 7499 7401 7300 7500
7401 7400 7402 7301 7501
7402 7401 7403 7302 7502
7403 7402 7404 7303 7503
7404 7403 7405 7304 7504
7405 7404 7406 7305 7505
7406 7405 7407 7306 7506
7407 7406 7408 7307 7507
7408 7407 7409 7308 7508
7409 7408 7410 7309 7509
7410 7409 7411 7310 7510
7411 7410 7412 7311 7511
7412 7411 7413 7312 7512
7413 7412 7414 7313 7513
7414 7413 7415 7314 7514
7415 7414 7416 7315 7515
7416 7415 7417 7316 7516
7417 7416 7418 7317 7517
7418 7417 7419 7318 7518
7419 7418 7420 7319 7519
7420 7419 7421 7320 7520
7421 7420 7422 7321 7521
7422 7421 7423 7322 7522
7423 7422 7424 7323 7523
7424 7423 7425 7324 7524
7425 7424 7426 7325 7525
7426 7425 7427 7326 7526
7427 7426 7428 7327 7527
7428 7427 7429 7328 7528
7429 7428 7430 7329 7529
7430 7429 7431 7330 7530
7431 7430 7432 7331 7531
7432 7431 7433 7332 7532
7433 7432 7434 7333 7533
7434 7433 7435 7334 7534
7435 7434 7436 7335 7535
7436 7435 7437 7336 7536
7437 7436 7438 7337 7537
7438 7437 7439 7338 7538
7439 7438 7440 7339 7539
7440 7439 7441 7340 7540
7441 7440 7442 7341 7541
7442 7441 7443 7342 7542
7443 7442 7444 7343 7543
7444 7443 7445 7344 7544
7445 7444 7446 7345 7545
7446 7445 7447 7346 7546
7447 7446 7448 7347 7547
7448 7447 7449 7348 7548
7449 7448 7450 7349 7549
7450 7449 7451 7350 7550
7451 7450 7452 7351 7551
7452 7451 7453 7352 7552
7453 7452 7454 7353 7553
7454 7453 7455 7354 7554
7455 7454 7456 7355 7555
7456 7455 7457 7356 7556
7457 7456 7458 7357 7557
7458 7457 7459 7358 7558
7459 7458 7460 7359 7559
7460 7459 7461 7360 7560
7461 7460 7462 7361 7561
7462 7461 7463 7362 7562
7463 7462 7464 7363 7563
7464 7463 7465 7364 7564
7465 7464 7466 7365 7565
7466 7465 7467 7366 7566
7467 7466 7468 7367 7567
7468 7467 7469 7368 7568
7469 7468 7470 7369 7569
7470 7469 7471 7370 7570
7471 7470 7472 7371 7571
7472 7471 7473 7372 7572
7473 7472 7474 7373 7573
7474 7473 7475 7374 7574
7475 7474 7476 7375 7575
7476 7475 7477 7376 7576
7477 7476 7478 7377 7577
7478 7477 7479 7378 7578
7479 7478 7480 7379 7579
7480 7479 7481 7380 7580
7481 7480 7482 7381 7581
7482 7481 7483 7382 7582
7483 7482 7484 7383 7583
7484 7483 7485 7384 7584
7485 7484 7486 7385 7585
7486 7485 7487 7386 7586
7487 7486 7488 7387 7587
7488 7487 7489 7388 7588
7489 7488 7490 7389 7589
7490 7489 7491 7390 7590
7491 7490 7492 7391 7591
7492 7491 7493 7392 7592
7493 7492 7494 7393 7593
7494 7493 7495 7394 7594
7495 7494 7496 7395 7595
7496 7495 7497 7396 7596
7497 7496 7498 7397 7597
7498 7497 7499 7398 7598
7499 7498 7400 7399 7599
7500 7599 7501 7400 7600
7501 7500 7502 7401 7601
7502 7501 7503 7402 7602
7503 7502 7504 7403 7603
7504 7503 7505 7404 7604
7505 7504 7506 7405 7605
7506 7505 7507 7406 7606
7507 7506 7508 7407 7607
7508 7507 7509 7408 7608
7509 7508 7510 7409 7609
7510 7509 7511 7410 7610
7511 7510 7512 7411 7611
7512 7511 7513 7412 7612
7513 7512 7514 7413 7613
7514 7513 7515 7414 7614
7515 7514 7516 7415 7615
7516 7515 7517 7416 7616
7517 7516 7518 7417 7617
7518 7517 7519 7418 7618
7519 7518 7520 7419 7619
7520 7519 7521 7420 7620
7521 7520 7522 7421 7621
7522 7521 7523 7422 7622
7523 7522 7524 7423 7623
7524 7523 7525 7424 7624
7525 7524 7526 7425 7625
7526 7525 7527 7426 7626
7527 7526 7528 7427 7627
7528 7527 7529 7428 7628
7529 7528 7530 7429 7629
7530 7529 7531 7430 7630
7531 7530 7532 7431 7631
7532 7531 7533 7432 7632
7533 7532 7534 7433 7633
7534 7533 7535 7434 7634
7535 7534 7536 7435 7635
7536 7535 7537 7436 7636
7537 7536 7538 7437 7637
7538 7537 7539 7438 7638
7539 7538 7540 7439 7639
7540 7539 7541 7440 7640
7541 7540 7542 7441 7641
7542 7541 7543 7442 7642
7543 7542 7544 7443 7643
7544 7543 7545 7444 7644
7545 7544 7546 7445 7645
7546 7545 7547 7446 7646
7547 7546 7548 7447 7647
7548 7547 7549 7448 7648
7549 7548 7550 7449 7649
7550 7549 7551 7450 7650
7551 7550 7552 7451 7651
7552 7551 7553 7452 7652
7553 7552 7554 7453 7653
7554 7553 7555 7454 7654
7555 7554 7556 7455 7655
7556 7555 7557 7456 7656
7557 7556 7558 7457 7657
7558 7557 7559 7458 7658
7559 7558 7560 7459 7659
7560 7559 7561 7460 7660
7561 7560 7562 7461 7661
7562 7561 7563 7462 7662
7563 7562 7564 7463 7663
7564 7563 7565 7464 7664
7565 7564 7566 7465 7665
7566 7565 7567 7466 7666
7567 7566 7568 7467 7667
7568 7567 7569 7468 7668
7569 7568 7570 7469 7669
7570 7569 7571 7470 7670
7571 7570 7572 7471 7671
7572 7571 7573 7472 7672
7573 7572 7574 7473 7673
7574 7573 7575 7474 7674
7575 7574 7576 7475 7675
7576 7575 7577 7476 7676
7577 7576 7578 7477 7677
7578 7577 7579 7478 7678
7579 7578 7580 7479 7679
7580 7579 7581 7480 7680
7581 7580 7582 7481 7681
7582 7581 7583 7482 7682
7583 7582 7584 7483 7683
7584 7583 7585 7484 7684
7585 7584 7586 7485 7685
7586 7585 7587 7486 7686
7587 7586 7588 7487 7687
7588 7587 7589 7488 7688
7589 7588 7590 7489 7689
7590 7589 7591 7490 7690
7591 7590 7592 7491 7691
7592 7591 7593 7492 7692
7593 7592 7594 7493 7693
7594 7593 7595 7494 7694
7595 7594 7596 7495 7695
7596 7595 7597 7496 7696
7597 7596 7598 7497 7697
7598 7597 7599 7498 7698
7599 7598 7500 7499 7699
7600 7699 7601 7500 7700
7601 7600 7602 7501 7701
7602 7601 7603 7502 7702
7603 7602 7604 7503 7703
7604 7603 7605 7504 7704
7605 7604 7606 7505 7705
7606 7605 7607 7506 7706
7607 7606 7608 7507 7707
7608 7607 7609 7508 7708
7609 7608 7610 7509 7709
7610 7609 7611 7510 7710
7611 7610 7612 7511 7711
7612 7611 7613 7512 7712
7613 7612 7614 7513 7713
7614 7613 7615 7514 7714
7615 7614 7616 7515 7715
7616 7615 7617 7516 7716
7617 7616 7618 7517 7717
7618 7617 7619 7518 7718
7619 7618 7620 7519 7719
7620 7619 7621 7520 7720
7621 7620 7622 7521 7721
7622 7621 7623 7522 7722
7623 7622 7624 7523 7723
7624 7623 7625 7524 7724
7625 7624 7626 7525 7725
7626 7625 7627 7526 7726
7627 7626 7628 7527 7727
7628 7627 7629 7528 7728
7629 7628 7630 7529 7729
7630 7629 7631 7530 7730
7631 7630 7632 7531 7731
7632 7631 7633 7532 7732
7633 7632 7634 7533 7733
7634 7633 7635 7534 7734
7635 7634 7636 7535 7735
7636 7635 7637 7536 7736
7637 7636 7638 7537 7737
7638 7637 7639 7538 7738
7639 7638 7640 7539 7739
7640 7639 7641 7540 7740
7641 7640 7642 7541 7741
7642 7641 7643 7542 7742
7643 7642 7644 7543 7743
7644 7643 7645 7544 7744
7645 7644 7646 7545 7745
7646 7645 7647 7546 7746
7647 7646 7648 7547 7747
7648 7647 7649 7548 7748
7649 7648 7650 7549 7749
7650 7649 7651 7550 7750
7651 7650 7652 7551 7751
7652 7651 7653 7552 7752
7653 7652 7654 7553 7753
7654 7653 7655 7554 7754
7655 7654 7656 7555 7755
7656 7655 7657 7556 7756
7657 7656 7658 7557 7757
7658 7657 7659 7558 7758
7659 7658 7660 7559 7759
7660 7659 7661 7560 7760
7661 7660 7662 7561 7761
7662 7661 7663 7562 7762
7663 7662 7664 7563 7763
7664 7663 7665 7564 7764
7665 7664 7666 7565 7765
7666 7665 7667 7566 7766
7667 7666 7668 7567 7767
7668 7667 7669 7568 7768
7669 7668 7670 7569 7769
7670 7669 7671 7570 7770
7671 7670 7672 7571 7771
7672 7671 7673 7572 7772
7673 7672 7674 7573 7773
7674 7673 7675 7574 7774
7675 7674 7676 7575 7775
7676 7675 7677 7576 7776
7677 7676 7678 7577 7777
7678 7677 7679 7578 7778
7679 7678 7680 7579 7779
7680 7679 7681 7580 7780
7681 7680 7682 7581 7781
7682 7681 7683 7582 7782
7683 7682 7684 7583 7783
7684 7683 7685 7584 7784
7685 7684 7686 7585 7785
7686 7685 7687 7586 7786
7687 7686 7688 7587 7787
7688 7687 7689 7588 7788
7689 7688 7690 7589 7789
7690 7689 7691 7590 7790
7691 7690 7692 7591 7791
7692 7691 7693 7592 7792
7693 7692 7694 7593 7793
7694 7693 7695 7594 7794
7695 7694 7696 7595 7795
7696 7695 7697 7596 7796
7697 7696 7698 7597 7797
7698 7697 7699 7598 7798
7699 7698 7600 7599 7799
7700 7799 7701 7600 7800
7701 7700 7702 7601 7801
7702 7701 7703 7602 7802
7703 7702 7704 7603 7803
7704 7703 7705 7604 7804
7705 7704 7706 7605 7805
7706 7705 7707 7606 7806
7707 7706 7708 7607 7807
7708 7707 7709 7608 7808
7709 7708 7710 7609 7809
7710 7709 7711 7610 7810
7711 7710 7712 7611 7811
7712 7711 7713 7612 7812
7713 7712 7714 7613 7813
7714 7713 7715 7614 7814
7715 7714 7716 7615 7815
7716 7715 7717 7616 7816
7717 7716 7718 7617 7817
7718 7717 7719 7618 7818
7719 7718 7720 7619 7819
7720 7719 7721 7620 7820
7721 7720 7722 7621 7821
7722 7721 7723 7622 7822
7723 7722 7724 7623 7823
7724 7723 7725 7624 7824
7725 7724 7726 7625 7825
7726 7725 7727 7626 7826
7727 7726 7728 7627 7827
7728 7727 7729 7628 7828
7729 7728 7730 7629 7829
7730 7729 7731 7630 7830
7731 7730 7732 7631 7831
7732 7731 7733 7632 7832
7733 7732 7734 7633 7833
7734 7733 7735 7634 7834
7735 7734 7736 7635 7835
7736 7735 7737 7636 7836
7737 7736 7738 7637 7837
7738 7737 7739 7638 7838
7739 7738 7740 7639 7839
7740 7739 7741 7640 7840
7741 7740 7742 7641 7841
7742 7741 7743 7642 7842
7743 7742 7744 7643 7843
7744 7743 7745 7644 7844
7745 7744 7746 7645 7845
7746 7745 7747 7646 7846
7747 7746 7748 7647 7847
7748 7747 7749 7648 7848
7749 7748 7750 7649 7849
7750 7749 7751 7650 7850
7751 7750 7752 7651 7851
7752 7751 7753 7652 7852
7753 7752 7754 7653 7853
7754 7753 7755 7654 7854
7755 7754 7756 7655 7855
7756 7755 7757 7656 7856
7757 7756 7758 7657 7857
7758 7757 7759 7658 7858
7759 7758 7760 7659 7859
7760 7759 7761 7660 7860
7761 7760 7762 7661 7861
7762 7761 7763 7662 7862
7763 7762 7764 7663 7863
7764 7763 7765 7664 7864
7765 7764 7766 7665 7865
7766 7765 7767 7666 7866
7767 7766 7768 7667 7867
7768 7767 7769 7668 7868
7769 7768 7770 7669 7869
7770 7769 7771 7670 7870
7771 7770 7772 7671 7871
7772 7771 7773 7672 7872
7773 7772 7774 7673 7873
7774 7773 7775 7674 7874
7775 7774 7776 7675 7875
7776 7775 7777 7676 7876
7777 7776 7778 7677 7877
7778 7777 7779 7678 7878
7779 7778 7780 7679 7879
7780 7779 7781 7680 7880
7781 7780 7782 7681 7881
7782 7781 7783 7682 7882
7783 7782 7784 7683 7883
7784 7783 7785 7684 7884
7785 7784 7786 7685 7885
7786 7785 7787 7686 7886
7787 7786 7788 7687 7887
7788 7787 7789 7688 7888
7789 7788 7790 7689 7889
7790 7789 7791 7690 7890
7791 7790 7792 7691 7891
7792 7791 7793 7692 7892
7793 7792 7794 7693 7893
7794 7793 7795 7694 7894
7795 7794 7796 7695 7895
7796 7795 7797 7696 7896
7797 7796 7798 7697 7897
7798 7797 7799 7698 7898
7799 7798 7700 7699 7899
7800 7899 7801 7700 7900
7801 7800 7802 7701 7901
7802 7801 7803 7702 7902
7803 7802 7804 7703 7903
7804 7803 7805 7704 7904
7805 7804 7806 7705 7905
7806 7805 7807 7706 7906
7807 7806 7808 7707 7907
7808 7807 7809 7708 7908
7809 7808 7810 7709 7909
7810 7809 7811 7710 7910
7811 7810 7812 7711 7911
7812 7811 7813 7712 7912
7813 7812 7814 7713 7913
7814 7813 7815 7714 7914
7815 7814 7816 7715 7915
7816 7815 7817 7716 7916
7817 7816 7818 7717 7917
7818 7817 7819 7718 7918
7819 7818 7820 7719 7919
7820 7819 7821 7720 7920
7821 7820 7822 7721 7921
7822 7821 7823 7722 7922
7823 7822 7824 7723 7923
7824 7823 7825 7724 7924
7825 7824 7826 7725 7925
7826 7825 7827 7726 7926
7827 7826 7828 7727 7927
7828 7827 7829 7728 7928
7829 7828 7830 7729 7929
7830 7829 7831 7730 7930
7831 7830 7832 7731 7931
7832 7831 7833 7732 7932
7833 7832 7834 7733 7933
7834 7833 7835 7734 7934
7835 7834 7836 7735 7935
7836 7835 7837 7736 7936
7837 7836 7838 7737 7937
7838 7837 7839 7738 7938
7839 7838 7840 7739 7939
7840 7839 7841 7740 7940
7841 7840 7842 7741 7941
7842 7841 7843 7742 7942
7843 7842 7844 7743 7943
7844 7843 7845 7744 7944
7845 7844 7846 7745 7945
7846 7845 7847 7746 7946
7847 7846 7848 7747 7947
7848 7847 7849 7748 7948
7849 7848 7850 7749 7949
7850 7849 7851 7750 7950
7851 7850 7852 7751 7951
7852 7851 7853 7752 7952
7853 7852 7854 7753 7953
7854 7853 7855 7754 7954
7855 7854 7856 7755 7955
7856 7855 7857 7756 7956
7857 7856 7858 7757 7957
7858 7857 7859 7758 7958
7859 7858 7860 7759 7959
7860 7859 7861 7760 7960
7861 7860 7862 7761 7961
7862 7861 7863 7762 7962
7863 7862 7864 7763 7963
7864 7863 7865 7764 7964
7865 7864 7866 7765 7965
7866 7865 7867 7766 7966
7867 7866 7868 7767 7967
7868 7867 7869 7768 7968
7869 7868 7870 7769 7969
7870 7869 7871 7770 7970
7871 7870 7872 7771 7971
7872 7871 7873 7772 7972
7873 7872 7874 7773 7973
7874 7873 7875 7774 7974
7875 7874 7876 7775 7975
7876 7875 7877 7776 7976
7877 7876 7878 7777 7977
7878 7877 7879 7778 7978
7879 7878 7880 7779 7979
7880 7879 7881 7780 7980
7881 7880 7882 7781 7981
7882 7881 7883 7782 7982
7883 7882 7884 7783 7983
7884 7883 7885 7784 7984
7885 7884 7886 7785 7985
7886 7885 7887 7786 7986
7887 7886 7888 7787 7987
7888 7887 7889 7788 7988
7889 7888 7890 7789 7989
7890 7889 7891 7790 7990
7891 7890 7892 7791 7991
7892 7891 7893 7792 7992
7893 7892 7894 7793 7993
7894 7893 7895 7794 7994
7895 7894 7896 7795 7995
7896 7895 7897 7796 7996
7897 7896 7898 7797 7997
7898 7897 7899 7798 7998
7899 7898 7800 7799 7999
7900 7999 7901 7800 8000
7901 7900 7902 7801 8001
7902 7901 7903 7802 8002
7903 7902 7904 7803 8003
7904 7903 7905 7804 8004
7905 7904 7906 7805 8005
7906 7905 7907 7806 8006
7907 7906 7908 7807 8007
7908 7907 7909 7808 8008
7909 7908 7910 7809 8009
7910 7909 7911 7810 8010
7911 7910 7912 7811 8011
7912 7911 7913 7812 8012
7913 7912 7914 7813 8013
7914 7913 7915 7814 8014
7915 7914 7916 7815 8015
7916 7915 7917 7816 8016
7917 7916 7918 7817 8017
7918 7917 7919 7818 8018
7919 7918 7920 7819 8019
7920 7919 7921 7820 8020
7921 7920 7922 7821 8021
7922 7921 7923 7822 8022
7923 7922 7924 7823 8023
7924 7923 7925 7824 8024
7925 7924 7926 7825 8025
7926 7925 7927 7826 8026
7927 7926 7928 7827 8027
7928 7927 7929 7828 8028
7929 7928 7930 7829 8029
7930 7929 7931 7830 8030
7931 7930 7932 7831 8031
7932 7931 7933 7832 8032
7933 7932 7934 7833 8033
7934 7933 7935 7834 8034
7935 7934 7936 7835 8035
7936 7935 7937 7836 8036
7937 7936 7938 7837 8037
7938 7937 7939 7838 8038
7939 7938 7940 7839 8039
7940 7939 7941 7840 8040
7941 7940 7942 7841 8041
7942 7941 7943 7842 8042
7943 7942 7944 7843 8043
7944 7943 7945 7844 8044
7945 7944 7946 7845 8045
7946 7945 7947 7846 8046
7947 7946 7948 7847 8047
7948 7947 7949 7848 8048
7949 7948 7950 7849 8049
7950 7949 7951 7850 8050
7951 7950 7952 7851 8051
7952 7951 7953 7852 8052
7953 7952 7954 7853 8053
7954 7953 7955 7854 8054
7955 7954 7956 7855 8055
7956 7955 7957 7856 8056
7957 7956 7958 7857 8057
7958 7957 7959 7858 8058
7959 7958 7960 7859 8059
7960 7959 7961 7860 8060
7961 7960 7962 7861 8061
7962 7961 7963 7862 8062
7963 7962 7964 7863 8063
7964 7963 7965 7864 8064
7965 7964 7966 7865 8065
7966 7965 7967 7866 8066
7967 7966 7968 7867 8067
7968 7967 7969 7868 8068
7969 7968 7970 7869 8069
7970 7969 7971 7870 8070
7971 7970 7972 7871 8071
7972 7971 7973 7872 8072
7973 7972 7974 7873 8073
7974 7973 7975 7874 8074
7975 7974 7976 7875 8075
7976 7975 7977 7876 8076
7977 7976 7978 7877 8077
7978 7977 7979 7878 8078
7979 7978 7980 7879 8079
7980 7979 7981 7880 8080
7981 7980 7982 7881 8081
7982 7981 7983 7882 8082
7983 7982 7984 7883 8083
7984 7983 7985 7884 8084
7985 7984 7986 7885 8085
7986 7985 7987 7886 8086
7987 7986 7988 7887 8087
7988 7987 7989 7888 8088
7989 7988 7990 7889 8089
7990 7989 7991 7890 8090
7991 7990 7992 7891 8091
7992 7991 7993 7892 8092
7993 7992 7994 7893 8093
7994 7993 7995 7894 8094
7995 7994 7996 7895 8095
7996 7995 7997 7896 8096
7997 7996 7998 7897 8097
7998 7997 7999 7898 8098
7999 7998 7900 7899 8099
8000 8099 8001 7900 8100
8001 8000 8002 7901 8101
8002 8001 8003 7902 8102
8003 8002 8004 7903 8103
8004 8003 8005 7904 8104
8005 8004 8006 7905 8105
8006 8005 8007 7906 8106
8007 8006 8008 7907 8107
8008 8007 8009 7908 8108
8009 8008 8010 7909 8109
8010 8009 8011 7910 8110
8011 8010 8012 7911 8111
8012 8011 8013 7912 8112
8013 8012 8014 7913 8113
8014 8013 8015 7914 8114
8015 8014 8016 7915 8115
8016 8015 8017 7916 8116
8017 8016 8018 7917 8117
8018 8017 8019 7918 8118
8019 8018 8020 7919 8119
8020 8019 8021 7920 8120
8021 8020 8022 7921 8121
8022 8021 8023 7922 8122
8023 8022 8024 7923 8123
8024 8023 8025 7924 8124
8025 8024 8026 7925 8125
8026 8025 8027 7926 8126
8027 8026 8028 7927 8127
8028 8027 8029 7928 8128
8029 8028 8030 7929 8129
8030 8029 8031 7930 8130
8031 8030 8032 7931 8131
8032 8031 8033 7932 8132
8033 8032 8034 7933 8133
8034 8033 8035 7934 8134
8035 8034 8036 7935 8135
8036 8035 8037 7936 8136
8037 8036 8038 7937 8137
8038 8037 8039 7938 8138
8039 8038 8040 7939 8139
8040 8039 8041 7940 8140
8041 8040 8042 7941 8141
8042 8041 8043 7942 8142
8043 8042 8044 7943 8143
8044 8043 8045 7944 8144
8045 8044 8046 7945 8145
8046 8045 8047 7946 8146
8047 8046 8048 7947 8147
8048 8047 8049 7948 8148
8049 8048 8050 7949 8149
8050 8049 8051 7950 8150
8051 8050 8052 7951 8151
8052 8051 8053 7952 8152
8053 8052 8054 7953 8153
8054 8053 8055 7954 8154
8055 8054 8056 7955 8155
8056 8055 8057 7956 8156
8057 8056 8058 7957 8157
8058 8057 8059 7958 8158
8059 8058 8060 7959 8159
8060 8059 8061 7960 8160
8061 8060 8062 7961 8161
8062 8061 8063 7962 8162
8063 8062 8064 7963 8163
8064 8063 8065 7964 8164
8065 8064 8066 7965 8165
8066 8065 8067 7966 8166
8067 8066 8068 7967 8167
8068 8067 8069 7968 8168
8069 8068 8070 7969 8169
8070 8069 8071 7970 8170
8071 8070 8072 7971 8171
8072 8071 8073 7972 8172
8073 8072 8074 7973 8173
8074 8073 8075 7974 8174
8075 8074 8076 7975 8175
8076 8075 8077 7976 8176
8077 8076 8078 7977 8177
8078 8077 8079 7978 8178
8079 8078 8080 7979 8179
8080 8079 8081 7980 8180
8081 8080 8082 7981 8181
8082 8081 8083 7982 8182
8083 8082 8084 7983 8183
8084 8083 8085 7984 8184
8085 8084 8086 7985 8185
8086 8085 8087 7986 8186
8087 8086 8088 7987 8187
8088 8087 8089 7988 8188
8089 8088 8090 7989 8189
8090 8089 8091 7990 8190
8091 8090 8092 7991 8191
8092 8091 8093 7992 8192
8093 8092 8094 7993 8193
8094 8093 8095 7994 8194
8095 8094 8096 7995 8195
8096 8095 8097 7996 8196
8097 8096 8098 7997 8197
8098 8097 8099 7998 8198
8099 8098 8000 7999 8199
8100 8199 8101 8000 8200
8101 8100 8102 8001 8201
8102 8101 8103 8002 8202
8103 8102 8104 8003 8203
8104 8103 8105 8004 8204
8105 8104 8106 8005 8205
8106 8105 8107 8006 8206
8107 8106 8108 8007 8207
8108 8107 8109 8008 8208
8109 8108 8110 8009 8209
8110 8109 8111 8010 8210
8111 8110 8112 8011 8211
8112 8111 8113 8012 8212
8113 8112 8114 8013 8213
8114 8113 8115 8014 8214
8115 8114 8116 8015 8215
8116 8115 8117 8016 8216
8117 8116 8118 8017 8217
8118 8117 8119 8018 8218
8119 8118 8120 8019 8219
8120 8119 8121 8020 8220
8121 8120 8122 8021 8221
8122 8121 8123 8022 8222
8123 8122 8124 8023 8223
8124 8123 8125 8024 8224
8125 8124 8126 8025 8225
8126 8125 8127 8026 8226
8127 8126 8128 8027 8227
8128 8127 8129 8028 8228
8129 8128 8130 8029 8229
8130 8129 8131 8030 8230
8131 8130 8132 8031 8231
8132 8131 8133 8032 8232
8133 8132 8134 8033 8233
8134 8133 8135 8034 8234
8135 8134 8136 8035 8235
8136 8135 8137 8036 8236
8137 8136 8138 8037 8237
8138 8137 8139 8038 8238
8139 8138 8140 8039 8239
8140 8139 8141 8040 8240
8141 8140 8142 8041 8241
8142 8141 8143 8042 8242
8143 8142 8144 8043 8243
8144 8143 8145 8044 8244
8145 8144 8146 8045 8245
8146 8145 8147 8046 8246
8147 8146 8148 8047 8247
8148 8147 8149 8048 8248
8149 8148 8150 8049 8249
8150 8149 8151 8050 8250
8151 8150 8152 8051 8251
8152 8151 8153 8052 8252
8153 8152 8154 8053 8253
8154 8153 8155 8054 8254
8155 8154 8156 8055 8255
8156 8155 8157 8056 8256
8157 8156 8158 8057 8257
8158 8157 8159 8058 8258
8159 8158 8160 8059 8259
8160 8159 8161 8060 8260
8161 8160 8162 8061 8261
8162 8161 8163 8062 8262
8163 8162 8164 8063 8263
8164 8163 8165 8064 8264
8165 8164 8166 8065 8265
8166 8165 8167 8066 8266
8167 8166 8168 8067 8267
8168 8167 8169 8068 8268
8169 8168 8170 8069 8269
8170 8169 8171 8070 8270
8171 8170 8172 8071 8271
8172 8171 8173 8072 8272
8173 8172 8174 8073 8273
8174 8173 8175 8074 8274
8175 8174 8176 8075 8275
8176 8175 8177 8076 8276
8177 8176 8178 8077 8277
8178 8177 8179 8078 8278
8179 8178 8180 8079 8279
8180 8179 8181 8080 8280
8181 8180 8182 8081 8281
8182 8181 8183 8082 8282
8183 8182 8184 8083 8283
8184 8183 8185 8084 8284
8185 8184 8186 8085 8285
8186 8185 8187 8086 8286
8187 8186 8188 8087 8287
8188 8187 8189 8088 8288
8189 8188 8190 8089 8289
8190 8189 8191 8090 8290
8191 8190 8192 8091 8291
8192 8191 8193 8092 8292
8193 8192 8194 8093 8293
8194 8193 8195 8094 8294
8195 8194 8196 8095 8295
8196 8195 8197 8096 8296
8197 8196 8198 8097 8297
8198 8197 8199 8098 8298
8199 8198 8100 8099 8299
8200 8299 8201 8100 8300
8201 8200 8202 8101 8301
8202 8201 8203 8102 8302
8203 8202 8204 8103 8303
8204 8203 8205 8104 8304
8205 8204 8206 8105 8305
8206 8205 8207 8106 8306
8207 8206 8208 8107 8307
8208 8207 8209 8108 8308
8209 8208 8210 8109 8309
8210 8209 8211 8110 8310
8211 8210 8212 8111 8311
8212 8211 8213 8112 8312
8213 8212 8214 8113 8313
8214 8213 8215 8114 8314
8215 8214 8216 8115 8315
8216 8215 8217 8116 8316
8217 8216 8218 8117 8317
8218 8217 8219 8118 8318
8219 8218 8220 8119 8319
8220 8219 8221 8120 8320
8221 8220 8222 8121 8321
8222 8221 8223 8122 8322
8223 8222 8224 8123 8323
8224 8223 8225 8124 8324
8225 8224 8226 8125 8325
8226 8225 8227 8126 8326
8227 8226 8228 8127 8327
8228 8227 8229 8128 8328
8229 8228 8230 8129 8329
8230 8229 8231 8130 8330
8231 8230 8232 8131 8331
8232 8231 8233 8132 8332
8233 8232 8234 8133 8333
8234 8233 8235 8134 8334
8235 8234 8236 8135 8335
8236 8235 8237 8136 8336
8237 8236 8238 8137 8337
8238 8237 8239 8138 8338
8239 8238 8240 8139 8339
8240 8239 8241 8140 8340
8241 8240 8242 8141 8341
8242 8241 8243 8142 8342
8243 8242 8244 8143 8343
8244 8243 8245 8144 8344
8245 8244 8246 8145 8345
8246 8245 8247 8146 8346
8247 8246 8248 8147 8347
8248 8247 8249 8148 8348
8249 8248 8250 8149 8349
8250 8249 8251 8150 8350
8251 8250 8252 8151 8351
8252 8251 8253 8152 8352
8253 8252 8254 8153 8353
8254 8253 8255 8154 8354
8255 8254 8256 8155 8355
8256 8255 8257 8156 8356
8257 8256 8258 8157 8357
8258 8257 8259 8158 8358
8259 8258 8260 8159 8359
8260 8259 8261 8160 8360
8261 8260 8262 8161 8361
8262 8261 8263 8162 8362
8263 8262 8264 8163 8363
8264 8263 8265 8164 8364
8265 8264 8266 8165 8365
8266 8265 8267 8166 8366
8267 8266 8268 8167 8367
8268 8267 8269 8168 8368
8269 8268 8270 8169 8369
8270 8269 8271 8170 8370
8271 8270 8272 8171 8371
8272 8271 8273 8172 8372
8273 8272 8274 8173 8373
8274 8273 8275 8174 8374
8275 8274 8276 8175 8375
8276 8275 8277 8176 8376
8277 8276 8278 8177 8377
8278 8277 8279 8178 8378
8279 8278 8280 8179 8379
8280 8279 8281 8180 8380
8281 8280 8282 8181 8381
8282 8281 8283 8182 8382
8283 8282 8284 8183 8383
8284 8283 8285 8184 8384
8285 8284 8286 8185 8385
8286 8285 8287 8186 8386
8287 8286 8288 8187 8387
8288 8287 8289 8188 8388
8289 8288 8290 8189 8389
8290 8289 8291 8190 8390
8291 8290 8292 8191 8391
8292 8291 8293 8192 8392
8293 8292 8294 8193 8393
8294 8293 8295 8194 8394
8295 8294 8296 8195 8395
8296 8295 8297 8196 8396
8297 8296 8298 8197 8397
8298 8297 8299 8198 8398
8299 8298 8200 8199 8399
8300 8399 8301 8200 8400
8301 8300 8302 8201 8401
8302 8301 8303 8202 8402
8303 8302 8304 8203 8403
8304 8303 8305 8204 8404
8305 8304 8306 8205 8405
8306 8305 8307 8206 8406
8307 8306 8308 8207 8407
8308 8307 8309 8208 8408
8309 8308 8310 8209 8409
8310 8309 8311 8210 8410
8311 8310 8312 8211 8411
8312 8311 8313 8212 8412
8313 8312 8314 8213 8413
8314 8313 8315 8214 8414
8315 8314 8316 8215 8415
8316 8315 8317 8216 8416
8317 8316 8318 8217 8417
8318 8317 8319 8218 8418
8319 8318 8320 8219 8419
8320 8319 8321 8220 8420
8321 8320 8322 8221 8421
8322 8321 8323 8222 8422
8323 8322 8324 8223 8423
8324 8323 8325 8224 8424
8325 8324 8326 8225 8425
8326 8325 8327 8226 8426
8327 8326 8328 8227 8427
8328 8327 8329 8228 8428
8329 8328 8330 8229 8429
8330 8329 8331 8230 8430
8331 8330 8332 8231 8431
8332 8331 8333 8232 8432
8333 8332 8334 8233 8433
8334 8333 8335 8234 8434
8335 8334 8336 8235 8435
8336 8335 8337 8236 8436
8337 8336 8338 8237 8437
8338 8337 8339 8238 8438
8339 8338 8340 8239 8439
8340 8339 8341 8240 8440
8341 8340 8342 8241 8441
8342 8341 8343 8242 8442
8343 8342 8344 8243 8443
8344 8343 8345 8244 8444
8345 8344 8346 8245 8445
8346 8345 8347 8246 8446
8347 8346 8348 8247 8447
8348 8347 8349 8248 8448
8349 8348 8350 8249 8449
8350 8349 8351 8250 8450
8351 8350 8352 8251 8451
8352 8351 8353 8252 8452
8353 8352 8354 8253 8453
8354 8353 8355 8254 8454
8355 8354 8356 8255 8455
8356 8355 8357 8256 8456
8357 8356 8358 8257 8457
8358 8357 8359 8258 8458
8359 8358 8360 8259 8459
8360 8359 8361 8260 8460
8361 8360 8362 8261 8461
8362 8361 8363 8262 8462
8363 8362 8364 8263 8463
8364 8363 8365 8264 8464
8365 8364 8366 8265 8465
8366 8365 8367 8266 8466
8367 8366 8368 8267 8467
8368 8367 8369 8268 8468
8369 8368 8370 8269 8469
8370 8369 8371 8270 8470
8371 8370 8372 8271 8471
8372 8371 8373 8272 8472
8373 8372 8374 8273 8473
8374 8373 8375 8274 8474
8375 8374 8376 8275 8475
8376 8375 8377 8276 8476
8377 8376 8378 8277 8477
8378 8377 8379 8278 8478
8379 8378 8380 8279 8479
8380 8379 8381 8280 8480
8381 8380 8382 8281 8481
8382 8381 8383 8282 8482
8383 8382 8384 8283 8483
8384 8383 8385 8284 8484
8385 8384 8386 8285 8485
8386 8385 8387 8286 8486
8387 8386 8388 8287 8487
8388 8387 8389 8288 8488
8389 8388 8390 8289 8489
8390 8389 8391 8290 8490
8391 8390 8392 8291 8491
8392 8391 8393 8292 8492
8393 8392 8394 8293 8493
8394 8393 8395 8294 8494
8395 8394 8396 8295 8495
8396 8395 8397 8296 8496
8397 8396 8398 8297 8497
8398 8397 8399 8298 8498
8399 8398 8300 8299 8499
8400 8499 8401 8300 8500
8401 8400 8402 8301 8501
8402 8401 8403 8302 8502
8403 8402 8404 8303 8503
8404 8403 8405 8304 8504
8405 8404 8406 8305 8505
8406 8405 8407 8306 8506
8407 8406 8408 8307 8507
8408 8407 8409 8308 8508
8409 8408 8410 8309 8509
8410 8409 8411 8310 8510
8411 8410 8412 8311 8511
8412 8411 8413 8312 8512
8413 8412 8414 8313 8513
8414 8413 8415 8314 8514
8415 8414 8416 8315 8515
8416 8415 8417 8316 8516
8417 8416 8418 8317 8517
8418 8417 8419 8318 8518
8419 8418 8420 8319 8519
8420 8419 8421 8320 8520
8421 8420 8422 8321 8521
8422 8421 8423 8322 8522
8423 8422 8424 8323 8523
8424 8423 8425 8324 8524
8425 8424 8426 8325 8525
8426 8425 8427 8326 8526
8427 8426 8428 8327 8527
8428 8427 8429 8328 8528
8429 8428 8430 8329 8529
8430 8429 8431 8330 8530
8431 8430 8432 8331 8531
8432 8431 8433 8332 8532
8433 8432 8434 8333 8533
8434 8433 8435 8334 8534
8435 8434 8436 8335 8535
8436 8435 8437 8336 8536
8437 8436 8438 8337 8537
8438 8437 8439 8338 8538
8439 8438 8440 8339 8539
8440 8439 8441 8340 8540
8441 8440 8442 8341 8541
8442 8441 8443 8342 8542
8443 8442 8444 8343 8543
8444 8443 8445 8344 8544
8445 8444 8446 8345 8545
8446 8445 8447 8346 8546
8447 8446 8448 8347 8547
8448 8447 8449 8348 8548
8449 8448 8450 8349 8549
8450 8449 8451 8350 8550
8451 8450 8452 8351 8551
8452 8451 8453 8352 8552
8453 8452 8454 8353 8553
8454 8453 8455 8354 8554
8455 8454 8456 8355 8555
8456 8455 8457 8356 8556
8457 8456 8458 8357 8557
8458 8457 8459 8358 8558
8459 8458 8460 8359 8559
8460 8459 8461 8360 8560
8461 8460 8462 8361 8561
8462 8461 8463 8362 8562
8463 8462 8464 8363 8563
8464 8463 8465 8364 8564
8465 8464 8466 8365 8565
8466 8465 8467 8366 8566
8467 8466 8468 8367 8567
8468 8467 8469 8368 8568
8469 8468 8470 8369 8569
8470 8469 8471 8370 8570
8471 8470 8472 8371 8571
8472 8471 8473 8372 8572
8473 8472 8474 8373 8573
8474 8473 8475 8374 8574
8475 8474 8476 8375 8575
8476 8475 8477 8376 8576
8477 8476 8478 8377 8577
8478 8477 8479 8378 8578
8479 8478 8480 8379 8579
8480 8479 8481 8380 8580
8481 8480 8482 8381 8581
8482 8481 8483 8382 8582
8483 8482 8484 8383 8583
8484 8483 8485 8384 8584
8485 8484 8486 8385 8585
8486 8485 8487 8386 8586
8487 8486 8488 8387 8587
8488 8487 8489 8388 8588
8489 8488 8490 8389 8589
8490 8489 8491 8390 8590
8491 8490 8492 8391 8591
8492 8491 8493 8392 8592
8493 8492 8494 8393 8593
8494 8493 8495 8394 8594
8495 8494 8496 8395 8595
8496 8495 8497 8396 8596
8497 8496 8498 8397 8597
8498 8497 8499 8398 8598
8499 8498 8400 8399 8599
8500 8599 8501 8400 8600
8501 8500 8502 8401 8601
8502 8501 8503 8402 8602
8503 8502 8504 8403 8603
8504 8503 8505 8404 8604
8505 8504 8506 8405 8605
8506 8505 8507 8406 8606
8507 8506 8508 8407 8607
8508 8507 8509 8408 8608
8509 8508 8510 8409 8609
8510 8509 8511 8410 8610
8511 8510 8512 8411 8611
8512 8511 8513 8412 8612
8513 8512 8514 8413 8613
8514 8513 8515 8414 8614
8515 8514 8516 8415 8615
8516 8515 8517 8416 8616
8517 8516 8518 8417 8617
8518 8517 8519 8418 8618
8519 8518 8520 8419 8619
8520 8519 8521 8420 8620
8521 8520 8522 8421 8621
8522 8521 8523 8422 8622
8523 8522 8524 8423 8623
8524 8523 8525 8424 8624
8525 8524 8526 8425 8625
8526 8525 8527 8426 8626
8527 8526 8528 8427 8627
8528 8527 8529 8428 8628
8529 8528 8530 8429 8629
8530 8529 8531 8430 8630
8531 8530 8532 8431 8631
8532 8531 8533 8432 8632
8533 8532 8534 8433 8633
8534 8533 8535 8434 8634
8535 8534 8536 8435 8635
8536 8535 8537 8436 8636
8537 8536 8538 8437 8637
8538 8537 8539 8438 8638
8539 8538 8540 8439 8639
8540 8539 8541 8440 8640
8541 8540 8542 8441 8641
8542 8541 8543 8442 8642
8543 8542 8544 8443 8643
8544 8543 8545 8444 8644
8545 8544 8546 8445 8645
8546 8545 8547 8446 8646
8547 8546 8548 8447 8647
8548 8547 8549 8448 8648
8549 8548 8550 8449 8649
8550 8549 8551 8450 8650
8551 8550 8552 8451 8651
8552 8551 8553 8452 8652
8553 8552 8554 8453 8653
8554 8553 8555 8454 8654
8555 8554 8556 8455 8655
8556 8555 8557 8456 8656
8557 8556 8558 8457 8657
8558 8557 8559 8458 8658
8559 8558 8560 8459 8659
8560 8559 8561 8460 8660
8561 8560 8562 8461 8661
8562 8561 8563 8462 8662
8563 8562 8564 8463 8663
8564 8563 8565 8464 8664
8565 8564 8566 8465 8665
8566 8565 8567 8466 8666
8567 8566 8568 8467 8667
8568 8567 8569 8468 8668
8569 8568 8570 8469 8669
8570 8569 8571 8470 8670
8571 8570 8572 8471 8671
8572 8571 8573 8472 8672
8573 8572 8574 8473 8673
8574 8573 8575 8474 8674
8575 8574 8576 8475 8675
8576 8575 8577 8476 8676
8577 8576 8578 8477 8677
8578 8577 8579 8478 8678
8579 8578 8580 8479 8679
8580 8579 8581 8480 8680
8581 8580 8582 8481 8681
8582 8581 8583 8482 8682
8583 8582 8584 8483 8683
8584 8583 8585 8484 8684
8585 8584 8586 8485 8685
8586 8585 8587 8486 8686
8587 8586 8588 8487 8687
8588 8587 8589 8488 8688
8589 8588 8590 8489 8689
8590 8589 8591 8490 8690
8591 8590 8592 8491 8691
8592 8591 8593 8492 8692
8593 8592 8594 8493 8693
8594 8593 8595 8494 8694
8595 8594 8596 8495 8695
8596 8595 8597 8496 8696
8597 8596 8598 8497 8697
8598 8597 8599 8498 8698
8599 8598 8500 8499 8699
8600 8699 8601 8500 8700
8601 8600 8602 8501 8701
8602 8601 8603 8502 8702
8603 8602 8604 8503 8703
8604 8603 8605 8504 8704
8605 8604 8606 8505 8705
8606 8605 8607 8506 8706
8607 8606 8608 8507 8707
8608 8607 8609 8508 8708
8609 8608 8610 8509 8709
8610 8609 8611 8510 8710
8611 8610 8612 8511 8711
8612 8611 8613 8512 8712
8613 8612 8614 8513 8713
8614 8613 8615 8514 8714
8615 8614 8616 8515 8715
8616 8615 8617 8516 8716
8617 8616 8618 8517 8717
8618 8617 8619 8518 8718
8619 8618 8620 8519 8719
8620 8619 8621 8520 8720
8621 8620 8622 8521 8721
8622 8621 8623 8522 8722
8623 8622 8624 8523 8723
8624 8623 8625 8524 8724
8625 8624 8626 8525 8725
8626 8625 8627 8526 8726
8627 8626 8628 8527 8727
8628 8627 8629 8528 8728
8629 8628 8630 8529 8729
8630 8629 8631 8530 8730
8631 8630 8632 8531 8731
8632 8631 8633 8532 8732
8633 8632 8634 8533 8733
8634 8633 8635 8534 8734
8635 8634 8636 8535 8735
8636 8635 8637 8536 8736
8637 8636 8638 8537 8737
8638 8637 8639 8538 8738
8639 8638 8640 8539 8739
8640 8639 8641 8540 8740
8641 8640 8642 8541 8741
8642 8641 8643 8542 8742
8643 8642 8644 8543 8743
8644 8643 8645 8544 8744
8645 8644 8646 8545 8745
8646 8645 8647 8546 8746
8647 8646 8648 8547 8747
8648 8647 8649 8548 8748
8649 8648 8650 8549 8749
8650 8649 8651 8550 8750
8651 8650 8652 8551 8751
8652 8651 8653 8552 8752
8653 8652 8654 8553 8753
8654 8653 8655 8554 8754
8655 8654 8656 8555 8755
8656 8655 8657 8556 8756
8657 8656 8658 8557 8757
8658 8657 8659 8558 8758
8659 8658 8660 8559 8759
8660 8659 8661 8560 8760
8661 8660 8662 8561 8761
8662 8661 8663 8562 8762
8663 8662 8664 8563 8763
8664 8663 8665 8564 8764
8665 8664 8666 8565 8765
8666 8665 8667 8566 8766
8667 8666 8668 8567 8767
8668 8667 8669 8568 8768
8669 8668 8670 8569 8769
8670 8669 8671 8570 8770
8671 8670 8672 8571 8771
8672 8671 8673 8572 8772
8673 8672 8674 8573 8773
8674 8673 8675 8574 8774
8675 8674 8676 8575 8775
8676 8675 8677 8576 8776
8677 8676 8678 8577 8777
8678 8677 8679 8578 8778
8679 8678 8680 8579 8779
8680 8679 8681 8580 8780
8681 8680 8682 8581 8781
8682 8681 8683 8582 8782
8683 8682 8684 8583 8783
8684 8683 8685 8584 8784
8685 8684 8686 8585 8785
8686 8685 8687 8586 8786
8687 8686 8688 8587 8787
8688 8687 8689 8588 8788
8689 8688 8690 8589 8789
8690 8689 8691 8590 8790
8691 8690 8692 8591 8791
8692 8691 8693 8592 8792
8693 8692 8694 8593 8793
8694 8693 8695 8594 8794
8695 8694 8696 8595 8795
8696 8695 8697 8596 8796
8697 8696 8698 8597 8797
8698 8697 8699 8598 8798
8699 8698 8600 8599 8799
8700 8799 8701 8600 8800
8701 8700 8702 8601 8801
8702 8701 8703 8602 8802
8703 8702 8704 8603 8803
8704 8703 8705 8604 8804
8705 8704 8706 8605 8805
8706 8705 8707 8606 8806
8707 8706 8708 8607 8807
8708 8707 8709 8608 8808
8709 8708 8710 8609 8809
8710 8709 8711 8610 8810
8711 8710 8712 8611 8811
8712 8711 8713 8612 8812
8713 8712 8714 8613 8813
8714 8713 8715 8614 8814
8715 8714 8716 8615 8815
8716 8715 8717 8616 8816
8717 8716 8718 8617 8817
8718 8717 8719 8618 8818
8719 8718 8720 8619 8819
8720 8719 8721 8620 8820
8721 8720 8722 8621 8821
8722 8721 8723 8622 8822
8723 8722 8724 8623 8823
8724 8723 8725 8624 8824
8725 8724 8726 8625 8825
8726 8725 8727 8626 8826
8727 8726 8728 8627 8827
8728 8727 8729 8628 8828
8729 8728 8730 8629 8829
8730 8729 8731 8630 8830
8731 8730 8732 8631 8831
8732 8731 8733 8632 8832
8733 8732 8734 8633 8833
8734 8733 8735 8634 8834
8735 8734 8736 8635 8835
8736 8735 8737 8636 8836
8737 8736 8738 8637 8837
8738 8737 8739 8638 8838
8739 8738 8740 8639 8839
8740 8739 8741 8640 8840
8741 8740 8742 8641 8841
8742 8741 8743 8642 8842
8743 8742 8744 8643 8843
8744 8743 8745 8644 8844
8745 8744 8746 8645 8845
8746 8745 8747 8646 8846
8747 8746 8748 8647 8847
8748 8747 8749 8648 8848
8749 8748 8750 8649 8849
8750 8749 8751 8650 8850
8751 8750 8752 8651 8851
8752 8751 8753 8652 8852
8753 8752 8754 8653 8853
8754 8753 8755 8654 8854
8755 8754 8756 8655 8855
8756 8755 8757 8656 8856
8757 8756 8758 8657 8857
8758 8757 8759 8658 8858
8759 8758 8760 8659 8859
8760 8759 8761 8660 8860
8761 8760 8762 8661 8861
8762 8761 8763 8662 8862
8763 8762 8764 8663 8863
8764 8763 8765 8664 8864
8765 8764 8766 8665 8865
8766 8765 8767 8666 8866
8767 8766 8768 8667 8867
8768 8767 8769 8668 8868
8769 8768 8770 8669 8869
8770 8769 8771 8670 8870
8771 8770 8772 8671 8871
8772 8771 8773 8672 8872
8773 8772 8774 8673 8873
8774 8773 8775 8674 8874
8775 8774 8776 8675 8875
8776 8775 8777 8676 8876
8777 8776 8778 8677 8877
8778 8777 8779 8678 8878
8779 8778 8780 8679 8879
8780 8779 8781 8680 8880
8781 8780 8782 8681 8881
8782 8781 8783 8682 8882
8783 8782 8784 8683 8883
8784 8783 8785 8684 8884
8785 8784 8786 8685 8885
8786 8785 8787 8686 8886
8787 8786 8788 8687 8887
8788 8787 8789 8688 8888
8789 8788 8790 8689 8889
8790 8789 8791 8690 8890
8791 8790 8792 8691 8891
8792 8791 8793 8692 8892
8793 8792 8794 8693 8893
8794 8793 8795 8694 8894
8795 8794 8796 8695 8895
8796 8795 8797 8696 8896
8797 8796 8798 8697 8897
8798 8797 8799 8698 8898
8799 8798 8700 8699 8899
8800 8899 8801 8700 8900
8801 8800 8802 8701 8901
8802 8801 8803 8702 8902
8803 8802 8804 8703 8903
8804 8803 8805 8704 8904
8805 8804 8806 8705 8905
8806 8805 8807 8706 8906
8807 8806 8808 8707 8907
8808 8807 8809 8708 8908
8809 8808 8810 8709 8909
8810 8809 8811 8710 8910
8811 8810 8812 8711 8911
8812 8811 8813 8712 8912
8813 8812 8814 8713 8913
8814 8813 8815 8714 8914
8815 8814 8816 8715 8915
8816 8815 8817 8716 8916
8817 8816 8818 8717 8917
8818 8817 8819 8718 8918
8819 8818 8820 8719 8919
8820 8819 8821 8720 8920
8821 8820 8822 8721 8921
8822 8821 8823 8722 8922
8823 8822 8824 8723 8923
8824 8823 8825 8724 8924
8825 8824 8826 8725 8925
8826 8825 8827 8726 8926
8827 8826 8828 8727 8927
8828 8827 8829 8728 8928
8829 8828 8830 8729 8929
8830 8829 8831 8730 8930
8831 8830 8832 8731 8931
8832 8831 8833 8732 8932
8833 8832 8834 8733 8933
8834 8833 8835 8734 8934
8835 8834 8836 8735 8935
8836 8835 8837 8736 8936
8837 8836 8838 8737 8937
8838 8837 8839 8738 8938
8839 8838 8840 8739 8939
8840 8839 8841 8740 8940
8841 8840 8842 8741 8941
8842 8841 8843 8742 8942
8843 8842 8844 8743 8943
8844 8843 8845 8744 8944
8845 8844 8846 8745 8945
8846 8845 8847 8746 8946
8847 8846 8848 8747 8947
8848 8847 8849 8748 8948
8849 8848 8850 8749 8949
8850 8849 8851 8750 8950
8851 8850 8852 8751 8951
8852 8851 8853 8752 8952
8853 8852 8854 8753 8953
8854 8853 8855 8754 8954
8855 8854 8856 8755 8955
8856 8855 8857 8756 8956
8857 8856 8858 8757 8957
8858 8857 8859 8758 8958
8859 8858 8860 8759 8959
8860 8859 8861 8760 8960
8861 8860 8862 8761 8961
8862 8861 8863 8762 8962
8863 8862 8864 8763 8963
8864 8863 8865 8764 8964
8865 8864 8866 8765 8965
8866 8865 8867 8766 8966
8867 8866 8868 8767 8967
8868 8867 8869 8768 8968
8869 8868 8870 8769 8969
8870 8869 8871 8770 8970
8871 8870 8872 8771 8971
8872 8871 8873 8772 8972
8873 8872 8874 8773 8973
8874 8873 8875 8774 8974
8875 8874 8876 8775 8975
8876 8875 8877 8776 8976
8877 8876 8878 8777 8977
8878 8877 8879 8778 8978
8879 8878 8880 8779 8979
8880 8879 8881 8780 8980
8881 8880 8882 8781 8981
8882 8881 8883 8782 8982
8883 8882 8884 8783 8983
8884 8883 8885 8784 8984
8885 8884 8886 8785 8985
8886 8885 8887 8786 8986
8887 8886 8888 8787 8987
8888 8887 8889 8788 8988
8889 8888 8890 8789 8989
8890 8889 8891 8790 8990
8891 8890 8892 8791 8991
8892 8891 8893 8792 8992
8893 8892 8894 8793 8993
8894 8893 8895 8794 8994
8895 8894 8896 8795 8995
8896 8895 8897 8796 8996
8897 8896 8898 8797 8997
8898 8897 8899 8798 8998
8899 8898 8800 8799 8999
8900 8999 8901 8800 9000
8901 8900 8902 8801 9001
8902 8901 8903 8802 9002
8903 8902 8904 8803 9003
8904 8903 8905 8804 9004
8905 8904 8906 8805 9005
8906 8905 8907 8806 9006
8907 8906 8908 8807 9007
8908 8907 8909 8808 9008
8909 8908 8910 8809 9009
8910 8909 8911 8810 9010
8911 8910 8912 8811 9011
8912 8911 8913 8812 9012
8913 8912 8914 8813 9013
8914 8913 8915 8814 9014
8915 8914 8916 8815 9015
8916 8915 8917 8816 9016
8917 8916 8918 8817 9017
8918 8917 8919 8818 9018
8919 8918 8920 8819 9019
8920 8919 8921 8820 9020
8921 8920 8922 8821 9021
8922 8921 8923 8822 9022
8923 8922 8924 8823 9023
8924 8923 8925 8824 9024
8925 8924 8926 8825 9025
8926 8925 8927 8826 9026
8927 8926 8928 8827 9027
8928 8927 8929 8828 9028
8929 8928 8930 8829 9029
8930 8929 8931 8830 9030
8931 8930 8932 8831 9031
8932 8931 8933 8832 9032
8933 8932 8934 8833 9033
8934 8933 8935 8834 9034
8935 8934 8936 8835 9035
8936 8935 8937 8836 9036
8937 8936 8938 8837 9037
8938 8937 8939 8838 9038
8939 8938 8940 8839 9039
8940 8939 8941 8840 9040
8941 8940 8942 8841 9041
8942 8941 8943 8842 9042
8943 8942 8944 8843 9043
8944 8943 8945 8844 9044
8945 8944 8946 8845 9045
8946 8945 8947 8846 9046
8947 8946 8948 8847 9047
8948 8947 8949 8848 9048
8949 8948 8950 8849 9049
8950 8949 8951 8850 9050
8951 8950 8952 8851 9051
8952 8951 8953 8852 9052
8953 8952 8954 8853 9053
8954 8953 8955 8854 9054
8955 8954 8956 8855 9055
8956 8955 8957 8856 9056
8957 8956 8958 8857 9057
8958 8957 8959 8858 9058
8959 8958 8960 8859 9059
8960 8959 8961 8860 9060
8961 8960 8962 8861 9061
8962 8961 8963 8862 9062
8963 8962 8964 8863 9063
8964 8963 8965 8864 9064
8965 8964 8966 8865 9065
8966 8965 8967 8866 9066
8967 8966 8968 8867 9067
8968 8967 8969 8868 9068
8969 8968 8970 8869 9069
8970 8969 8971 8870 9070
8971 8970 8972 8871 9071
8972 8971 8973 8872 9072
8973 8972 8974 8873 9073
8974 8973 8975 8874 9074
8975 8974 8976 8875 9075
8976 8975 8977 8876 9076
8977 8976 8978 8877 9077
8978 8977 8979 8878 9078
8979 8978 8980 8879 9079
8980 8979 8981 8880 9080
8981 8980 8982 8881 9081
8982 8981 8983 8882 9082
8983 8982 8984 8883 9083
8984 8983 8985 8884 9084
8985 8984 8986 8885 9085
8986 8985 8987 8886 9086
8987 8986 8988 8887 9087
8988 8987 8989 8888 9088
8989 8988 8990 8889 9089
8990 8989 8991 8890 9090
8991 8990 8992 8891 9091
8992 8991 8993 8892 9092
8993 8992 8994 8893 9093
8994 8993 8995 8894 9094
8995 8994 8996 8895 9095
8996 8995 8997 8896 9096
8997 8996 8998 8897 9097
8998 8997 8999 8898 9098
8999 8998 8900 8899 9099
9000 9099 9001 8900 9100
9001 9000 9002 8901 9101
9002 9001 9003 8902 9102
9003 9002 9004 8903 9103
9004 9003 9005 8904 9104
9005 9004 9006 8905 9105
9006 9005 9007 8906 9106
9007 9006 9008 8907 9107
9008 9007 9009 8908 9108
9009 9008 9010 8909 9109
9010 9009 9011 8910 9110
9011 9010 9012 8911 9111
9012 9011 9013 8912 9112
9013 9012 9014 8913 9113
9014 9013 9015 8914 9114
9015 9014 9016 8915 9115
9016 9015 9017 8916 9116
9017 9016 9018 8917 9117
9018 9017 9019 8918 9118
9019 9018 9020 8919 9119
9020 9019 9021 8920 9120
9021 9020 9022 8921 9121
9022 9021 9023 8922 9122
9023 9022 9024 8923 9123
9024 9023 9025 8924 9124
9025 9024 9026 8925 9125
9026 9025 9027 8926 9126
9027 9026 9028 8927 9127
9028 9027 9029 8928 9128
9029 9028 9030 8929 9129
9030 9029 9031 8930 9130
9031 9030 9032 8931 9131
9032 9031 9033 8932 9132
9033 9032 9034 8933 9133
9034 9033 9035 8934 9134
9035 9034 9036 8935 9135
9036 9035 9037 8936 9136
9037 9036 9038 8937 9137
9038 9037 9039 8938 9138
9039 9038 9040 8939 9139
9040 9039 9041 8940 9140
9041 9040 9042 8941 9141
9042 9041 9043 8942 9142
9043 9042 9044 8943 9143
9044 9043 9045 8944 9144
9045 9044 9046 8945 9145
9046 9045 9047 8946 9146
9047 9046 9048 8947 9147
9048 9047 9049 8948 9148
9049 9048 9050 8949 9149
9050 9049 9051 8950 9150
9051 9050 9052 8951 9151
9052 9051 9053 8952 9152
9053 9052 9054 8953 9153
9054 9053 9055 8954 9154
9055 9054 9056 8955 9155
9056 9055 9057 8956 9156
9057 9056 9058 8957 9157
9058 9057 9059 8958 9158
9059 9058 9060 8959 9159
9060 9059 9061 8960 9160
9061 9060 9062 8961 9161
9062 9061 9063 8962 9162
9063 9062 9064 8963 9163
9064 9063 9065 8964 9164
9065 9064 9066 8965 9165
9066 9065 9067 8966 9166
9067 9066 9068 8967 9167
9068 9067 9069 8968 9168
9069 9068 9070 8969 9169
9070 9069 9071 8970 9170
9071 9070 9072 8971 9171
9072 9071 9073 8972 9172
9073 9072 9074 8973 9173
9074 9073 9075 8974 9174
9075 9074 9076 8975 9175
9076 9075 9077 8976 9176
9077 9076 9078 8977 9177
9078 9077 9079 8978 9178
9079 9078 9080 8979 9179
9080 9079 9081 8980 9180
9081 9080 9082 8981 9181
9082 9081 9083 8982 9182
9083 9082 9084 8983 9183
9084 9083 9085 8984 9184
9085 9084 9086 8985 9185
9086 9085 9087 8986 9186
9087 9086 9088 8987 9187
9088 9087 9089 8988 9188
9089 9088 9090 8989 9189
9090 9089 9091 8990 9190
9091 9090 9092 8991 9191
9092 9091 9093 8992 9192
9093 9092 9094 8993 9193
9094 9093 9095 8994 9194
9095 9094 9096 8995 9195
9096 9095 9097 8996 9196
9097 9096 9098 8997 9197
9098 9097 9099 8998 9198
9099 9098 9000 8999 9199
9100 9199 9101 9000 9200
9101 9100 9102 9001 9201
9102 9101 9103 9002 9202
9103 9102 9104 9003 9203
9104 9103 9105 9004 9204
9105 9104 9106 9005 9205
9106 9105 9107 9006 9206
9107 9106 9108 9007 9207
9108 9107 9109 9008 9208
9109 9108 9110 9009 9209
9110 9109 9111 9010 9210
9111 9110 9112 9011 9211
9112 9111 9113 9012 9212
9113 9112 9114 9013 9213
9114 9113 9115 9014 9214
9115 9114 9116 9015 9215
9116 9115 9117 9016 9216
9117 9116 9118 9017 9217
9118 9117 9119 9018 9218
9119 9118 9120 9019 9219
9120 9119 9121 9020 9220
9121 9120 9122 9021 9221
9122 9121 9123 9022 9222
9123 9122 9124 9023 9223
9124 9123 9125 9024 9224
9125 9124 9126 9025 9225
9126 9125 9127 9026 9226
9127 9126 9128 9027 9227
9128 9127 9129 9028 9228
9129 9128 9130 9029 9229
9130 9129 9131 9030 9230
9131 9130 9132 9031 9231
9132 9131 9133 9032 9232
9133 9132 9134 9033 9233
9134 9133 9135 9034 9234
9135 9134 9136 9035 9235
9136 9135 9137 9036 9236
9137 9136 9138 9037 9237
9138 9137 9139 9038 9238
9139 9138 9140 9039 9239
9140 9139 9141 9040 9240
9141 9140 9142 9041 9241
9142 9141 9143 9042 9242
9143 9142 9144 9043 9243
9144 9143 9145 9044 9244
9145 9144 9146 9045 9245
9146 9145 9147 9046 9246
9147 9146 9148 9047 9247
9148 9147 9149 9048 9248
9149 9148 9150 9049 9249
9150 9149 9151 9050 9250
9151 9150 9152 9051 9251
9152 9151 9153 9052 9252
9153 9152 9154 9053 9253
9154 9153 9155 9054 9254
9155 9154 9156 9055 9255
9156 9155 9157 9056 9256
9157 9156 9158 9057 9257
9158 9157 9159 9058 9258
9159 9158 9160 9059 9259
9160 9159 9161 9060 9260
9161 9160 9162 9061 9261
9162 9161 9163 9062 9262
9163 9162 9164 9063 9263
9164 9163 9165 9064 9264
9165 9164 9166 9065 9265
9166 9165 9167 9066 9266
9167 9166 9168 9067 9267
9168 9167 9169 9068 9268
9169 9168 9170 9069 9269
9170 9169 9171 9070 9270
9171 9170 9172 9071 9271
9172 9171 9173 9072 9272
9173 9172 9174 9073 9273
9174 9173 9175 9074 9274
9175 9174 9176 9075 9275
9176 9175 9177 9076 9276
9177 9176 9178 9077 9277
9178 9177 9179 9078 9278
9179 9178 9180 9079 9279
9180 9179 9181 9080 9280
9181 9180 9182 9081 9281
9182 9181 9183 9082 9282
9183 9182 9184 9083 9283
9184 9183 9185 9084 9284
9185 9184 9186 9085 9285
9186 9185 9187 9086 9286
9187 9186 9188 9087 9287
9188 9187 9189 9088 9288
9189 9188 9190 9089 9289
9190 9189 9191 9090 9290
9191 9190 9192 9091 9291
9192 9191 9193 9092 9292
9193 9192 9194 9093 9293
9194 9193 9195 9094 9294
9195 9194 9196 9095 9295
9196 9195 9197 9096 9296
9197 9196 9198 9097 9297
9198 9197 9199 9098 9298
9199 9198 9100 9099 9299
9200 9299 9201 9100 9300
9201 9200 9202 9101 9301
9202 9201 9203 9102 9302
9203 9202 9204 9103 9303
9204 9203 9205 9104 9304
9205 9204 9206 9105 9305
9206 9205 9207 9106 9306
9207 9206 9208 9107 9307
9208 9207 9209 9108 9308
9209 9208 9210 9109 9309
9210 9209 9211 9110 9310
9211 9210 9212 9111 9311
9212 9211 9213 9112 9312
9213 9212 9214 9113 9313
9214 9213 9215 9114 9314
9215 9214 9216 9115 9315
9216 9215 9217 9116 9316
9217 9216 9218 9117 9317
9218 9217 9219 9118 9318
9219 9218 9220 9119 9319
9220 9219 9221 9120 9320
9221 9220 9222 9121 9321
9222 9221 9223 9122 9322
9223 9222 9224 9123 9323
9224 9223 9225 9124 9324
9225 9224 9226 9125 9325
9226 9225 9227 9126 9326
9227 9226 9228 9127 9327
9228 9227 9229 9128 9328
9229 9228 9230 9129 9329
9230 9229 9231 9130 9330
9231 9230 9232 9131 9331
9232 9231 9233 9132 9332
9233 9232 9234 9133 9333
9234 9233 9235 9134 9334
9235 9234 9236 9135 9335
9236 9235 9237 9136 9336
9237 9236 9238 9137 9337
9238 9237 9239 9138 9338
9239 9238 9240 9139 9339
9240 9239 9241 9140 9340
9241 9240 9242 9141 9341
9242 9241 9243 9142 9342
9243 9242 9244 9143 9343
9244 9243 9245 9144 9344
9245 9244 9246 9145 9345
9246 9245 9247 9146 9346
9247 9246 9248 9147 9347
9248 9247 9249 9148 9348
9249 9248 9250 9149 9349
9250 9249 9251 9150 9350
9251 9250 9252 9151 9351
9252 9251 9253 9152 9352
9253 9252 9254 9153 9353
9254 9253 9255 9154 9354
9255 9254 9256 9155 9355
9256 9255 9257 9156 9356
9257 9256 9258 9157 9357
9258 9257 9259 9158 9358
9259 9258 9260 9159 9359
9260 9259 9261 9160 9360
9261 9260 9262 9161 9361
9262 9261 9263 9162 9362
9263 9262 9264 9163 9363
9264 9263 9265 9164 9364
9265 9264 9266 9165 9365
9266 9265 9267 9166 9366
9267 9266 9268 9167 9367
9268 9267 9269 9168 9368
9269 9268 9270 9169 9369
9270 9269 9271 9170 9370
9271 9270 9272 9171 9371
9272 9271 9273 9172 9372
9273 9272 9274 9173 9373
9274 9273 9275 9174 9374
9275 9274 9276 9175 9375
9276 9275 9277 9176 9376
9277 9276 9278 9177 9377
9278 9277 9279 9178 9378
9279 9278 9280 9179 9379
9280 9279 9281 9180 9380
9281 9280 9282 9181 9381
9282 9281 9283 9182 9382
9283 9282 9284 9183 9383
9284 9283 9285 9184 9384
9285 9284 9286 9185 9385
9286 9285 9287 9186 9386
9287 9286 9288 9187 9387
9288 9287 9289 9188 9388
9289 9288 9290 9189 9389
9290 9289 9291 9190 9390
9291 9290 9292 9191 9391
9292 9291 9293 9192 9392
9293 9292 9294 9193 9393
9294 9293 9295 9194 9394
9295 9294 9296 9195 9395
9296 9295 9297 9196 9396
9297 9296 9298 9197 9397
9298 9297 9299 9198 9398
9299 9298 9200 9199 9399
9300 9399 9301 9200 9400
9301 9300 9302 9201 9401
9302 9301 9303 9202 9402
9303 9302 9304 9203 9403
9304 9303 9305 9204 9404
9305 9304 9306 9205 9405
9306 9305 9307 9206 9406
9307 9306 9308 9207 9407
9308 9307 9309 9208 9408
9309 9308 9310 9209 9409
9310 9309 9311 9210 9410
9311 9310 9312 9211 9411
9312 9311 9313 9212 9412
9313 9312 9314 9213 9413
9314 9313 9315 9214 9414
9315 9314 9316 9215 9415
9316 9315 9317 9216 9416
9317 9316 9318 9217 9417
9318 9317 9319 9218 9418
9319 9318 9320 9219 9419
9320 9319 9321 9220 9420
9321 9320 9322 9221 9421
9322 9321 9323 9222 9422
9323 9322 9324 9223 9423
9324 9323 9325 9224 9424
9325 9324 9326 9225 9425
9326 9325 9327 9226 9426
9327 9326 9328 9227 9427
9328 9327 9329 9228 9428
9329 9328 9330 9229 9429
9330 9329 9331 9230 9430
9331 9330 9332 9231 9431
9332 9331 9333 9232 9432
9333 9332 9334 9233 9433
9334 9333 9335 9234 9434
9335 9334 9336 9235 9435
9336 9335 9337 9236 9436
9337 9336 9338 9237 9437
9338 9337 9339 9238 9438
9339 9338 9340 9239 9439
9340 9339 9341 9240 9440
9341 9340 9342 9241 9441
9342 9341 9343 9242 9442
9343 9342 9344 9243 9443
9344 9343 9345 9244 9444
9345 9344 9346 9245 9445
9346 9345 9347 9246 9446
9347 9346 9348 9247 9447
9348 9347 9349 9248 9448
9349 9348 9350 9249 9449
9350 9349 9351 9250 9450
9351 9350 9352 9251 9451
9352 9351 9353 9252 9452
9353 9352 9354 9253 9453
9354 9353 9355 9254 9454
9355 9354 9356 9255 9455
9356 9355 9357 9256 9456
9357 9356 9358 9257 9457
9358 9357 9359 9258 9458
9359 9358 9360 9259 9459
9360 9359 9361 9260 9460
9361 9360 9362 9261 9461
9362 9361 9363 9262 9462
9363 9362 9364 9263 9463
9364 9363 9365 9264 9464
9365 9364 9366 9265 9465
9366 9365 9367 9266 9466
9367 9366 9368 9267 9467
9368 9367 9369 9268 9468
9369 9368 9370 9269 9469
9370 9369 9371 9270 9470
9371 9370 9372 9271 9471
9372 9371 9373 9272 9472
9373 9372 9374 9273 9473
9374 9373 9375 9274 9474
9375 9374 9376 9275 9475
9376 9375 9377 9276 9476
9377 9376 9378 9277 9477
9378 9377 9379 9278 9478
9379 9378 9380 9279 9479
9380 9379 9381 9280 9480
9381 9380 9382 9281 9481
9382 9381 9383 9282 9482
9383 9382 9384 9283 9483
9384 9383 9385 9284 9484
9385 9384 9386 9285 9485
9386 9385 9387 9286 9486
9387 9386 9388 9287 9487
9388 9387 9389 9288 9488
9389 9388 9390 9289 9489
9390 9389 9391 9290 9490
9391 9390 9392 9291 9491
9392 9391 9393 9292 9492
9393 9392 9394 9293 9493
9394 9393 9395 9294 9494
9395 9394 9396 9295 9495
9396 9395 9397 9296 9496
9397 9396 9398 9297 9497
9398 9397 9399 9298 9498
9399 9398 9300 9299 9499
9400 9499 9401 9300 9500
9401 9400 9402 9301 9501
9402 9401 9403 9302 9502
9403 9402 9404 9303 9503
9404 9403 9405 9304 9504
9405 9404 9406 9305 9505
9406 9405 9407 9306 9506
9407 9406 9408 9307 9507
9408 9407 9409 9308 9508
9409 9408 9410 9309 9509
9410 9409 9411 9310 9510
9411 9410 9412 9311 9511
9412 9411 9413 9312 9512
9413 9412 9414 9313 9513
9414 9413 9415 9314 9514
9415 9414 9416 9315 9515
9416 9415 9417 9316 9516
9417 9416 9418 9317 9517
9418 9417 9419 9318 9518
9419 9418 9420 9319 9519
9420 9419 9421 9320 9520
9421 9420 9422 9321 9521
9422 9421 9423 9322 9522
9423 9422 9424 9323 9523
9424 9423 9425 9324 9524
9425 9424 9426 9325 9525
9426 9425 9427 9326 9526
9427 9426 9428 9327 9527
9428 9427 9429 9328 9528
9429 9428 9430 9329 9529
9430 9429 9431 9330 9530
9431 9430 9432 9331 9531
9432 9431 9433 9332 9532
9433 9432 9434 9333 9533
9434 9433 9435 9334 9534
9435 9434 9436 9335 9535
9436 9435 9437 9336 9536
9437 9436 9438 9337 9537
9438 9437 9439 9338 9538
9439 9438 9440 9339 9539
9440 9439 9441 9340 9540
9441 9440 9442 9341 9541
9442 9441 9443 9342 9542
9443 9442 9444 9343 9543
9444 9443 9445 9344 9544
9445 9444 9446 9345 9545
9446 9445 9447 9346 9546
9447 9446 9448 9347 9547
9448 9447 9449 9348 9548
9449 9448 9450 9349 9549
9450 9449 9451 9350 9550
9451 9450 9452 9351 9551
9452 9451 9453 9352 9552
9453 9452 9454 9353 9553
9454 9453 9455 9354 9554
9455 9454 9456 9355 9555
9456 9455 9457 9356 9556
9457 9456 9458 9357 9557
9458 9457 9459 9358 9558
9459 9458 9460 9359 9559
9460 9459 9461 9360 9560
9461 9460 9462 9361 9561
9462 9461 9463 9362 9562
9463 9462 9464 9363 9563
9464 9463 9465 9364 9564
9465 9464 9466 9365 9565
9466 9465 9467 9366 9566
9467 9466 9468 9367 9567
9468 9467 9469 9368 9568
9469 9468 9470 9369 9569
9470 9469 9471 9370 9570
9471 9470 9472 9371 9571
9472 9471 9473 9372 9572
9473 9472 9474 9373 9573
9474 9473 9475 9374 9574
9475 9474 9476 9375 9575
9476 9475 9477 9376 9576
9477 9476 9478 9377 9577
9478 9477 9479 9378 9578
9479 9478 9480 9379 9579
9480 9479 9481 9380 9580
9481 9480 9482 9381 9581
9482 9481 9483 9382 9582
9483 9482 9484 9383 9583
9484 9483 9485 9384 9584
9485 9484 9486 9385 9585
9486 9485 9487 9386 9586
9487 9486 9488 9387 9587
9488 9487 9489 9388 9588
9489 9488 9490 9389 9589
9490 9489 9491 9390 9590
9491 9490 9492 9391 9591
9492 9491 9493 9392 9592
9493 9492 9494 9393 9593
9494 9493 9495 9394 9594
9495 9494 9496 9395 9595
9496 9495 9497 9396 9596
9497 9496 9498 9397 9597
9498 9497 9499 9398 9598
9499 9498 9400 9399 9599
9500 9599 9501 9400 9600
9501 9500 9502 9401 9601
9502 9501 9503 9402 9602
9503 9502 9504 9403 9603
9504 9503 9505 9404 9604
9505 9504 9506 9405 9605
9506 9505 9507 9406 9606
9507 9506 9508 9407 9607
9508 9507 9509 9408 9608
9509 9508 9510 9409 9609
9510 9509 9511 9410 9610
9511 9510 9512 9411 9611
9512 9511 9513 9412 9612
9513 9512 9514 9413 9613
9514 9513 9515 9414 9614
9515 9514 9516 9415 9615
9516 9515 9517 9416 9616
9517 9516 9518 9417 9617
9518 9517 9519 9418 9618
9519 9518 9520 9419 9619
9520 9519 9521 9420 9620
9521 9520 9522 9421 9621
9522 9521 9523 9422 9622
9523 9522 9524 9423 9623
9524 9523 9525 9424 9624
9525 9524 9526 9425 9625
9526 9525 9527 9426 9626
9527 9526 9528 9427 9627
9528 9527 9529 9428 9628
9529 9528 9530 9429 9629
9530 9529 9531 9430 9630
9531 9530 9532 9431 9631
9532 9531 9533 9432 9632
9533 9532 9534 9433 9633
9534 9533 9535 9434 9634
9535 9534 9536 9435 9635
9536 9535 9537 9436 9636
9537 9536 9538 9437 9637
9538 9537 9539 9438 9638
9539 9538 9540 9439 9639
9540 9539 9541 9440 9640
9541 9540 9542 9441 9641
9542 9541 9543 9442 9642
9543 9542 9544 9443 9643
9544 9543 9545 9444 9644
9545 9544 9546 9445 9645
9546 9545 9547 9446 9646
9547 9546 9548 9447 9647
9548 9547 9549 9448 9648
9549 9548 9550 9449 9649
9550 9549 9551 9450 9650
9551 9550 9552 9451 9651
9552 9551 9553 9452 9652
9553 9552 9554 9453 9653
9554 9553 9555 9454 9654
9555 9554 9556 9455 9655
9556 9555 9557 9456 9656
9557 9556 9558 9457 9657
9558 9557 9559 9458 9658
9559 9558 9560 9459 9659
9560 9559 9561 9460 9660
9561 9560 9562 9461 9661
9562 9561 9563 9462 9662
9563 9562 9564 9463 9663
9564 9563 9565 9464 9664
9565 9564 9566 9465 9665
9566 9565 9567 9466 9666
9567 9566 9568 9467 9667
9568 9567 9569 9468 9668
9569 9568 9570 9469 9669
9570 9569 9571 9470 9670
9571 9570 9572 9471 9671
9572 9571 9573 9472 9672
9573 9572 9574 9473 9673
9574 9573 9575 9474 9674
9575 9574 9576 9475 9675
9576 9575 9577 9476 9676
9577 9576 9578 9477 9677
9578 9577 9579 9478 9678
9579 9578 9580 9479 9679
9580 9579 9581 9480 9680
9581 9580 9582 9481 9681
9582 9581 9583 9482 9682
9583 9582 9584 9483 9683
9584 9583 9585 9484 9684
9585 9584 9586 9485 9685
9586 9585 9587 9486 9686
9587 9586 9588 9487 9687
9588 9587 9589 9488 9688
9589 9588 9590 9489 9689
9590 9589 9591 9490 9690
9591 9590 9592 9491 9691
9592 9591 9593 9492 9692
9593 9592 9594 9493 9693
9594 9593 9595 9494 9694
9595 9594 9596 9495 9695
9596 9595 9597 9496 9696
9597 9596 9598 9497 9697
9598 9597 9599 9498 9698
9599 9598 9500 9499 9699
9600 9699 9601 9500 9700
9601 9600 9602 9501 9701
9602 9601 9603 9502 9702
9603 9602 9604 9503 9703
9604 9603 9605 9504 9704
9605 9604 9606 9505 9705
9606 9605 9607 9506 9706
9607 9606 9608 9507 9707
9608 9607 9609 9508 9708
9609 9608 9610 9509 9709
9610 9609 9611 9510 9710
9611 9610 9612 9511 9711
9612 9611 9613 9512 9712
9613 9612 9614 9513 9713
9614 9613 9615 9514 9714
9615 9614 9616 9515 9715
9616 9615 9617 9516 9716
9617 9616 9618 9517 9717
9618 9617 9619 9518 9718
9619 9618 9620 9519 9719
9620 9619 9621 9520 9720
9621 9620 9622 9521 9721
9622 9621 9623 9522 9722
9623 9622 9624 9523 9723
9624 9623 9625 9524 9724
9625 9624 9626 9525 9725
9626 9625 9627 9526 9726
9627 9626 9628 9527 9727
9628 9627 9629 9528 9728
9629 9628 9630 9529 9729
9630 9629 9631 9530 9730
9631 9630 9632 9531 9731
9632 9631 9633 9532 9732
9633 9632 9634 9533 9733
9634 9633 9635 9534 9734
9635 9634 9636 9535 9735
9636 9635 9637 9536 9736
9637 9636 9638 9537 9737
9638 9637 9639 9538 9738
9639 9638 9640 9539 9739
9640 9639 9641 9540 9740
9641 9640 9642 9541 9741
9642 9641 9643 9542 9742
9643 9642 9644 9543 9743
9644 9643 9645 9544 9744
9645 9644 9646 9545 9745
9646 9645 9647 9546 9746
9647 9646 9648 9547 9747
9648 9647 9649 9548 9748
9649 9648 9650 9549 9749
9650 9649 9651 9550 9750
9651 9650 9652 9551 9751
9652 9651 9653 9552 9752
9653 9652 9654 9553 9753
9654 9653 9655 9554 9754
9655 9654 9656 9555 9755
9656 9655 9657 9556 9756
9657 9656 9658 9557 9757
9658 9657 9659 9558 9758
9659 9658 9660 9559 9759
9660 9659 9661 9560 9760
9661 9660 9662 9561 9761
9662 9661 9663 9562 9762
9663 9662 9664 9563 9763
9664 9663 9665 9564 9764
9665 9664 9666 9565 9765
9666 9665 9667 9566 9766
9667 9666 9668 9567 9767
9668 9667 9669 9568 9768
9669 9668 9670 9569 9769
9670 9669 9671 9570 9770
9671 9670 9672 9571 9771
9672 9671 9673 9572 9772
9673 9672 9674 9573 9773
9674 9673 9675 9574 9774
9675 9674 9676 9575 9775
9676 9675 9677 9576 9776
9677 9676 9678 9577 9777
9678 9677 9679 9578 9778
9679 9678 9680 9579 9779
9680 9679 9681 9580 9780
9681 9680 9682 9581 9781
9682 9681 9683 9582 9782
9683 9682 9684 9583 9783
9684 9683 9685 9584 9784
9685 9684 9686 9585 9785
9686 9685 9687 9586 9786
9687 9686 9688 9587 9787
9688 9687 9689 9588 9788
9689 9688 9690 9589 9789
9690 9689 9691 9590 9790
9691 9690 9692 9591 9791
9692 9691 9693 9592 9792
9693 9692 9694 9593 9793
9694 9693 9695 9594 9794
9695 9694 9696 9595 9795
9696 9695 9697 9596 9796
9697 9696 9698 9597 9797
9698 9697 9699 9598 9798
9699 9698 9600 9599 9799
9700 9799 9701 9600 9800
9701 9700 9702 9601 9801
9702 9701 9703 9602 9802
9703 9702 9704 9603 9803
9704 9703 9705 9604 9804
9705 9704 9706 9605 9805
9706 9705 9707 9606 9806
9707 9706 9708 9607 9807
9708 9707 9709 9608 9808
9709 9708 9710 9609 9809
9710 9709 9711 9610 9810
9711 9710 9712 9611 9811
9712 9711 9713 9612 9812
9713 9712 9714 9613 9813
9714 9713 9715 9614 9814
9715 9714 9716 9615 9815
9716 9715 9717 9616 9816
9717 9716 9718 9617 9817
9718 9717 9719 9618 9818
9719 9718 9720 9619 9819
9720 9719 9721 9620 9820
9721 9720 9722 9621 9821
9722 9721 9723 9622 9822
9723 9722 9724 9623 9823
9724 9723 9725 9624 9824
9725 9724 9726 9625 9825
9726 9725 9727 9626 9826
9727 9726 9728 9627 9827
9728 9727 9729 9628 9828
9729 9728 9730 9629 9829
9730 9729 9731 9630 9830
9731 9730 9732 9631 9831
9732 9731 9733 9632 9832
9733 9732 9734 9633 9833
9734 9733 9735 9634 9834
9735 9734 9736 9635 9835
9736 9735 9737 9636 9836
9737 9736 9738 9637 9837
9738 9737 9739 9638 9838
9739 9738 9740 9639 9839
9740 9739 9741 9640 9840
9741 9740 9742 9641 9841
9742 9741 9743 9642 9842
9743 9742 9744 9643 9843
9744 9743 9745 9644 9844
9745 9744 9746 9645 9845
9746 9745 9747 9646 9846
9747 9746 9748 9647 9847
9748 9747 9749 9648 9848
9749 9748 9750 9649 9849
9750 9749 9751 9650 9850
9751 9750 9752 9651 9851
9752 9751 9753 9652 9852
9753 9752 9754 9653 9853
9754 9753 9755 9654 9854
9755 9754 9756 9655 9855
9756 9755 9757 9656 9856
9757 9756 9758 9657 9857
9758 9757 9759 9658 9858
9759 9758 9760 9659 9859
9760 9759 9761 9660 9860
9761 9760 9762 9661 9861
9762 9761 9763 9662 9862
9763 9762 9764 9663 9863
9764 9763 9765 9664 9864
9765 9764 9766 9665 9865
9766 9765 9767 9666 9866
9767 9766 9768 9667 9867
9768 9767 9769 9668 9868
9769 9768 9770 9669 9869
9770 9769 9771 9670 9870
9771 9770 9772 9671 9871
9772 9771 9773 9672 9872
9773 9772 9774 9673 9873
9774 9773 9775 9674 9874
9775 9774 9776 9675 9875
9776 9775 9777 9676 9876
9777 9776 9778 9677 9877
9778 9777 9779 9678 9878
9779 9778 9780 9679 9879
9780 9779 9781 9680 9880
9781 9780 9782 9681 9881
9782 9781 9783 9682 9882
9783 9782 9784 9683 9883
9784 9783 9785 9684 9884
9785 9784 9786 9685 9885
9786 9785 9787 9686 9886
9787 9786 9788 9687 9887
9788 9787 9789 9688 9888
9789 9788 9790 9689 9889
9790 9789 9791 9690 9890
9791 9790 9792 9691 9891
9792 9791 9793 9692 9892
9793 9792 9794 9693 9893
9794 9793 9795 9694 9894
9795 9794 9796 9695 9895
9796 9795 9797 9696 9896
9797 9796 9798 9697 9897
9798 9797 9799 9698 9898
9799 9798 9700 9699 9899
9800 9899 9801 9700 9900
9801 9800 9802 9701 9901
9802 9801 9803 9702 9902
9803 9802 9804 9703 9903
9804 9803 9805 9704 9904
9805 9804 9806 9705 9905
9806 9805 9807 9706 9906
9807 9806 9808 9707 9907
9808 9807 9809 9708 9908
9809 9808 9810 9709 9909
9810 9809 9811 9710 9910
9811 9810 9812 9711 9911
9812 9811 9813 9712 9912
9813 9812 9814 9713 9913
9814 9813 9815 9714 9914
9815 9814 9816 9715 9915
9816 9815 9817 9716 9916
9817 9816 9818 9717 9917
9818 9817 9819 9718 9918
9819 9818 9820 9719 9919
9820 9819 9821 9720 9920
9821 9820 9822 9721 9921
9822 9821 9823 9722 9922
9823 9822 9824 9723 9923
9824 9823 9825 9724 9924
9825 9824 9826 9725 9925
9826 9825 9827 9726 9926
9827 9826 9828 9727 9927
9828 9827 9829 9728 9928
9829 9828 9830 9729 9929
9830 9829 9831 9730 9930
9831 9830 9832 9731 9931
9832 9831 9833 9732 9932
9833 9832 9834 9733 9933
9834 9833 9835 9734 9934
9835 9834 9836 9735 9935
9836 9835 9837 9736 9936
9837 9836 9838 9737 9937
9838 9837 9839 9738 9938
9839 9838 9840 9739 9939
9840 9839 9841 9740 9940
9841 9840 9842 9741 9941
9842 9841 9843 9742 9942
9843 9842 9844 9743 9943
9844 9843 9845 9744 9944
9845 9844 9846 9745 9945
9846 9845 9847 9746 9946
9847 9846 9848 9747 9947
9848 9847 9849 9748 9948
9849 9848 9850 9749 9949
9850 9849 9851 9750 9950
9851 9850 9852 9751 9951
9852 9851 9853 9752 9952
9853 9852 9854 9753 9953
9854 9853 9855 9754 9954
9855 9854 9856 9755 9955
9856 9855 9857 9756 9956
9857 9856 9858 9757 9957
9858 9857 9859 9758 9958
9859 9858 9860 9759 9959
9860 9859 9861 9760 9960
9861 9860 9862 9761 9961
9862 9861 9863 9762 9962
9863 9862 9864 9763 9963
9864 9863 9865 9764 9964
9865 9864 9866 9765 9965
9866 9865 9867 9766 9966
9867 9866 9868 9767 9967
9868 9867 9869 9768 9968
9869 9868 9870 9769 9969
9870 9869 9871 9770 9970
9871 9870 9872 9771 9971
9872 9871 9873 9772 9972
9873 9872 9874 9773 9973
9874 9873 9875 9774 9974
9875 9874 9876 9775 9975
9876 9875 9877 9776 9976
9877 9876 9878 9777 9977
9878 9877 9879 9778 9978
9879 9878 9880 9779 9979
9880 9879 9881 9780 9980
9881 9880 9882 9781 9981
9882 9881 9883 9782 9982
9883 9882 9884 9783 9983
9884 9883 9885 9784 9984
9885 9884 9886 9785 9985
9886 9885 9887 9786 9986
9887 9886 9888 9787 9987
9888 9887 9889 9788 9988
9889 9888 9890 9789 9989
9890 9889 9891 9790 9990
9891 9890 9892 9791 9991
9892 9891 9893 9792 9992
9893 9892 9894 9793 9993
9894 9893 9895 9794 9994
9895 9894 9896 9795 9995
9896 9895 9897 9796 9996
9897 9896 9898 9797 9997
9898 9897 9899 9798 9998
9899 9898 9800 9799 9999
9900 9999 9901 9800 0
9901 9900 9902 9801 1
9902 9901 9903 9802 2
9903 9902 9904 9803 3
9904 9903 9905 9804 4
9905 9904 9906 9805 5
9906 9905 9907 9806 6
9907 9906 9908 9807 7
9908 9907 9909 9808 8
9909 9908 9910 9809 9
9910 9909 9911 9810 10
9911 9910 9912 9811 11
9912 9911 9913 9812 12
9913 9912 9914 9813 13
9914 9913 9915 9814 14
9915 9914 9916 9815 15
9916 9915 9917 9816 16
9917 9916 9918 9817 17
9918 9917 9919 9818 18
9919 9918 9920 9819 19
9920 9919 9921 9820 20
9921 9920 9922 9821 21
9922 9921 9923 9822 22
9923 9922 9924 9823 23
9924 9923 9925 9824 24
9925 9924 9926 9825 25
9926 9925 9927 9826 26
9927 9926 9928 9827 27
9928 9927 9929 9828 28
9929 9928 9930 9829 29
9930 9929 9931 9830 30
9931 9930 9932 9831 31
9932 9931 9933 9832 32
9933 9932 9934 9833 33
9934 9933 9935 9834 34
9935 9934 9936 9835 35
9936 9935 9937 9836 36
9937 9936 9938 9837 37
9938 9937 9939 9838 38
9939 9938 9940 9839 39
9940 9939 9941 9840 40
9941 9940 9942 9841 41
9942 9941 9943 9842 42
9943 9942 9944 9843 43
9944 9943 9945 9844 44
9945 9944 9946 9845 45
9946 9945 9947 9846 46
9947 9946 9948 9847 47
9948 9947 9949 9848 48
9949 9948 9950 9849 49
9950 9949 9951 9850 50
9951 9950 9952 9851 51
9952 9951 9953 9852 52
9953 9952 9954 9853 53
9954 9953 9955 9854 54
9955 9954 9956 9855 55
9956 9955 9957 9856 56
9957 9956 9958 9857 57
9958 9957 9959 9858 58
9959 9958 9960 9859 59
9960 9959 9961 9860 60
9961 9960 9962 9861 61
9962 9961 9963 9862 62
9963 9962 9964 9863 63
9964 9963 9965 9864 64
9965 9964 9966 9865 65
9966 9965 9967 9866 66
9967 9966 9968 9867 67
9968 9967 9969 9868 68
9969 9968 9970 9869 69
9970 9969 9971 9870 70
9971 9970 9972 9871 71
9972 9971 9973 9872 72
9973 9972 9974 9873 73
9974 9973 9975 9874 74
9975 9974 9976 9875 75
9976 9975 9977 9876 76
9977 9976 9978 9877 77
9978 9977 9979 9878 78
9979 9978 9980 9879 79
9980 9979 9981 9880 80
9981 9980 9982 9881 81
9982 9981 9983 9882 82
9983 9982 9984 9883 83
9984 9983 9985 9884 84
9985 9984 9986 9885 85
9986 9985 9987 9886 86
9987 9986 9988 9887 87
9988 9987 9989 9888 88
9989 9988 9990 9889 89
9990 9989 9991 9890 90
9991 9990 9992 9891 91
9992 9991 9993 9892 92
9993 9992 9994 9893 93
9994 9993 9995 9894 94
9995 9994 9996 9895 95
9996 9995 9997 9896 96
9997 9996 9998 9897 97
9998 9997 9999 9898 98
9999 9998 9900 9899 99
